/mnt/tidal-alsh-hilab/dataset/diandian/user/liuhanzuo/indep-bench_assets/envs/vllm-cu129-v1/lib/python3.11/site-packages/torch/distributed/c10d_logger.py:83: UserWarning: barrier(): using the device under current context. You can specify `device_id` in `init_process_group` to mute this warning.
  return func(*args, **kwargs)
[rank0]:[W814 12:35:24.651727771 ProcessGroupNCCL.cpp:5188] Guessing device ID based on global rank. This can cause a hang if rank to GPU mapping is heterogeneous. You can specify device_id in init_process_group()
lshn-quicksilver-rbfi-17:488:488 [0] NCCL INFO ENV/Plugin: Could not find: libnccl-env.so
lshn-quicksilver-rbfi-17:488:488 [0] NCCL INFO NCCL_SOCKET_IFNAME set by environment to eth0
lshn-quicksilver-rbfi-17:488:488 [0] NCCL INFO Bootstrap: Using eth0:10.146.237.214<0>
lshn-quicksilver-rbfi-17:488:488 [0] NCCL INFO cudaDriverVersion 12090
lshn-quicksilver-rbfi-17:488:488 [0] NCCL INFO NCCL version 2.28.9+cuda12.9
lshn-quicksilver-rbfi-17:488:488 [0] NCCL INFO Comm config Blocking set to 1
lshn-quicksilver-rbfi-17:492:492 [4] NCCL INFO ENV/Plugin: Could not find: libnccl-env.so
lshn-quicksilver-rbfi-17:492:492 [4] NCCL INFO cudaDriverVersion 12090
lshn-quicksilver-rbfi-17:491:491 [3] NCCL INFO ENV/Plugin: Could not find: libnccl-env.so
lshn-quicksilver-rbfi-17:491:491 [3] NCCL INFO cudaDriverVersion 12090
lshn-quicksilver-rbfi-17:494:494 [6] NCCL INFO ENV/Plugin: Could not find: libnccl-env.so
lshn-quicksilver-rbfi-17:494:494 [6] NCCL INFO cudaDriverVersion 12090
lshn-quicksilver-rbfi-17:494:494 [6] NCCL INFO NCCL_SOCKET_IFNAME set by environment to eth0
lshn-quicksilver-rbfi-17:491:491 [3] NCCL INFO NCCL_SOCKET_IFNAME set by environment to eth0
lshn-quicksilver-rbfi-17:492:492 [4] NCCL INFO NCCL_SOCKET_IFNAME set by environment to eth0
lshn-quicksilver-rbfi-17:494:494 [6] NCCL INFO Bootstrap: Using eth0:10.146.237.214<0>
lshn-quicksilver-rbfi-17:492:492 [4] NCCL INFO Bootstrap: Using eth0:10.146.237.214<0>
lshn-quicksilver-rbfi-17:491:491 [3] NCCL INFO Bootstrap: Using eth0:10.146.237.214<0>
lshn-quicksilver-rbfi-17:494:494 [6] NCCL INFO NCCL version 2.28.9+cuda12.9
lshn-quicksilver-rbfi-17:492:492 [4] NCCL INFO NCCL version 2.28.9+cuda12.9
lshn-quicksilver-rbfi-17:491:491 [3] NCCL INFO NCCL version 2.28.9+cuda12.9
lshn-quicksilver-rbfi-17:495:495 [7] NCCL INFO ENV/Plugin: Could not find: libnccl-env.so
lshn-quicksilver-rbfi-17:495:495 [7] NCCL INFO cudaDriverVersion 12090
lshn-quicksilver-rbfi-17:495:495 [7] NCCL INFO NCCL_SOCKET_IFNAME set by environment to eth0
lshn-quicksilver-rbfi-17:494:494 [6] NCCL INFO Comm config Blocking set to 1
lshn-quicksilver-rbfi-17:495:495 [7] NCCL INFO Bootstrap: Using eth0:10.146.237.214<0>
lshn-quicksilver-rbfi-17:495:495 [7] NCCL INFO NCCL version 2.28.9+cuda12.9
lshn-quicksilver-rbfi-17:491:491 [3] NCCL INFO Comm config Blocking set to 1
lshn-quicksilver-rbfi-17:492:492 [4] NCCL INFO Comm config Blocking set to 1
lshn-quicksilver-rbfi-17:495:495 [7] NCCL INFO Comm config Blocking set to 1
lshn-quicksilver-rbfi-17:490:490 [2] NCCL INFO ENV/Plugin: Could not find: libnccl-env.so
lshn-quicksilver-rbfi-17:490:490 [2] NCCL INFO cudaDriverVersion 12090
lshn-quicksilver-rbfi-17:490:490 [2] NCCL INFO NCCL_SOCKET_IFNAME set by environment to eth0
lshn-quicksilver-rbfi-17:490:490 [2] NCCL INFO Bootstrap: Using eth0:10.146.237.214<0>
lshn-quicksilver-rbfi-17:490:490 [2] NCCL INFO NCCL version 2.28.9+cuda12.9
lshn-quicksilver-rbfi-17:489:489 [1] NCCL INFO ENV/Plugin: Could not find: libnccl-env.so
lshn-quicksilver-rbfi-17:489:489 [1] NCCL INFO cudaDriverVersion 12090
lshn-quicksilver-rbfi-17:489:489 [1] NCCL INFO NCCL_SOCKET_IFNAME set by environment to eth0
lshn-quicksilver-rbfi-17:490:490 [2] NCCL INFO Comm config Blocking set to 1
lshn-quicksilver-rbfi-17:489:489 [1] NCCL INFO Bootstrap: Using eth0:10.146.237.214<0>
lshn-quicksilver-rbfi-17:489:489 [1] NCCL INFO NCCL version 2.28.9+cuda12.9
lshn-quicksilver-rbfi-17:489:489 [1] NCCL INFO Comm config Blocking set to 1
lshn-quicksilver-rbfi-17:493:493 [5] NCCL INFO ENV/Plugin: Could not find: libnccl-env.so
lshn-quicksilver-rbfi-17:493:493 [5] NCCL INFO cudaDriverVersion 12090
lshn-quicksilver-rbfi-17:493:493 [5] NCCL INFO NCCL_SOCKET_IFNAME set by environment to eth0
lshn-quicksilver-rbfi-17:493:493 [5] NCCL INFO Bootstrap: Using eth0:10.146.237.214<0>
lshn-quicksilver-rbfi-17:493:493 [5] NCCL INFO NCCL version 2.28.9+cuda12.9
lshn-quicksilver-rbfi-17:493:493 [5] NCCL INFO Comm config Blocking set to 1
lshn-quicksilver-rbfi-17:492:492 [4] NCCL INFO NCCL_NET_PLUGIN set by environment to none
lshn-quicksilver-rbfi-17:491:491 [3] NCCL INFO NCCL_NET_PLUGIN set by environment to none
lshn-quicksilver-rbfi-17:490:490 [2] NCCL INFO NCCL_NET_PLUGIN set by environment to none
lshn-quicksilver-rbfi-17:494:494 [6] NCCL INFO NCCL_NET_PLUGIN set by environment to none
lshn-quicksilver-rbfi-17:493:493 [5] NCCL INFO NCCL_NET_PLUGIN set by environment to none
lshn-quicksilver-rbfi-17:489:489 [1] NCCL INFO NCCL_NET_PLUGIN set by environment to none
lshn-quicksilver-rbfi-17:495:495 [7] NCCL INFO NCCL_NET_PLUGIN set by environment to none
lshn-quicksilver-rbfi-17:492:492 [4] NCCL INFO NCCL_IB_DISABLE set by environment to 1.
lshn-quicksilver-rbfi-17:488:488 [0] NCCL INFO NCCL_NET_PLUGIN set by environment to none
lshn-quicksilver-rbfi-17:491:491 [3] NCCL INFO NCCL_IB_DISABLE set by environment to 1.
lshn-quicksilver-rbfi-17:494:494 [6] NCCL INFO NCCL_IB_DISABLE set by environment to 1.
lshn-quicksilver-rbfi-17:494:494 [6] NCCL INFO transport/net_ib.cc:852 -> 3
lshn-quicksilver-rbfi-17:489:489 [1] NCCL INFO NCCL_IB_DISABLE set by environment to 1.
lshn-quicksilver-rbfi-17:489:489 [1] NCCL INFO transport/net_ib.cc:852 -> 3
lshn-quicksilver-rbfi-17:493:493 [5] NCCL INFO NCCL_IB_DISABLE set by environment to 1.
lshn-quicksilver-rbfi-17:493:493 [5] NCCL INFO transport/net_ib.cc:852 -> 3
lshn-quicksilver-rbfi-17:490:490 [2] NCCL INFO NCCL_IB_DISABLE set by environment to 1.
lshn-quicksilver-rbfi-17:492:492 [4] NCCL INFO transport/net_ib.cc:852 -> 3
lshn-quicksilver-rbfi-17:492:492 [4] NCCL INFO Failed to initialize NET plugin IB
lshn-quicksilver-rbfi-17:495:495 [7] NCCL INFO NCCL_IB_DISABLE set by environment to 1.
lshn-quicksilver-rbfi-17:495:495 [7] NCCL INFO transport/net_ib.cc:852 -> 3
lshn-quicksilver-rbfi-17:491:491 [3] NCCL INFO transport/net_ib.cc:852 -> 3
lshn-quicksilver-rbfi-17:491:491 [3] NCCL INFO Failed to initialize NET plugin IB
lshn-quicksilver-rbfi-17:488:488 [0] NCCL INFO NCCL_IB_DISABLE set by environment to 1.
lshn-quicksilver-rbfi-17:494:494 [6] NCCL INFO Failed to initialize NET plugin IB
lshn-quicksilver-rbfi-17:489:489 [1] NCCL INFO Failed to initialize NET plugin IB
lshn-quicksilver-rbfi-17:493:493 [5] NCCL INFO Failed to initialize NET plugin IB
lshn-quicksilver-rbfi-17:490:490 [2] NCCL INFO transport/net_ib.cc:852 -> 3
lshn-quicksilver-rbfi-17:490:490 [2] NCCL INFO Failed to initialize NET plugin IB
lshn-quicksilver-rbfi-17:492:492 [4] NCCL INFO NCCL_SOCKET_IFNAME set by environment to eth0
lshn-quicksilver-rbfi-17:495:495 [7] NCCL INFO Failed to initialize NET plugin IB
lshn-quicksilver-rbfi-17:491:491 [3] NCCL INFO NCCL_SOCKET_IFNAME set by environment to eth0
lshn-quicksilver-rbfi-17:488:488 [0] NCCL INFO transport/net_ib.cc:852 -> 3
lshn-quicksilver-rbfi-17:488:488 [0] NCCL INFO Failed to initialize NET plugin IB
lshn-quicksilver-rbfi-17:494:494 [6] NCCL INFO NCCL_SOCKET_IFNAME set by environment to eth0
lshn-quicksilver-rbfi-17:489:489 [1] NCCL INFO NCCL_SOCKET_IFNAME set by environment to eth0
lshn-quicksilver-rbfi-17:493:493 [5] NCCL INFO NCCL_SOCKET_IFNAME set by environment to eth0
lshn-quicksilver-rbfi-17:490:490 [2] NCCL INFO NCCL_SOCKET_IFNAME set by environment to eth0
lshn-quicksilver-rbfi-17:495:495 [7] NCCL INFO NCCL_SOCKET_IFNAME set by environment to eth0
lshn-quicksilver-rbfi-17:488:488 [0] NCCL INFO NCCL_SOCKET_IFNAME set by environment to eth0
lshn-quicksilver-rbfi-17:492:492 [4] NCCL INFO NET/Socket : Using [0]eth0:10.146.237.214<0>
lshn-quicksilver-rbfi-17:492:492 [4] NCCL INFO Initialized NET plugin Socket
lshn-quicksilver-rbfi-17:492:492 [4] NCCL INFO Assigned NET plugin Socket to comm
lshn-quicksilver-rbfi-17:492:492 [4] NCCL INFO Using network Socket
lshn-quicksilver-rbfi-17:491:491 [3] NCCL INFO NET/Socket : Using [0]eth0:10.146.237.214<0>
lshn-quicksilver-rbfi-17:491:491 [3] NCCL INFO Initialized NET plugin Socket
lshn-quicksilver-rbfi-17:494:494 [6] NCCL INFO NET/Socket : Using [0]eth0:10.146.237.214<0>
lshn-quicksilver-rbfi-17:494:494 [6] NCCL INFO Initialized NET plugin Socket
lshn-quicksilver-rbfi-17:488:488 [0] NCCL INFO NET/Socket : Using [0]eth0:10.146.237.214<0>
lshn-quicksilver-rbfi-17:488:488 [0] NCCL INFO Initialized NET plugin Socket
lshn-quicksilver-rbfi-17:493:493 [5] NCCL INFO NET/Socket : Using [0]eth0:10.146.237.214<0>
lshn-quicksilver-rbfi-17:493:493 [5] NCCL INFO Initialized NET plugin Socket
lshn-quicksilver-rbfi-17:489:489 [1] NCCL INFO NET/Socket : Using [0]eth0:10.146.237.214<0>
lshn-quicksilver-rbfi-17:489:489 [1] NCCL INFO Initialized NET plugin Socket
lshn-quicksilver-rbfi-17:490:490 [2] NCCL INFO NET/Socket : Using [0]eth0:10.146.237.214<0>
lshn-quicksilver-rbfi-17:490:490 [2] NCCL INFO Initialized NET plugin Socket
lshn-quicksilver-rbfi-17:495:495 [7] NCCL INFO NET/Socket : Using [0]eth0:10.146.237.214<0>
lshn-quicksilver-rbfi-17:490:490 [2] NCCL INFO Assigned NET plugin Socket to comm
lshn-quicksilver-rbfi-17:491:491 [3] NCCL INFO Assigned NET plugin Socket to comm
lshn-quicksilver-rbfi-17:491:491 [3] NCCL INFO Using network Socket
lshn-quicksilver-rbfi-17:494:494 [6] NCCL INFO Assigned NET plugin Socket to comm
lshn-quicksilver-rbfi-17:494:494 [6] NCCL INFO Using network Socket
lshn-quicksilver-rbfi-17:488:488 [0] NCCL INFO Assigned NET plugin Socket to comm
lshn-quicksilver-rbfi-17:493:493 [5] NCCL INFO Assigned NET plugin Socket to comm
lshn-quicksilver-rbfi-17:488:488 [0] NCCL INFO Using network Socket
lshn-quicksilver-rbfi-17:489:489 [1] NCCL INFO Assigned NET plugin Socket to comm
lshn-quicksilver-rbfi-17:489:489 [1] NCCL INFO Using network Socket
lshn-quicksilver-rbfi-17:495:495 [7] NCCL INFO Initialized NET plugin Socket
lshn-quicksilver-rbfi-17:490:490 [2] NCCL INFO Using network Socket
lshn-quicksilver-rbfi-17:493:493 [5] NCCL INFO Using network Socket
lshn-quicksilver-rbfi-17:495:495 [7] NCCL INFO Assigned NET plugin Socket to comm
lshn-quicksilver-rbfi-17:495:495 [7] NCCL INFO Using network Socket
lshn-quicksilver-rbfi-17:491:491 [3] NCCL INFO ncclCommInitRankConfig comm 0xaf46320 rank 3 nranks 8 cudaDev 3 nvmlDev 3 busId c6000 commId 0x8e87c784e7cf7fff - Init START
lshn-quicksilver-rbfi-17:494:494 [6] NCCL INFO ncclCommInitRankConfig comm 0xa94c7d0 rank 6 nranks 8 cudaDev 6 nvmlDev 6 busId 1a3000 commId 0x8e87c784e7cf7fff - Init START
lshn-quicksilver-rbfi-17:492:492 [4] NCCL INFO ncclCommInitRankConfig comm 0xa1e0980 rank 4 nranks 8 cudaDev 4 nvmlDev 4 busId 109000 commId 0x8e87c784e7cf7fff - Init START
lshn-quicksilver-rbfi-17:493:493 [5] NCCL INFO ncclCommInitRankConfig comm 0xaf169f0 rank 5 nranks 8 cudaDev 5 nvmlDev 5 busId 17f000 commId 0x8e87c784e7cf7fff - Init START
lshn-quicksilver-rbfi-17:488:488 [0] NCCL INFO ncclCommInitRankConfig comm 0xaec5050 rank 0 nranks 8 cudaDev 0 nvmlDev 0 busId 8000 commId 0x8e87c784e7cf7fff - Init START
lshn-quicksilver-rbfi-17:492:492 [4] NCCL INFO RAS client listening socket at ::1<28028>
lshn-quicksilver-rbfi-17:493:493 [5] NCCL INFO RAS client listening socket at ::1<28028>
lshn-quicksilver-rbfi-17:489:489 [1] NCCL INFO ncclCommInitRankConfig comm 0xb1eb380 rank 1 nranks 8 cudaDev 1 nvmlDev 1 busId 7e000 commId 0x8e87c784e7cf7fff - Init START
lshn-quicksilver-rbfi-17:490:490 [2] NCCL INFO ncclCommInitRankConfig comm 0xa32eb00 rank 2 nranks 8 cudaDev 2 nvmlDev 2 busId a2000 commId 0x8e87c784e7cf7fff - Init START
lshn-quicksilver-rbfi-17:489:489 [1] NCCL INFO RAS client listening socket at ::1<28028>
lshn-quicksilver-rbfi-17:490:490 [2] NCCL INFO RAS client listening socket at ::1<28028>
lshn-quicksilver-rbfi-17:491:491 [3] NCCL INFO RAS client listening socket at ::1<28028>
lshn-quicksilver-rbfi-17:495:495 [7] NCCL INFO ncclCommInitRankConfig comm 0xa202800 rank 7 nranks 8 cudaDev 7 nvmlDev 7 busId 1c7000 commId 0x8e87c784e7cf7fff - Init START
lshn-quicksilver-rbfi-17:494:494 [6] NCCL INFO RAS client listening socket at ::1<28028>
lshn-quicksilver-rbfi-17:495:495 [7] NCCL INFO RAS client listening socket at ::1<28028>
lshn-quicksilver-rbfi-17:488:488 [0] NCCL INFO RAS client listening socket at ::1<28028>
lshn-quicksilver-rbfi-17:495:495 [7] NCCL INFO Bootstrap timings total 0.000894 (create 0.000025, send 0.000092, recv 0.000083, ring 0.000132, delay 0.000000)
lshn-quicksilver-rbfi-17:493:493 [5] NCCL INFO Bootstrap timings total 0.005555 (create 0.000030, send 0.000109, recv 0.000183, ring 0.004584, delay 0.000001)
lshn-quicksilver-rbfi-17:494:494 [6] NCCL INFO Bootstrap timings total 0.010991 (create 0.000033, send 0.000096, recv 0.010146, ring 0.000180, delay 0.000000)
lshn-quicksilver-rbfi-17:491:491 [3] NCCL INFO Bootstrap timings total 0.011434 (create 0.000032, send 0.000091, recv 0.003617, ring 0.001694, delay 0.000000)
lshn-quicksilver-rbfi-17:490:490 [2] NCCL INFO Bootstrap timings total 0.002260 (create 0.000032, send 0.000094, recv 0.000114, ring 0.001723, delay 0.000000)
lshn-quicksilver-rbfi-17:489:489 [1] NCCL INFO Bootstrap timings total 0.002701 (create 0.000033, send 0.000080, recv 0.000506, ring 0.001493, delay 0.000000)
lshn-quicksilver-rbfi-17:488:488 [0] NCCL INFO Bootstrap timings total 0.005233 (create 0.000019, send 0.000095, recv 0.002605, ring 0.000351, delay 0.000001)
lshn-quicksilver-rbfi-17:492:492 [4] NCCL INFO Bootstrap timings total 0.007925 (create 0.000031, send 0.000101, recv 0.002505, ring 0.004441, delay 0.000000)
lshn-quicksilver-rbfi-17:495:495 [7] NCCL INFO MNNVL busId 0x1c7000 fabric UUID 0.0 cliqueId 0x0 state 3 healthMask 0x0
lshn-quicksilver-rbfi-17:491:491 [3] NCCL INFO MNNVL busId 0xc6000 fabric UUID 0.0 cliqueId 0x0 state 3 healthMask 0x0
lshn-quicksilver-rbfi-17:488:488 [0] NCCL INFO MNNVL busId 0x8000 fabric UUID 0.0 cliqueId 0x0 state 3 healthMask 0x0
lshn-quicksilver-rbfi-17:492:492 [4] NCCL INFO MNNVL busId 0x109000 fabric UUID 0.0 cliqueId 0x0 state 3 healthMask 0x0
lshn-quicksilver-rbfi-17:493:493 [5] NCCL INFO MNNVL busId 0x17f000 fabric UUID 0.0 cliqueId 0x0 state 3 healthMask 0x0
lshn-quicksilver-rbfi-17:490:490 [2] NCCL INFO MNNVL busId 0xa2000 fabric UUID 0.0 cliqueId 0x0 state 3 healthMask 0x0
lshn-quicksilver-rbfi-17:489:489 [1] NCCL INFO MNNVL busId 0x7e000 fabric UUID 0.0 cliqueId 0x0 state 3 healthMask 0x0
lshn-quicksilver-rbfi-17:494:494 [6] NCCL INFO MNNVL busId 0x1a3000 fabric UUID 0.0 cliqueId 0x0 state 3 healthMask 0x0
lshn-quicksilver-rbfi-17:493:493 [5] NCCL INFO ncclTopoGetCpuAffinity: Affinity for GPU 5 is 48-95,144-191. (GPU affinity = 48-95,144-191 ; CPU affinity = 0-191).
lshn-quicksilver-rbfi-17:493:493 [5] NCCL INFO NCCL_NVLS_ENABLE set by environment to 0.
lshn-quicksilver-rbfi-17:495:495 [7] NCCL INFO ncclTopoGetCpuAffinity: Affinity for GPU 7 is 48-95,144-191. (GPU affinity = 48-95,144-191 ; CPU affinity = 0-191).
lshn-quicksilver-rbfi-17:494:494 [6] NCCL INFO ncclTopoGetCpuAffinity: Affinity for GPU 6 is 48-95,144-191. (GPU affinity = 48-95,144-191 ; CPU affinity = 0-191).
lshn-quicksilver-rbfi-17:494:494 [6] NCCL INFO NCCL_NVLS_ENABLE set by environment to 0.
lshn-quicksilver-rbfi-17:495:495 [7] NCCL INFO NCCL_NVLS_ENABLE set by environment to 0.
lshn-quicksilver-rbfi-17:488:488 [0] NCCL INFO ncclTopoGetCpuAffinity: Affinity for GPU 0 is 0-47,96-143. (GPU affinity = 0-47,96-143 ; CPU affinity = 0-191).
lshn-quicksilver-rbfi-17:492:492 [4] NCCL INFO ncclTopoGetCpuAffinity: Affinity for GPU 4 is 48-95,144-191. (GPU affinity = 48-95,144-191 ; CPU affinity = 0-191).
lshn-quicksilver-rbfi-17:488:488 [0] NCCL INFO NCCL_NVLS_ENABLE set by environment to 0.
lshn-quicksilver-rbfi-17:492:492 [4] NCCL INFO NCCL_NVLS_ENABLE set by environment to 0.
lshn-quicksilver-rbfi-17:491:491 [3] NCCL INFO ncclTopoGetCpuAffinity: Affinity for GPU 3 is 0-47,96-143. (GPU affinity = 0-47,96-143 ; CPU affinity = 0-191).
lshn-quicksilver-rbfi-17:491:491 [3] NCCL INFO NCCL_NVLS_ENABLE set by environment to 0.
lshn-quicksilver-rbfi-17:490:490 [2] NCCL INFO ncclTopoGetCpuAffinity: Affinity for GPU 2 is 0-47,96-143. (GPU affinity = 0-47,96-143 ; CPU affinity = 0-191).
lshn-quicksilver-rbfi-17:490:490 [2] NCCL INFO NCCL_NVLS_ENABLE set by environment to 0.
lshn-quicksilver-rbfi-17:489:489 [1] NCCL INFO ncclTopoGetCpuAffinity: Affinity for GPU 1 is 0-47,96-143. (GPU affinity = 0-47,96-143 ; CPU affinity = 0-191).
lshn-quicksilver-rbfi-17:489:489 [1] NCCL INFO NCCL_NVLS_ENABLE set by environment to 0.
lshn-quicksilver-rbfi-17:495:495 [7] NCCL INFO comm 0xa202800 rank 7 nRanks 8 nNodes 1 localRanks 8 localRank 7 MNNVL 0
lshn-quicksilver-rbfi-17:491:491 [3] NCCL INFO comm 0xaf46320 rank 3 nRanks 8 nNodes 1 localRanks 8 localRank 3 MNNVL 0
lshn-quicksilver-rbfi-17:488:488 [0] NCCL INFO comm 0xaec5050 rank 0 nRanks 8 nNodes 1 localRanks 8 localRank 0 MNNVL 0
lshn-quicksilver-rbfi-17:489:489 [1] NCCL INFO comm 0xb1eb380 rank 1 nRanks 8 nNodes 1 localRanks 8 localRank 1 MNNVL 0
lshn-quicksilver-rbfi-17:494:494 [6] NCCL INFO comm 0xa94c7d0 rank 6 nRanks 8 nNodes 1 localRanks 8 localRank 6 MNNVL 0
lshn-quicksilver-rbfi-17:490:490 [2] NCCL INFO comm 0xa32eb00 rank 2 nRanks 8 nNodes 1 localRanks 8 localRank 2 MNNVL 0
lshn-quicksilver-rbfi-17:494:494 [6] NCCL INFO NCCL_MIN_NCHANNELS set by environment to 4.
lshn-quicksilver-rbfi-17:493:493 [5] NCCL INFO comm 0xaf169f0 rank 5 nRanks 8 nNodes 1 localRanks 8 localRank 5 MNNVL 0
lshn-quicksilver-rbfi-17:492:492 [4] NCCL INFO comm 0xa1e0980 rank 4 nRanks 8 nNodes 1 localRanks 8 localRank 4 MNNVL 0
lshn-quicksilver-rbfi-17:493:493 [5] NCCL INFO NCCL_MIN_NCHANNELS set by environment to 4.
lshn-quicksilver-rbfi-17:495:495 [7] NCCL INFO NCCL_MIN_NCHANNELS set by environment to 4.
lshn-quicksilver-rbfi-17:491:491 [3] NCCL INFO NCCL_MIN_NCHANNELS set by environment to 4.
lshn-quicksilver-rbfi-17:488:488 [0] NCCL INFO NCCL_MIN_NCHANNELS set by environment to 4.
lshn-quicksilver-rbfi-17:489:489 [1] NCCL INFO NCCL_MIN_NCHANNELS set by environment to 4.
lshn-quicksilver-rbfi-17:490:490 [2] NCCL INFO NCCL_MIN_NCHANNELS set by environment to 4.
lshn-quicksilver-rbfi-17:489:489 [1] NCCL INFO Trees [0] 2/-1/-1->1->0 [1] 2/-1/-1->1->0 [2] 2/-1/-1->1->0 [3] 2/-1/-1->1->0 [4] 2/-1/-1->1->0 [5] 2/-1/-1->1->0 [6] 2/-1/-1->1->0 [7] 2/-1/-1->1->0 [8] 2/-1/-1->1->0 [9] 2/-1/-1->1->0 [10] 2/-1/-1->1->0 [11] 2/-1/-1->1->0 [12] 2/-1/-1->1->0 [13] 2/-1/-1->1->0 [14] 2/-1/-1->1->0 [15] 2/-1/-1->1->0 [16] 2/-1/-1->1->0 [17] 2/-1/-1->1->0 [18] 2/-1/-1->1->0 [19] 2/-1/-1->1->0 [20] 2/-1/-1->1->0 [21] 2/-1/-1->1->0 [22] 2/-1/-1->1->0 [23] 2/-1/-1->1->0
lshn-quicksilver-rbfi-17:494:494 [6] NCCL INFO Trees [0] 7/-1/-1->6->5 [1] 7/-1/-1->6->5 [2] 7/-1/-1->6->5 [3] 7/-1/-1->6->5 [4] 7/-1/-1->6->5 [5] 7/-1/-1->6->5 [6] 7/-1/-1->6->5 [7] 7/-1/-1->6->5 [8] 7/-1/-1->6->5 [9] 7/-1/-1->6->5 [10] 7/-1/-1->6->5 [11] 7/-1/-1->6->5 [12] 7/-1/-1->6->5 [13] 7/-1/-1->6->5 [14] 7/-1/-1->6->5 [15] 7/-1/-1->6->5 [16] 7/-1/-1->6->5 [17] 7/-1/-1->6->5 [18] 7/-1/-1->6->5 [19] 7/-1/-1->6->5 [20] 7/-1/-1->6->5 [21] 7/-1/-1->6->5 [22] 7/-1/-1->6->5 [23] 7/-1/-1->6->5
lshn-quicksilver-rbfi-17:492:492 [4] NCCL INFO NCCL_MIN_NCHANNELS set by environment to 4.
lshn-quicksilver-rbfi-17:493:493 [5] NCCL INFO Trees [0] 6/-1/-1->5->4 [1] 6/-1/-1->5->4 [2] 6/-1/-1->5->4 [3] 6/-1/-1->5->4 [4] 6/-1/-1->5->4 [5] 6/-1/-1->5->4 [6] 6/-1/-1->5->4 [7] 6/-1/-1->5->4 [8] 6/-1/-1->5->4 [9] 6/-1/-1->5->4 [10] 6/-1/-1->5->4 [11] 6/-1/-1->5->4 [12] 6/-1/-1->5->4 [13] 6/-1/-1->5->4 [14] 6/-1/-1->5->4 [15] 6/-1/-1->5->4 [16] 6/-1/-1->5->4 [17] 6/-1/-1->5->4 [18] 6/-1/-1->5->4 [19] 6/-1/-1->5->4 [20] 6/-1/-1->5->4 [21] 6/-1/-1->5->4 [22] 6/-1/-1->5->4 [23] 6/-1/-1->5->4
lshn-quicksilver-rbfi-17:495:495 [7] NCCL INFO Trees [0] -1/-1/-1->7->6 [1] -1/-1/-1->7->6 [2] -1/-1/-1->7->6 [3] -1/-1/-1->7->6 [4] -1/-1/-1->7->6 [5] -1/-1/-1->7->6 [6] -1/-1/-1->7->6 [7] -1/-1/-1->7->6 [8] -1/-1/-1->7->6 [9] -1/-1/-1->7->6 [10] -1/-1/-1->7->6 [11] -1/-1/-1->7->6 [12] -1/-1/-1->7->6 [13] -1/-1/-1->7->6 [14] -1/-1/-1->7->6 [15] -1/-1/-1->7->6 [16] -1/-1/-1->7->6 [17] -1/-1/-1->7->6 [18] -1/-1/-1->7->6 [19] -1/-1/-1->7->6 [20] -1/-1/-1->7->6 [21] -1/-1/-1->7->6 [22] -1/-1/-1->7->6 [23] -1/-1/-1->7->6
lshn-quicksilver-rbfi-17:495:495 [7] NCCL INFO P2P Chunksize set to 524288
lshn-quicksilver-rbfi-17:491:491 [3] NCCL INFO Trees [0] 4/-1/-1->3->2 [1] 4/-1/-1->3->2 [2] 4/-1/-1->3->2 [3] 4/-1/-1->3->2 [4] 4/-1/-1->3->2 [5] 4/-1/-1->3->2 [6] 4/-1/-1->3->2 [7] 4/-1/-1->3->2 [8] 4/-1/-1->3->2 [9] 4/-1/-1->3->2 [10] 4/-1/-1->3->2 [11] 4/-1/-1->3->2 [12] 4/-1/-1->3->2 [13] 4/-1/-1->3->2 [14] 4/-1/-1->3->2 [15] 4/-1/-1->3->2 [16] 4/-1/-1->3->2 [17] 4/-1/-1->3->2 [18] 4/-1/-1->3->2 [19] 4/-1/-1->3->2 [20] 4/-1/-1->3->2 [21] 4/-1/-1->3->2 [22] 4/-1/-1->3->2 [23] 4/-1/-1->3->2
lshn-quicksilver-rbfi-17:488:488 [0] NCCL INFO Channel 00/24 : 0 1 2 3 4 5 6 7
lshn-quicksilver-rbfi-17:490:490 [2] NCCL INFO Trees [0] 3/-1/-1->2->1 [1] 3/-1/-1->2->1 [2] 3/-1/-1->2->1 [3] 3/-1/-1->2->1 [4] 3/-1/-1->2->1 [5] 3/-1/-1->2->1 [6] 3/-1/-1->2->1 [7] 3/-1/-1->2->1 [8] 3/-1/-1->2->1 [9] 3/-1/-1->2->1 [10] 3/-1/-1->2->1 [11] 3/-1/-1->2->1 [12] 3/-1/-1->2->1 [13] 3/-1/-1->2->1 [14] 3/-1/-1->2->1 [15] 3/-1/-1->2->1 [16] 3/-1/-1->2->1 [17] 3/-1/-1->2->1 [18] 3/-1/-1->2->1 [19] 3/-1/-1->2->1 [20] 3/-1/-1->2->1 [21] 3/-1/-1->2->1 [22] 3/-1/-1->2->1 [23] 3/-1/-1->2->1
lshn-quicksilver-rbfi-17:489:489 [1] NCCL INFO P2P Chunksize set to 524288
lshn-quicksilver-rbfi-17:494:494 [6] NCCL INFO P2P Chunksize set to 524288
lshn-quicksilver-rbfi-17:492:492 [4] NCCL INFO Trees [0] 5/-1/-1->4->3 [1] 5/-1/-1->4->3 [2] 5/-1/-1->4->3 [3] 5/-1/-1->4->3 [4] 5/-1/-1->4->3 [5] 5/-1/-1->4->3 [6] 5/-1/-1->4->3 [7] 5/-1/-1->4->3 [8] 5/-1/-1->4->3 [9] 5/-1/-1->4->3 [10] 5/-1/-1->4->3 [11] 5/-1/-1->4->3 [12] 5/-1/-1->4->3 [13] 5/-1/-1->4->3 [14] 5/-1/-1->4->3 [15] 5/-1/-1->4->3 [16] 5/-1/-1->4->3 [17] 5/-1/-1->4->3 [18] 5/-1/-1->4->3 [19] 5/-1/-1->4->3 [20] 5/-1/-1->4->3 [21] 5/-1/-1->4->3 [22] 5/-1/-1->4->3 [23] 5/-1/-1->4->3
lshn-quicksilver-rbfi-17:493:493 [5] NCCL INFO P2P Chunksize set to 524288
lshn-quicksilver-rbfi-17:491:491 [3] NCCL INFO P2P Chunksize set to 524288
lshn-quicksilver-rbfi-17:488:488 [0] NCCL INFO Channel 01/24 : 0 1 2 3 4 5 6 7
lshn-quicksilver-rbfi-17:488:488 [0] NCCL INFO Channel 02/24 : 0 1 2 3 4 5 6 7
lshn-quicksilver-rbfi-17:490:490 [2] NCCL INFO P2P Chunksize set to 524288
lshn-quicksilver-rbfi-17:492:492 [4] NCCL INFO P2P Chunksize set to 524288
lshn-quicksilver-rbfi-17:488:488 [0] NCCL INFO Channel 03/24 : 0 1 2 3 4 5 6 7
lshn-quicksilver-rbfi-17:488:488 [0] NCCL INFO Channel 04/24 : 0 1 2 3 4 5 6 7
lshn-quicksilver-rbfi-17:488:488 [0] NCCL INFO Channel 05/24 : 0 1 2 3 4 5 6 7
lshn-quicksilver-rbfi-17:488:488 [0] NCCL INFO Channel 06/24 : 0 1 2 3 4 5 6 7
lshn-quicksilver-rbfi-17:488:488 [0] NCCL INFO Channel 07/24 : 0 1 2 3 4 5 6 7
lshn-quicksilver-rbfi-17:488:488 [0] NCCL INFO Channel 08/24 : 0 1 2 3 4 5 6 7
lshn-quicksilver-rbfi-17:488:488 [0] NCCL INFO Channel 09/24 : 0 1 2 3 4 5 6 7
lshn-quicksilver-rbfi-17:488:488 [0] NCCL INFO Channel 10/24 : 0 1 2 3 4 5 6 7
lshn-quicksilver-rbfi-17:488:488 [0] NCCL INFO Channel 11/24 : 0 1 2 3 4 5 6 7
lshn-quicksilver-rbfi-17:488:488 [0] NCCL INFO Channel 12/24 : 0 1 2 3 4 5 6 7
lshn-quicksilver-rbfi-17:488:488 [0] NCCL INFO Channel 13/24 : 0 1 2 3 4 5 6 7
lshn-quicksilver-rbfi-17:488:488 [0] NCCL INFO Channel 14/24 : 0 1 2 3 4 5 6 7
lshn-quicksilver-rbfi-17:488:488 [0] NCCL INFO Channel 15/24 : 0 1 2 3 4 5 6 7
lshn-quicksilver-rbfi-17:488:488 [0] NCCL INFO Channel 16/24 : 0 1 2 3 4 5 6 7
lshn-quicksilver-rbfi-17:488:488 [0] NCCL INFO Channel 17/24 : 0 1 2 3 4 5 6 7
lshn-quicksilver-rbfi-17:488:488 [0] NCCL INFO Channel 18/24 : 0 1 2 3 4 5 6 7
lshn-quicksilver-rbfi-17:488:488 [0] NCCL INFO Channel 19/24 : 0 1 2 3 4 5 6 7
lshn-quicksilver-rbfi-17:488:488 [0] NCCL INFO Channel 20/24 : 0 1 2 3 4 5 6 7
lshn-quicksilver-rbfi-17:488:488 [0] NCCL INFO Channel 21/24 : 0 1 2 3 4 5 6 7
lshn-quicksilver-rbfi-17:488:488 [0] NCCL INFO Channel 22/24 : 0 1 2 3 4 5 6 7
lshn-quicksilver-rbfi-17:488:488 [0] NCCL INFO Channel 23/24 : 0 1 2 3 4 5 6 7
lshn-quicksilver-rbfi-17:488:488 [0] NCCL INFO Trees [0] 1/-1/-1->0->-1 [1] 1/-1/-1->0->-1 [2] 1/-1/-1->0->-1 [3] 1/-1/-1->0->-1 [4] 1/-1/-1->0->-1 [5] 1/-1/-1->0->-1 [6] 1/-1/-1->0->-1 [7] 1/-1/-1->0->-1 [8] 1/-1/-1->0->-1 [9] 1/-1/-1->0->-1 [10] 1/-1/-1->0->-1 [11] 1/-1/-1->0->-1 [12] 1/-1/-1->0->-1 [13] 1/-1/-1->0->-1 [14] 1/-1/-1->0->-1 [15] 1/-1/-1->0->-1 [16] 1/-1/-1->0->-1 [17] 1/-1/-1->0->-1 [18] 1/-1/-1->0->-1 [19] 1/-1/-1->0->-1 [20] 1/-1/-1->0->-1 [21] 1/-1/-1->0->-1 [22] 1/-1/-1->0->-1 [23] 1/-1/-1->0->-1
lshn-quicksilver-rbfi-17:488:488 [0] NCCL INFO P2P Chunksize set to 524288
lshn-quicksilver-rbfi-17:490:490 [2] NCCL INFO PROFILER/Plugin: Could not find: libnccl-profiler.so
lshn-quicksilver-rbfi-17:490:490 [2] NCCL INFO Check P2P Type isAllDirectP2p 1 directMode 0 isAllCudaP2p 1
lshn-quicksilver-rbfi-17:490:603 [0] NCCL INFO [Proxy Service] Device 2 CPU core 20
lshn-quicksilver-rbfi-17:490:604 [0] NCCL INFO [Proxy Service UDS] Device 2 CPU core 24
lshn-quicksilver-rbfi-17:494:494 [6] NCCL INFO PROFILER/Plugin: Could not find: libnccl-profiler.so
lshn-quicksilver-rbfi-17:494:494 [6] NCCL INFO Check P2P Type isAllDirectP2p 1 directMode 0 isAllCudaP2p 1
lshn-quicksilver-rbfi-17:494:605 [0] NCCL INFO [Proxy Service] Device 6 CPU core 151
lshn-quicksilver-rbfi-17:494:606 [0] NCCL INFO [Proxy Service UDS] Device 6 CPU core 92
lshn-quicksilver-rbfi-17:489:489 [1] NCCL INFO PROFILER/Plugin: Could not find: libnccl-profiler.so
lshn-quicksilver-rbfi-17:489:489 [1] NCCL INFO Check P2P Type isAllDirectP2p 1 directMode 0 isAllCudaP2p 1
lshn-quicksilver-rbfi-17:489:607 [0] NCCL INFO [Proxy Service] Device 1 CPU core 140
lshn-quicksilver-rbfi-17:489:608 [0] NCCL INFO [Proxy Service UDS] Device 1 CPU core 23
lshn-quicksilver-rbfi-17:493:493 [5] NCCL INFO PROFILER/Plugin: Could not find: libnccl-profiler.so
lshn-quicksilver-rbfi-17:493:493 [5] NCCL INFO Check P2P Type isAllDirectP2p 1 directMode 0 isAllCudaP2p 1
lshn-quicksilver-rbfi-17:493:609 [0] NCCL INFO [Proxy Service] Device 5 CPU core 189
lshn-quicksilver-rbfi-17:493:610 [0] NCCL INFO [Proxy Service UDS] Device 5 CPU core 150
lshn-quicksilver-rbfi-17:488:488 [0] NCCL INFO PROFILER/Plugin: Could not find: libnccl-profiler.so
lshn-quicksilver-rbfi-17:488:488 [0] NCCL INFO Check P2P Type isAllDirectP2p 1 directMode 0 isAllCudaP2p 1
lshn-quicksilver-rbfi-17:488:611 [0] NCCL INFO [Proxy Service] Device 0 CPU core 133
lshn-quicksilver-rbfi-17:488:612 [0] NCCL INFO [Proxy Service UDS] Device 0 CPU core 103
lshn-quicksilver-rbfi-17:495:495 [7] NCCL INFO PROFILER/Plugin: Could not find: libnccl-profiler.so
lshn-quicksilver-rbfi-17:495:495 [7] NCCL INFO Check P2P Type isAllDirectP2p 1 directMode 0 isAllCudaP2p 1
lshn-quicksilver-rbfi-17:495:613 [0] NCCL INFO [Proxy Service] Device 7 CPU core 170
lshn-quicksilver-rbfi-17:495:614 [0] NCCL INFO [Proxy Service UDS] Device 7 CPU core 75
lshn-quicksilver-rbfi-17:491:491 [3] NCCL INFO PROFILER/Plugin: Could not find: libnccl-profiler.so
lshn-quicksilver-rbfi-17:491:491 [3] NCCL INFO Check P2P Type isAllDirectP2p 1 directMode 0 isAllCudaP2p 1
lshn-quicksilver-rbfi-17:492:492 [4] NCCL INFO PROFILER/Plugin: Could not find: libnccl-profiler.so
lshn-quicksilver-rbfi-17:492:492 [4] NCCL INFO Check P2P Type isAllDirectP2p 1 directMode 0 isAllCudaP2p 1
lshn-quicksilver-rbfi-17:491:615 [0] NCCL INFO [Proxy Service] Device 3 CPU core 129
lshn-quicksilver-rbfi-17:492:616 [0] NCCL INFO [Proxy Service] Device 4 CPU core 82
lshn-quicksilver-rbfi-17:491:618 [0] NCCL INFO [Proxy Service UDS] Device 3 CPU core 130
lshn-quicksilver-rbfi-17:492:617 [0] NCCL INFO [Proxy Service UDS] Device 4 CPU core 83
lshn-quicksilver-rbfi-17:493:493 [5] NCCL INFO TUNER/Plugin: Could not find: libnccl-tuner.so
lshn-quicksilver-rbfi-17:493:493 [5] NCCL INFO threadThresholds 8/8/64 | 64/8/64 | 512 | 512
lshn-quicksilver-rbfi-17:493:493 [5] NCCL INFO 24 coll channels, 24 collnet channels, 0 nvls channels, 32 p2p channels, 32 p2p channels per peer
lshn-quicksilver-rbfi-17:490:490 [2] NCCL INFO TUNER/Plugin: Could not find: libnccl-tuner.so
lshn-quicksilver-rbfi-17:490:490 [2] NCCL INFO threadThresholds 8/8/64 | 64/8/64 | 512 | 512
lshn-quicksilver-rbfi-17:490:490 [2] NCCL INFO 24 coll channels, 24 collnet channels, 0 nvls channels, 32 p2p channels, 32 p2p channels per peer
lshn-quicksilver-rbfi-17:492:492 [4] NCCL INFO TUNER/Plugin: Could not find: libnccl-tuner.so
lshn-quicksilver-rbfi-17:492:492 [4] NCCL INFO threadThresholds 8/8/64 | 64/8/64 | 512 | 512
lshn-quicksilver-rbfi-17:492:492 [4] NCCL INFO 24 coll channels, 24 collnet channels, 0 nvls channels, 32 p2p channels, 32 p2p channels per peer
lshn-quicksilver-rbfi-17:488:488 [0] NCCL INFO TUNER/Plugin: Could not find: libnccl-tuner.so
lshn-quicksilver-rbfi-17:488:488 [0] NCCL INFO threadThresholds 8/8/64 | 64/8/64 | 512 | 512
lshn-quicksilver-rbfi-17:488:488 [0] NCCL INFO 24 coll channels, 24 collnet channels, 0 nvls channels, 32 p2p channels, 32 p2p channels per peer
lshn-quicksilver-rbfi-17:489:489 [1] NCCL INFO TUNER/Plugin: Could not find: libnccl-tuner.so
lshn-quicksilver-rbfi-17:489:489 [1] NCCL INFO threadThresholds 8/8/64 | 64/8/64 | 512 | 512
lshn-quicksilver-rbfi-17:489:489 [1] NCCL INFO 24 coll channels, 24 collnet channels, 0 nvls channels, 32 p2p channels, 32 p2p channels per peer
lshn-quicksilver-rbfi-17:494:494 [6] NCCL INFO TUNER/Plugin: Could not find: libnccl-tuner.so
lshn-quicksilver-rbfi-17:491:491 [3] NCCL INFO TUNER/Plugin: Could not find: libnccl-tuner.so
lshn-quicksilver-rbfi-17:494:494 [6] NCCL INFO threadThresholds 8/8/64 | 64/8/64 | 512 | 512
lshn-quicksilver-rbfi-17:491:491 [3] NCCL INFO threadThresholds 8/8/64 | 64/8/64 | 512 | 512
lshn-quicksilver-rbfi-17:494:494 [6] NCCL INFO 24 coll channels, 24 collnet channels, 0 nvls channels, 32 p2p channels, 32 p2p channels per peer
lshn-quicksilver-rbfi-17:491:491 [3] NCCL INFO 24 coll channels, 24 collnet channels, 0 nvls channels, 32 p2p channels, 32 p2p channels per peer
lshn-quicksilver-rbfi-17:488:488 [0] NCCL INFO CC Off, workFifoBytes 1048576
lshn-quicksilver-rbfi-17:495:495 [7] NCCL INFO TUNER/Plugin: Could not find: libnccl-tuner.so
lshn-quicksilver-rbfi-17:495:495 [7] NCCL INFO threadThresholds 8/8/64 | 64/8/64 | 512 | 512
lshn-quicksilver-rbfi-17:495:495 [7] NCCL INFO 24 coll channels, 24 collnet channels, 0 nvls channels, 32 p2p channels, 32 p2p channels per peer
lshn-quicksilver-rbfi-17:494:494 [6] NCCL INFO ncclCommInitRankConfig comm 0xa94c7d0 rank 6 nranks 8 cudaDev 6 nvmlDev 6 busId 1a3000 commId 0x8e87c784e7cf7fff - Init COMPLETE
lshn-quicksilver-rbfi-17:489:489 [1] NCCL INFO ncclCommInitRankConfig comm 0xb1eb380 rank 1 nranks 8 cudaDev 1 nvmlDev 1 busId 7e000 commId 0x8e87c784e7cf7fff - Init COMPLETE
lshn-quicksilver-rbfi-17:488:488 [0] NCCL INFO ncclCommInitRankConfig comm 0xaec5050 rank 0 nranks 8 cudaDev 0 nvmlDev 0 busId 8000 commId 0x8e87c784e7cf7fff - Init COMPLETE
lshn-quicksilver-rbfi-17:490:490 [2] NCCL INFO ncclCommInitRankConfig comm 0xa32eb00 rank 2 nranks 8 cudaDev 2 nvmlDev 2 busId a2000 commId 0x8e87c784e7cf7fff - Init COMPLETE
lshn-quicksilver-rbfi-17:490:490 [2] NCCL INFO Init timings - ncclCommInitRankConfig: rank 2 nranks 8 total 1.64 (kernels 0.62, alloc 0.87, bootstrap 0.00, allgathers 0.01, topo 0.04, graphs 0.02, connections 0.05, rest 0.02)
lshn-quicksilver-rbfi-17:492:492 [4] NCCL INFO ncclCommInitRankConfig comm 0xa1e0980 rank 4 nranks 8 cudaDev 4 nvmlDev 4 busId 109000 commId 0x8e87c784e7cf7fff - Init COMPLETE
lshn-quicksilver-rbfi-17:493:493 [5] NCCL INFO ncclCommInitRankConfig comm 0xaf169f0 rank 5 nranks 8 cudaDev 5 nvmlDev 5 busId 17f000 commId 0x8e87c784e7cf7fff - Init COMPLETE
lshn-quicksilver-rbfi-17:491:491 [3] NCCL INFO ncclCommInitRankConfig comm 0xaf46320 rank 3 nranks 8 cudaDev 3 nvmlDev 3 busId c6000 commId 0x8e87c784e7cf7fff - Init COMPLETE
lshn-quicksilver-rbfi-17:494:494 [6] NCCL INFO Init timings - ncclCommInitRankConfig: rank 6 nranks 8 total 1.66 (kernels 0.64, alloc 0.87, bootstrap 0.01, allgathers 0.01, topo 0.04, graphs 0.02, connections 0.05, rest 0.02)
lshn-quicksilver-rbfi-17:495:495 [7] NCCL INFO ncclCommInitRankConfig comm 0xa202800 rank 7 nranks 8 cudaDev 7 nvmlDev 7 busId 1c7000 commId 0x8e87c784e7cf7fff - Init COMPLETE
lshn-quicksilver-rbfi-17:489:489 [1] NCCL INFO Init timings - ncclCommInitRankConfig: rank 1 nranks 8 total 1.63 (kernels 0.62, alloc 0.87, bootstrap 0.00, allgathers 0.01, topo 0.04, graphs 0.02, connections 0.05, rest 0.02)
lshn-quicksilver-rbfi-17:488:488 [0] NCCL INFO Init timings - ncclCommInitRankConfig: rank 0 nranks 8 total 1.77 (kernels 0.75, alloc 0.87, bootstrap 0.01, allgathers 0.01, topo 0.04, graphs 0.02, connections 0.05, rest 0.02)
lshn-quicksilver-rbfi-17:492:492 [4] NCCL INFO Init timings - ncclCommInitRankConfig: rank 4 nranks 8 total 1.66 (kernels 0.64, alloc 0.87, bootstrap 0.01, allgathers 0.01, topo 0.04, graphs 0.02, connections 0.05, rest 0.02)
lshn-quicksilver-rbfi-17:493:493 [5] NCCL INFO Init timings - ncclCommInitRankConfig: rank 5 nranks 8 total 1.62 (kernels 0.60, alloc 0.87, bootstrap 0.01, allgathers 0.01, topo 0.04, graphs 0.02, connections 0.05, rest 0.02)
lshn-quicksilver-rbfi-17:491:491 [3] NCCL INFO Init timings - ncclCommInitRankConfig: rank 3 nranks 8 total 1.66 (kernels 0.64, alloc 0.86, bootstrap 0.01, allgathers 0.01, topo 0.04, graphs 0.02, connections 0.05, rest 0.02)
lshn-quicksilver-rbfi-17:495:495 [7] NCCL INFO Init timings - ncclCommInitRankConfig: rank 7 nranks 8 total 1.66 (kernels 0.64, alloc 0.88, bootstrap 0.00, allgathers 0.01, topo 0.04, graphs 0.02, connections 0.05, rest 0.02)
lshn-quicksilver-rbfi-17:491:491 [3] NCCL INFO Channel 00/0 : 3[3] -> 4[4] via P2P/CUMEM
lshn-quicksilver-rbfi-17:491:491 [3] NCCL INFO Channel 01/0 : 3[3] -> 4[4] via P2P/CUMEM
lshn-quicksilver-rbfi-17:492:492 [4] NCCL INFO Channel 00/0 : 4[4] -> 5[5] via P2P/CUMEM
lshn-quicksilver-rbfi-17:491:491 [3] NCCL INFO Channel 02/0 : 3[3] -> 4[4] via P2P/CUMEM
lshn-quicksilver-rbfi-17:492:492 [4] NCCL INFO Channel 01/0 : 4[4] -> 5[5] via P2P/CUMEM
lshn-quicksilver-rbfi-17:490:490 [2] NCCL INFO Channel 00/0 : 2[2] -> 3[3] via P2P/CUMEM
lshn-quicksilver-rbfi-17:491:491 [3] NCCL INFO Channel 03/0 : 3[3] -> 4[4] via P2P/CUMEM
lshn-quicksilver-rbfi-17:493:493 [5] NCCL INFO Channel 00/0 : 5[5] -> 6[6] via P2P/CUMEM
lshn-quicksilver-rbfi-17:494:494 [6] NCCL INFO Channel 00/0 : 6[6] -> 7[7] via P2P/CUMEM
lshn-quicksilver-rbfi-17:492:492 [4] NCCL INFO Channel 02/0 : 4[4] -> 5[5] via P2P/CUMEM
lshn-quicksilver-rbfi-17:490:490 [2] NCCL INFO Channel 01/0 : 2[2] -> 3[3] via P2P/CUMEM
lshn-quicksilver-rbfi-17:488:488 [0] NCCL INFO Channel 00/0 : 0[0] -> 1[1] via P2P/CUMEM
lshn-quicksilver-rbfi-17:491:491 [3] NCCL INFO Channel 04/0 : 3[3] -> 4[4] via P2P/CUMEM
lshn-quicksilver-rbfi-17:495:495 [7] NCCL INFO Channel 00/0 : 7[7] -> 0[0] via P2P/CUMEM
lshn-quicksilver-rbfi-17:490:490 [2] NCCL INFO Channel 02/0 : 2[2] -> 3[3] via P2P/CUMEM
lshn-quicksilver-rbfi-17:492:492 [4] NCCL INFO Channel 03/0 : 4[4] -> 5[5] via P2P/CUMEM
lshn-quicksilver-rbfi-17:493:493 [5] NCCL INFO Channel 01/0 : 5[5] -> 6[6] via P2P/CUMEM
lshn-quicksilver-rbfi-17:488:488 [0] NCCL INFO Channel 01/0 : 0[0] -> 1[1] via P2P/CUMEM
lshn-quicksilver-rbfi-17:494:494 [6] NCCL INFO Channel 01/0 : 6[6] -> 7[7] via P2P/CUMEM
lshn-quicksilver-rbfi-17:491:491 [3] NCCL INFO Channel 05/0 : 3[3] -> 4[4] via P2P/CUMEM
lshn-quicksilver-rbfi-17:493:493 [5] NCCL INFO Channel 02/0 : 5[5] -> 6[6] via P2P/CUMEM
lshn-quicksilver-rbfi-17:492:492 [4] NCCL INFO Channel 04/0 : 4[4] -> 5[5] via P2P/CUMEM
lshn-quicksilver-rbfi-17:488:488 [0] NCCL INFO Channel 02/0 : 0[0] -> 1[1] via P2P/CUMEM
lshn-quicksilver-rbfi-17:495:495 [7] NCCL INFO Channel 01/0 : 7[7] -> 0[0] via P2P/CUMEM
lshn-quicksilver-rbfi-17:489:489 [1] NCCL INFO Channel 00/0 : 1[1] -> 2[2] via P2P/CUMEM
lshn-quicksilver-rbfi-17:490:490 [2] NCCL INFO Channel 03/0 : 2[2] -> 3[3] via P2P/CUMEM
lshn-quicksilver-rbfi-17:488:488 [0] NCCL INFO Channel 03/0 : 0[0] -> 1[1] via P2P/CUMEM
lshn-quicksilver-rbfi-17:495:495 [7] NCCL INFO Channel 02/0 : 7[7] -> 0[0] via P2P/CUMEM
lshn-quicksilver-rbfi-17:490:490 [2] NCCL INFO Channel 04/0 : 2[2] -> 3[3] via P2P/CUMEM
lshn-quicksilver-rbfi-17:489:489 [1] NCCL INFO Channel 01/0 : 1[1] -> 2[2] via P2P/CUMEM
lshn-quicksilver-rbfi-17:491:491 [3] NCCL INFO Channel 06/0 : 3[3] -> 4[4] via P2P/CUMEM
lshn-quicksilver-rbfi-17:493:493 [5] NCCL INFO Channel 03/0 : 5[5] -> 6[6] via P2P/CUMEM
lshn-quicksilver-rbfi-17:494:494 [6] NCCL INFO Channel 02/0 : 6[6] -> 7[7] via P2P/CUMEM
lshn-quicksilver-rbfi-17:492:492 [4] NCCL INFO Channel 05/0 : 4[4] -> 5[5] via P2P/CUMEM
lshn-quicksilver-rbfi-17:488:488 [0] NCCL INFO Channel 04/0 : 0[0] -> 1[1] via P2P/CUMEM
lshn-quicksilver-rbfi-17:490:490 [2] NCCL INFO Channel 05/0 : 2[2] -> 3[3] via P2P/CUMEM
lshn-quicksilver-rbfi-17:489:489 [1] NCCL INFO Channel 02/0 : 1[1] -> 2[2] via P2P/CUMEM
lshn-quicksilver-rbfi-17:495:495 [7] NCCL INFO Channel 03/0 : 7[7] -> 0[0] via P2P/CUMEM
lshn-quicksilver-rbfi-17:489:489 [1] NCCL INFO Channel 03/0 : 1[1] -> 2[2] via P2P/CUMEM
lshn-quicksilver-rbfi-17:494:494 [6] NCCL INFO Channel 03/0 : 6[6] -> 7[7] via P2P/CUMEM
lshn-quicksilver-rbfi-17:492:492 [4] NCCL INFO Channel 06/0 : 4[4] -> 5[5] via P2P/CUMEM
lshn-quicksilver-rbfi-17:490:490 [2] NCCL INFO Channel 06/0 : 2[2] -> 3[3] via P2P/CUMEM
lshn-quicksilver-rbfi-17:489:489 [1] NCCL INFO Channel 04/0 : 1[1] -> 2[2] via P2P/CUMEM
lshn-quicksilver-rbfi-17:488:488 [0] NCCL INFO Channel 05/0 : 0[0] -> 1[1] via P2P/CUMEM
lshn-quicksilver-rbfi-17:491:491 [3] NCCL INFO Channel 07/0 : 3[3] -> 4[4] via P2P/CUMEM
lshn-quicksilver-rbfi-17:493:493 [5] NCCL INFO Channel 04/0 : 5[5] -> 6[6] via P2P/CUMEM
lshn-quicksilver-rbfi-17:495:495 [7] NCCL INFO Channel 04/0 : 7[7] -> 0[0] via P2P/CUMEM
lshn-quicksilver-rbfi-17:494:494 [6] NCCL INFO Channel 04/0 : 6[6] -> 7[7] via P2P/CUMEM
lshn-quicksilver-rbfi-17:490:490 [2] NCCL INFO Channel 07/0 : 2[2] -> 3[3] via P2P/CUMEM
lshn-quicksilver-rbfi-17:488:488 [0] NCCL INFO Channel 06/0 : 0[0] -> 1[1] via P2P/CUMEM
lshn-quicksilver-rbfi-17:491:491 [3] NCCL INFO Channel 08/0 : 3[3] -> 4[4] via P2P/CUMEM
lshn-quicksilver-rbfi-17:489:489 [1] NCCL INFO Channel 05/0 : 1[1] -> 2[2] via P2P/CUMEM
lshn-quicksilver-rbfi-17:492:492 [4] NCCL INFO Channel 07/0 : 4[4] -> 5[5] via P2P/CUMEM
lshn-quicksilver-rbfi-17:493:493 [5] NCCL INFO Channel 05/0 : 5[5] -> 6[6] via P2P/CUMEM
lshn-quicksilver-rbfi-17:495:495 [7] NCCL INFO Channel 05/0 : 7[7] -> 0[0] via P2P/CUMEM
lshn-quicksilver-rbfi-17:490:490 [2] NCCL INFO Channel 08/0 : 2[2] -> 3[3] via P2P/CUMEM
lshn-quicksilver-rbfi-17:488:488 [0] NCCL INFO Channel 07/0 : 0[0] -> 1[1] via P2P/CUMEM
lshn-quicksilver-rbfi-17:491:491 [3] NCCL INFO Channel 09/0 : 3[3] -> 4[4] via P2P/CUMEM
lshn-quicksilver-rbfi-17:489:489 [1] NCCL INFO Channel 06/0 : 1[1] -> 2[2] via P2P/CUMEM
lshn-quicksilver-rbfi-17:494:494 [6] NCCL INFO Channel 05/0 : 6[6] -> 7[7] via P2P/CUMEM
lshn-quicksilver-rbfi-17:495:495 [7] NCCL INFO Channel 06/0 : 7[7] -> 0[0] via P2P/CUMEM
lshn-quicksilver-rbfi-17:493:493 [5] NCCL INFO Channel 06/0 : 5[5] -> 6[6] via P2P/CUMEM
lshn-quicksilver-rbfi-17:490:490 [2] NCCL INFO Channel 09/0 : 2[2] -> 3[3] via P2P/CUMEM
lshn-quicksilver-rbfi-17:488:488 [0] NCCL INFO Channel 08/0 : 0[0] -> 1[1] via P2P/CUMEM
lshn-quicksilver-rbfi-17:492:492 [4] NCCL INFO Channel 08/0 : 4[4] -> 5[5] via P2P/CUMEM
lshn-quicksilver-rbfi-17:489:489 [1] NCCL INFO Channel 07/0 : 1[1] -> 2[2] via P2P/CUMEM
lshn-quicksilver-rbfi-17:488:488 [0] NCCL INFO Channel 09/0 : 0[0] -> 1[1] via P2P/CUMEM
lshn-quicksilver-rbfi-17:495:495 [7] NCCL INFO Channel 07/0 : 7[7] -> 0[0] via P2P/CUMEM
lshn-quicksilver-rbfi-17:493:493 [5] NCCL INFO Channel 07/0 : 5[5] -> 6[6] via P2P/CUMEM
lshn-quicksilver-rbfi-17:494:494 [6] NCCL INFO Channel 06/0 : 6[6] -> 7[7] via P2P/CUMEM
lshn-quicksilver-rbfi-17:491:491 [3] NCCL INFO Channel 10/0 : 3[3] -> 4[4] via P2P/CUMEM
lshn-quicksilver-rbfi-17:492:492 [4] NCCL INFO Channel 09/0 : 4[4] -> 5[5] via P2P/CUMEM
lshn-quicksilver-rbfi-17:488:488 [0] NCCL INFO Channel 10/0 : 0[0] -> 1[1] via P2P/CUMEM
lshn-quicksilver-rbfi-17:489:489 [1] NCCL INFO Channel 08/0 : 1[1] -> 2[2] via P2P/CUMEM
lshn-quicksilver-rbfi-17:490:490 [2] NCCL INFO Channel 10/0 : 2[2] -> 3[3] via P2P/CUMEM
lshn-quicksilver-rbfi-17:492:492 [4] NCCL INFO Channel 10/0 : 4[4] -> 5[5] via P2P/CUMEM
lshn-quicksilver-rbfi-17:493:493 [5] NCCL INFO Channel 08/0 : 5[5] -> 6[6] via P2P/CUMEM
lshn-quicksilver-rbfi-17:491:491 [3] NCCL INFO Channel 11/0 : 3[3] -> 4[4] via P2P/CUMEM
lshn-quicksilver-rbfi-17:495:495 [7] NCCL INFO Channel 08/0 : 7[7] -> 0[0] via P2P/CUMEM
lshn-quicksilver-rbfi-17:493:493 [5] NCCL INFO Channel 09/0 : 5[5] -> 6[6] via P2P/CUMEM
lshn-quicksilver-rbfi-17:488:488 [0] NCCL INFO Channel 11/0 : 0[0] -> 1[1] via P2P/CUMEM
lshn-quicksilver-rbfi-17:490:490 [2] NCCL INFO Channel 11/0 : 2[2] -> 3[3] via P2P/CUMEM
lshn-quicksilver-rbfi-17:489:489 [1] NCCL INFO Channel 09/0 : 1[1] -> 2[2] via P2P/CUMEM
lshn-quicksilver-rbfi-17:492:492 [4] NCCL INFO Channel 11/0 : 4[4] -> 5[5] via P2P/CUMEM
lshn-quicksilver-rbfi-17:494:494 [6] NCCL INFO Channel 07/0 : 6[6] -> 7[7] via P2P/CUMEM
lshn-quicksilver-rbfi-17:495:495 [7] NCCL INFO Channel 09/0 : 7[7] -> 0[0] via P2P/CUMEM
lshn-quicksilver-rbfi-17:491:491 [3] NCCL INFO Channel 12/0 : 3[3] -> 4[4] via P2P/CUMEM
lshn-quicksilver-rbfi-17:492:492 [4] NCCL INFO Channel 12/0 : 4[4] -> 5[5] via P2P/CUMEM
lshn-quicksilver-rbfi-17:493:493 [5] NCCL INFO Channel 10/0 : 5[5] -> 6[6] via P2P/CUMEM
lshn-quicksilver-rbfi-17:488:488 [0] NCCL INFO Channel 12/0 : 0[0] -> 1[1] via P2P/CUMEM
lshn-quicksilver-rbfi-17:490:490 [2] NCCL INFO Channel 12/0 : 2[2] -> 3[3] via P2P/CUMEM
lshn-quicksilver-rbfi-17:489:489 [1] NCCL INFO Channel 10/0 : 1[1] -> 2[2] via P2P/CUMEM
lshn-quicksilver-rbfi-17:495:495 [7] NCCL INFO Channel 10/0 : 7[7] -> 0[0] via P2P/CUMEM
lshn-quicksilver-rbfi-17:491:491 [3] NCCL INFO Channel 13/0 : 3[3] -> 4[4] via P2P/CUMEM
lshn-quicksilver-rbfi-17:494:494 [6] NCCL INFO Channel 08/0 : 6[6] -> 7[7] via P2P/CUMEM
lshn-quicksilver-rbfi-17:488:488 [0] NCCL INFO Channel 13/0 : 0[0] -> 1[1] via P2P/CUMEM
lshn-quicksilver-rbfi-17:490:490 [2] NCCL INFO Channel 13/0 : 2[2] -> 3[3] via P2P/CUMEM
lshn-quicksilver-rbfi-17:489:489 [1] NCCL INFO Channel 11/0 : 1[1] -> 2[2] via P2P/CUMEM
lshn-quicksilver-rbfi-17:493:493 [5] NCCL INFO Channel 11/0 : 5[5] -> 6[6] via P2P/CUMEM
lshn-quicksilver-rbfi-17:495:495 [7] NCCL INFO Channel 11/0 : 7[7] -> 0[0] via P2P/CUMEM
lshn-quicksilver-rbfi-17:492:492 [4] NCCL INFO Channel 13/0 : 4[4] -> 5[5] via P2P/CUMEM
lshn-quicksilver-rbfi-17:488:488 [0] NCCL INFO Channel 14/0 : 0[0] -> 1[1] via P2P/CUMEM
lshn-quicksilver-rbfi-17:494:494 [6] NCCL INFO Channel 09/0 : 6[6] -> 7[7] via P2P/CUMEM
lshn-quicksilver-rbfi-17:490:490 [2] NCCL INFO Channel 14/0 : 2[2] -> 3[3] via P2P/CUMEM
lshn-quicksilver-rbfi-17:489:489 [1] NCCL INFO Channel 12/0 : 1[1] -> 2[2] via P2P/CUMEM
lshn-quicksilver-rbfi-17:491:491 [3] NCCL INFO Channel 14/0 : 3[3] -> 4[4] via P2P/CUMEM
lshn-quicksilver-rbfi-17:493:493 [5] NCCL INFO Channel 12/0 : 5[5] -> 6[6] via P2P/CUMEM
lshn-quicksilver-rbfi-17:495:495 [7] NCCL INFO Channel 12/0 : 7[7] -> 0[0] via P2P/CUMEM
lshn-quicksilver-rbfi-17:488:488 [0] NCCL INFO Channel 15/0 : 0[0] -> 1[1] via P2P/CUMEM
lshn-quicksilver-rbfi-17:491:491 [3] NCCL INFO Channel 15/0 : 3[3] -> 4[4] via P2P/CUMEM
lshn-quicksilver-rbfi-17:494:494 [6] NCCL INFO Channel 10/0 : 6[6] -> 7[7] via P2P/CUMEM
lshn-quicksilver-rbfi-17:492:492 [4] NCCL INFO Channel 14/0 : 4[4] -> 5[5] via P2P/CUMEM
lshn-quicksilver-rbfi-17:490:490 [2] NCCL INFO Channel 15/0 : 2[2] -> 3[3] via P2P/CUMEM
lshn-quicksilver-rbfi-17:489:489 [1] NCCL INFO Channel 13/0 : 1[1] -> 2[2] via P2P/CUMEM
lshn-quicksilver-rbfi-17:493:493 [5] NCCL INFO Channel 13/0 : 5[5] -> 6[6] via P2P/CUMEM
lshn-quicksilver-rbfi-17:495:495 [7] NCCL INFO Channel 13/0 : 7[7] -> 0[0] via P2P/CUMEM
lshn-quicksilver-rbfi-17:494:494 [6] NCCL INFO Channel 11/0 : 6[6] -> 7[7] via P2P/CUMEM
lshn-quicksilver-rbfi-17:488:488 [0] NCCL INFO Channel 16/0 : 0[0] -> 1[1] via P2P/CUMEM
lshn-quicksilver-rbfi-17:490:490 [2] NCCL INFO Channel 16/0 : 2[2] -> 3[3] via P2P/CUMEM
lshn-quicksilver-rbfi-17:491:491 [3] NCCL INFO Channel 16/0 : 3[3] -> 4[4] via P2P/CUMEM
lshn-quicksilver-rbfi-17:492:492 [4] NCCL INFO Channel 15/0 : 4[4] -> 5[5] via P2P/CUMEM
lshn-quicksilver-rbfi-17:493:493 [5] NCCL INFO Channel 14/0 : 5[5] -> 6[6] via P2P/CUMEM
lshn-quicksilver-rbfi-17:495:495 [7] NCCL INFO Channel 14/0 : 7[7] -> 0[0] via P2P/CUMEM
lshn-quicksilver-rbfi-17:489:489 [1] NCCL INFO Channel 14/0 : 1[1] -> 2[2] via P2P/CUMEM
lshn-quicksilver-rbfi-17:490:490 [2] NCCL INFO Channel 17/0 : 2[2] -> 3[3] via P2P/CUMEM
lshn-quicksilver-rbfi-17:488:488 [0] NCCL INFO Channel 17/0 : 0[0] -> 1[1] via P2P/CUMEM
lshn-quicksilver-rbfi-17:492:492 [4] NCCL INFO Channel 16/0 : 4[4] -> 5[5] via P2P/CUMEM
lshn-quicksilver-rbfi-17:489:489 [1] NCCL INFO Channel 15/0 : 1[1] -> 2[2] via P2P/CUMEM
lshn-quicksilver-rbfi-17:494:494 [6] NCCL INFO Channel 12/0 : 6[6] -> 7[7] via P2P/CUMEM
lshn-quicksilver-rbfi-17:491:491 [3] NCCL INFO Channel 17/0 : 3[3] -> 4[4] via P2P/CUMEM
lshn-quicksilver-rbfi-17:490:490 [2] NCCL INFO Channel 18/0 : 2[2] -> 3[3] via P2P/CUMEM
lshn-quicksilver-rbfi-17:495:495 [7] NCCL INFO Channel 15/0 : 7[7] -> 0[0] via P2P/CUMEM
lshn-quicksilver-rbfi-17:493:493 [5] NCCL INFO Channel 15/0 : 5[5] -> 6[6] via P2P/CUMEM
lshn-quicksilver-rbfi-17:492:492 [4] NCCL INFO Channel 17/0 : 4[4] -> 5[5] via P2P/CUMEM
lshn-quicksilver-rbfi-17:494:494 [6] NCCL INFO Channel 13/0 : 6[6] -> 7[7] via P2P/CUMEM
lshn-quicksilver-rbfi-17:488:488 [0] NCCL INFO Channel 18/0 : 0[0] -> 1[1] via P2P/CUMEM
lshn-quicksilver-rbfi-17:490:490 [2] NCCL INFO Channel 19/0 : 2[2] -> 3[3] via P2P/CUMEM
lshn-quicksilver-rbfi-17:489:489 [1] NCCL INFO Channel 16/0 : 1[1] -> 2[2] via P2P/CUMEM
lshn-quicksilver-rbfi-17:491:491 [3] NCCL INFO Channel 18/0 : 3[3] -> 4[4] via P2P/CUMEM
lshn-quicksilver-rbfi-17:493:493 [5] NCCL INFO Channel 16/0 : 5[5] -> 6[6] via P2P/CUMEM
lshn-quicksilver-rbfi-17:495:495 [7] NCCL INFO Channel 16/0 : 7[7] -> 0[0] via P2P/CUMEM
lshn-quicksilver-rbfi-17:494:494 [6] NCCL INFO Channel 14/0 : 6[6] -> 7[7] via P2P/CUMEM
lshn-quicksilver-rbfi-17:490:490 [2] NCCL INFO Channel 20/0 : 2[2] -> 3[3] via P2P/CUMEM
lshn-quicksilver-rbfi-17:488:488 [0] NCCL INFO Channel 19/0 : 0[0] -> 1[1] via P2P/CUMEM
lshn-quicksilver-rbfi-17:492:492 [4] NCCL INFO Channel 18/0 : 4[4] -> 5[5] via P2P/CUMEM
lshn-quicksilver-rbfi-17:491:491 [3] NCCL INFO Channel 19/0 : 3[3] -> 4[4] via P2P/CUMEM
lshn-quicksilver-rbfi-17:495:495 [7] NCCL INFO Channel 17/0 : 7[7] -> 0[0] via P2P/CUMEM
lshn-quicksilver-rbfi-17:493:493 [5] NCCL INFO Channel 17/0 : 5[5] -> 6[6] via P2P/CUMEM
lshn-quicksilver-rbfi-17:489:489 [1] NCCL INFO Channel 17/0 : 1[1] -> 2[2] via P2P/CUMEM
lshn-quicksilver-rbfi-17:494:494 [6] NCCL INFO Channel 15/0 : 6[6] -> 7[7] via P2P/CUMEM
lshn-quicksilver-rbfi-17:490:490 [2] NCCL INFO Channel 21/0 : 2[2] -> 3[3] via P2P/CUMEM
lshn-quicksilver-rbfi-17:488:488 [0] NCCL INFO Channel 20/0 : 0[0] -> 1[1] via P2P/CUMEM
lshn-quicksilver-rbfi-17:489:489 [1] NCCL INFO Channel 18/0 : 1[1] -> 2[2] via P2P/CUMEM
lshn-quicksilver-rbfi-17:494:494 [6] NCCL INFO Channel 16/0 : 6[6] -> 7[7] via P2P/CUMEM
lshn-quicksilver-rbfi-17:491:491 [3] NCCL INFO Channel 20/0 : 3[3] -> 4[4] via P2P/CUMEM
lshn-quicksilver-rbfi-17:495:495 [7] NCCL INFO Channel 18/0 : 7[7] -> 0[0] via P2P/CUMEM
lshn-quicksilver-rbfi-17:493:493 [5] NCCL INFO Channel 18/0 : 5[5] -> 6[6] via P2P/CUMEM
lshn-quicksilver-rbfi-17:492:492 [4] NCCL INFO Channel 19/0 : 4[4] -> 5[5] via P2P/CUMEM
lshn-quicksilver-rbfi-17:494:494 [6] NCCL INFO Channel 17/0 : 6[6] -> 7[7] via P2P/CUMEM
lshn-quicksilver-rbfi-17:491:491 [3] NCCL INFO Channel 21/0 : 3[3] -> 4[4] via P2P/CUMEM
lshn-quicksilver-rbfi-17:489:489 [1] NCCL INFO Channel 19/0 : 1[1] -> 2[2] via P2P/CUMEM
lshn-quicksilver-rbfi-17:495:495 [7] NCCL INFO Channel 19/0 : 7[7] -> 0[0] via P2P/CUMEM
lshn-quicksilver-rbfi-17:490:490 [2] NCCL INFO Channel 22/0 : 2[2] -> 3[3] via P2P/CUMEM
lshn-quicksilver-rbfi-17:493:493 [5] NCCL INFO Channel 19/0 : 5[5] -> 6[6] via P2P/CUMEM
lshn-quicksilver-rbfi-17:488:488 [0] NCCL INFO Channel 21/0 : 0[0] -> 1[1] via P2P/CUMEM
lshn-quicksilver-rbfi-17:489:489 [1] NCCL INFO Channel 20/0 : 1[1] -> 2[2] via P2P/CUMEM
lshn-quicksilver-rbfi-17:492:492 [4] NCCL INFO Channel 20/0 : 4[4] -> 5[5] via P2P/CUMEM
lshn-quicksilver-rbfi-17:491:491 [3] NCCL INFO Channel 22/0 : 3[3] -> 4[4] via P2P/CUMEM
lshn-quicksilver-rbfi-17:495:495 [7] NCCL INFO Channel 20/0 : 7[7] -> 0[0] via P2P/CUMEM
lshn-quicksilver-rbfi-17:488:488 [0] NCCL INFO Channel 22/0 : 0[0] -> 1[1] via P2P/CUMEM
lshn-quicksilver-rbfi-17:490:490 [2] NCCL INFO Channel 23/0 : 2[2] -> 3[3] via P2P/CUMEM
lshn-quicksilver-rbfi-17:494:494 [6] NCCL INFO Channel 18/0 : 6[6] -> 7[7] via P2P/CUMEM
lshn-quicksilver-rbfi-17:489:489 [1] NCCL INFO Channel 21/0 : 1[1] -> 2[2] via P2P/CUMEM
lshn-quicksilver-rbfi-17:488:488 [0] NCCL INFO Channel 23/0 : 0[0] -> 1[1] via P2P/CUMEM
lshn-quicksilver-rbfi-17:493:493 [5] NCCL INFO Channel 20/0 : 5[5] -> 6[6] via P2P/CUMEM
lshn-quicksilver-rbfi-17:491:491 [3] NCCL INFO Channel 23/0 : 3[3] -> 4[4] via P2P/CUMEM
lshn-quicksilver-rbfi-17:495:495 [7] NCCL INFO Channel 21/0 : 7[7] -> 0[0] via P2P/CUMEM
lshn-quicksilver-rbfi-17:492:492 [4] NCCL INFO Channel 21/0 : 4[4] -> 5[5] via P2P/CUMEM
lshn-quicksilver-rbfi-17:489:489 [1] NCCL INFO Channel 22/0 : 1[1] -> 2[2] via P2P/CUMEM
lshn-quicksilver-rbfi-17:494:494 [6] NCCL INFO Channel 19/0 : 6[6] -> 7[7] via P2P/CUMEM
lshn-quicksilver-rbfi-17:493:493 [5] NCCL INFO Channel 21/0 : 5[5] -> 6[6] via P2P/CUMEM
lshn-quicksilver-rbfi-17:495:495 [7] NCCL INFO Channel 22/0 : 7[7] -> 0[0] via P2P/CUMEM
lshn-quicksilver-rbfi-17:489:489 [1] NCCL INFO Channel 23/0 : 1[1] -> 2[2] via P2P/CUMEM
lshn-quicksilver-rbfi-17:492:492 [4] NCCL INFO Channel 22/0 : 4[4] -> 5[5] via P2P/CUMEM
lshn-quicksilver-rbfi-17:495:495 [7] NCCL INFO Channel 23/0 : 7[7] -> 0[0] via P2P/CUMEM
lshn-quicksilver-rbfi-17:494:494 [6] NCCL INFO Channel 20/0 : 6[6] -> 7[7] via P2P/CUMEM
lshn-quicksilver-rbfi-17:493:493 [5] NCCL INFO Channel 22/0 : 5[5] -> 6[6] via P2P/CUMEM
lshn-quicksilver-rbfi-17:492:492 [4] NCCL INFO Channel 23/0 : 4[4] -> 5[5] via P2P/CUMEM
lshn-quicksilver-rbfi-17:494:494 [6] NCCL INFO Channel 21/0 : 6[6] -> 7[7] via P2P/CUMEM
lshn-quicksilver-rbfi-17:493:493 [5] NCCL INFO Channel 23/0 : 5[5] -> 6[6] via P2P/CUMEM
lshn-quicksilver-rbfi-17:494:494 [6] NCCL INFO Channel 22/0 : 6[6] -> 7[7] via P2P/CUMEM
lshn-quicksilver-rbfi-17:494:494 [6] NCCL INFO Channel 23/0 : 6[6] -> 7[7] via P2P/CUMEM
lshn-quicksilver-rbfi-17:492:492 [4] NCCL INFO Connected all rings, use ring PXN 0 GDR 1
lshn-quicksilver-rbfi-17:494:494 [6] NCCL INFO Connected all rings, use ring PXN 0 GDR 1
lshn-quicksilver-rbfi-17:488:488 [0] NCCL INFO Connected all rings, use ring PXN 0 GDR 1
lshn-quicksilver-rbfi-17:495:495 [7] NCCL INFO Connected all rings, use ring PXN 0 GDR 1
lshn-quicksilver-rbfi-17:489:489 [1] NCCL INFO Connected all rings, use ring PXN 0 GDR 1
lshn-quicksilver-rbfi-17:490:490 [2] NCCL INFO Connected all rings, use ring PXN 0 GDR 1
lshn-quicksilver-rbfi-17:493:493 [5] NCCL INFO Connected all rings, use ring PXN 0 GDR 1
lshn-quicksilver-rbfi-17:491:491 [3] NCCL INFO Connected all rings, use ring PXN 0 GDR 1
[transformers] The fast path is not available because one of the required library is not installed. Falling back to torch implementation. To install follow https://github.com/fla-org/flash-linear-attention#installation and https://github.com/Dao-AILab/causal-conv1d
[transformers] The fast path is not available because one of the required library is not installed. Falling back to torch implementation. To install follow https://github.com/fla-org/flash-linear-attention#installation and https://github.com/Dao-AILab/causal-conv1d
[transformers] The fast path is not available because one of the required library is not installed. Falling back to torch implementation. To install follow https://github.com/fla-org/flash-linear-attention#installation and https://github.com/Dao-AILab/causal-conv1d
[transformers] The fast path is not available because one of the required library is not installed. Falling back to torch implementation. To install follow https://github.com/fla-org/flash-linear-attention#installation and https://github.com/Dao-AILab/causal-conv1d
[transformers] The fast path is not available because one of the required library is not installed. Falling back to torch implementation. To install follow https://github.com/fla-org/flash-linear-attention#installation and https://github.com/Dao-AILab/causal-conv1d
[transformers] The fast path is not available because one of the required library is not installed. Falling back to torch implementation. To install follow https://github.com/fla-org/flash-linear-attention#installation and https://github.com/Dao-AILab/causal-conv1d
[transformers] The fast path is not available because one of the required library is not installed. Falling back to torch implementation. To install follow https://github.com/fla-org/flash-linear-attention#installation and https://github.com/Dao-AILab/causal-conv1d
[transformers] The fast path is not available because one of the required library is not installed. Falling back to torch implementation. To install follow https://github.com/fla-org/flash-linear-attention#installation and https://github.com/Dao-AILab/causal-conv1d

Loading weights:   0%|          | 0/1026 [00:00<?, ?it/s][A
Loading weights:   0%|          | 0/1026 [00:00<?, ?it/s][A
Loading weights:   0%|          | 0/1026 [00:00<?, ?it/s][A
Loading weights:   0%|          | 0/1026 [00:00<?, ?it/s][A
Loading weights:   0%|          | 0/1026 [00:00<?, ?it/s][A
Loading weights:   0%|          | 0/1026 [00:00<?, ?it/s][A
Loading weights:   0%|          | 0/1026 [00:00<?, ?it/s][A
Loading weights:   0%|          | 0/1026 [00:00<?, ?it/s][ALoading weights: 100%|██████████| 1026/1026 [00:00<00:00, 11450.21it/s]
Loading weights: 100%|██████████| 1026/1026 [00:00<00:00, 11539.53it/s]

Loading weights:  85%|████████▌ | 877/1026 [00:00<00:00, 8757.84it/s][ALoading weights: 100%|██████████| 1026/1026 [00:00<00:00, 11439.16it/s]
Loading weights: 100%|██████████| 1026/1026 [00:00<00:00, 11332.52it/s]
Loading weights: 100%|██████████| 1026/1026 [00:00<00:00, 11389.18it/s]
Loading weights: 100%|██████████| 1026/1026 [00:00<00:00, 8914.79it/s]

Loading weights:  80%|████████  | 824/1026 [00:00<00:00, 8237.04it/s][ALoading weights: 100%|██████████| 1026/1026 [00:00<00:00, 11273.21it/s]
Loading weights: 100%|██████████| 1026/1026 [00:00<00:00, 8128.39it/s]
/mnt/tidal-alsh-hilab/dataset/diandian/user/liuhanzuo/indep-bench_assets/envs/vllm-cu129-v1/lib/python3.11/site-packages/torch/distributed/c10d_logger.py:83: UserWarning: barrier(): using the device under current context. You can specify `device_id` in `init_process_group` to mute this warning.
  return func(*args, **kwargs)
{"phase": "heldout", "step": 0, "overall": {"examples": 26, "answer_positions": 206, "loss": 0.7408308319836149, "ce": 1.6293239108442026, "kl": 0.016249814804593508, "hidden": 0.009738307030472376}, "by_balance_group": {"domain/2wikimqa": {"examples": 14, "answer_positions": 49, "loss": 0.9209737258830238, "ce": 2.039501088205725, "kl": 0.0034141524353929397, "hidden": 0.010016602098143524}, "domain/qasper": {"examples": 12, "answer_positions": 157, "loss": 0.5606879380842049, "ce": 1.2191467334826787, "kl": 0.02908547717379406, "hidden": 0.009460011962801216}}, "selection_metric": "overall.loss", "selection_direction": "min", "example_balanced": true, "target_token_weighting_used": false, "weight_sum": 25.99999999999999}
{"global_grad_norm_before_clip": 1.7184628248214722, "learning_rate_used": 2.5e-06, "next_learning_rate": 2.5e-06, "rows": [{"answer_positions": 56, "balance_group": "domain/qasper", "balance_weight": 1.0, "ce": 0.6792770624160767, "dataset": "qasper", "example_id": "03556c5fc2059380890f2c9aa34634c4aebffc7c097c697461dfcef80522768e", "hidden": 0.005250764079391956, "kl": 0.0017661744495853782, "loss": 0.3073429763317108, "rank": 0, "sequence_tokens": 4096, "stratum": "domain"}, {"answer_positions": 41, "balance_group": "domain/qasper", "balance_weight": 1.0, "ce": 0.7102278470993042, "dataset": "qasper", "example_id": "03d9994c12c0b204480dbc3eefdba13a1dfb83c303826d6a9067d10857019df2", "hidden": 0.00652696006000042, "kl": 0.006582312285900116, "loss": 0.3232117295265198, "rank": 1, "sequence_tokens": 4096, "stratum": "domain"}, {"answer_positions": 3, "balance_group": "domain/qasper", "balance_weight": 1.0, "ce": 0.002057342091575265, "dataset": "qasper", "example_id": "047c00195c99b844896dff0333254f777a9eb6febe9cc470dc7cd6c39a077239", "hidden": 0.007142603397369385, "kl": 0.0003195512108504772, "loss": 0.0024661673232913017, "rank": 2, "sequence_tokens": 4096, "stratum": "domain"}, {"answer_positions": 18, "balance_group": "domain/qasper", "balance_weight": 1.0, "ce": 2.775031566619873, "dataset": "qasper", "example_id": "04f991f7bb85bfa5a7a28e4711e175fd883df6af3a2b884541e5d7f14f019560", "hidden": 0.004021300468593836, "kl": 0.006836180109530687, "loss": 1.2519611120224, "rank": 3, "sequence_tokens": 4096, "stratum": "domain"}, {"answer_positions": 6, "balance_group": "domain/2wikimqa", "balance_weight": 1.0, "ce": 0.012639652006328106, "dataset": "2wikimqa", "example_id": "a64bf2dc61e26460f86af9828457ce2fc02fec27c549007e165a7f6d9dbd8982", "hidden": 0.008749207481741905, "kl": 0.0004386263608466834, "loss": 0.007591203786432743, "rank": 4, "sequence_tokens": 2564, "stratum": "domain"}, {"answer_positions": 11, "balance_group": "domain/2wikimqa", "balance_weight": 1.0, "ce": 0.0005356223555281758, "dataset": "2wikimqa", "example_id": "4b57072277616d41afba0550bffe38514102d36d487b7212d19fd03524ac40f3", "hidden": 0.012270835228264332, "kl": 2.0449291696422733e-05, "loss": 0.002702354220673442, "rank": 5, "sequence_tokens": 2316, "stratum": "domain"}, {"answer_positions": 2, "balance_group": "domain/2wikimqa", "balance_weight": 1.0, "ce": 2.6962382793426514, "dataset": "2wikimqa", "example_id": "98ff3ee0229abfc12ef7a182da251234099fcb8cc40175f49d758513e94e2558", "hidden": 0.009689569473266602, "kl": 0.0009962453041225672, "loss": 1.215593695640564, "rank": 6, "sequence_tokens": 2296, "stratum": "domain"}, {"answer_positions": 9, "balance_group": "domain/2wikimqa", "balance_weight": 1.0, "ce": 0.0005311560234986246, "dataset": "2wikimqa", "example_id": "0c6fa82cb2195a2e7b1720db956ac9604a4348652a4242dee8e26513b6b1161c", "hidden": 0.010972129181027412, "kl": 6.74161346978508e-05, "loss": 0.002457041759043932, "rank": 7, "sequence_tokens": 2237, "stratum": "domain"}], "step": 1, "step_gate_recorded": 1, "summary": {"by_balance_group": {"domain/2wikimqa": {"answer_positions": 28, "ce": 0.6774861774320016, "examples": 4, "hidden": 0.010420435341075063, "kl": 0.000380684272840881, "loss": 0.3070860738516785}, "domain/qasper": {"answer_positions": 118, "ce": 1.0416484545567073, "examples": 4, "hidden": 0.005735407001338899, "kl": 0.0038760545139666647, "loss": 0.47124549630098045}}, "example_balanced": true, "overall": {"answer_positions": 146, "ce": 0.8595673159943544, "examples": 8, "hidden": 0.008077921171206981, "kl": 0.002128369393403773, "loss": 0.3891657850763295}, "selection_direction": "min", "selection_metric": "overall.loss", "target_token_weighting_used": false, "weight_sum": 8.0}}
{"global_grad_norm_before_clip": 5.03223180770874, "learning_rate_used": 2.5e-06, "next_learning_rate": 5e-06, "rows": [{"answer_positions": 2, "balance_group": "domain/qasper", "balance_weight": 1.0, "ce": 1.281884789466858, "dataset": "qasper", "example_id": "36474462eaed97c3d08d8611ce6b1ef4e44474a1b3868566fbff0541d26dd187", "hidden": 0.0077613890171051025, "kl": 0.034497618675231934, "loss": 0.5904746055603027, "rank": 0, "sequence_tokens": 4096, "stratum": "domain"}, {"answer_positions": 2, "balance_group": "domain/qasper", "balance_weight": 1.0, "ce": 2.8269035816192627, "dataset": "qasper", "example_id": "bf23956b637f133f5842c5c94b484efef444cbb5252d4853e0bfb908b970d60c", "hidden": 0.009216278791427612, "kl": 0.059117477387189865, "loss": 1.2946408987045288, "rank": 1, "sequence_tokens": 4096, "stratum": "domain"}, {"answer_positions": 21, "balance_group": "domain/qasper", "balance_weight": 1.0, "ce": 1.0846290588378906, "dataset": "qasper", "example_id": "24932abfcd9c467da209cf7ceab88eaff942935b90c4e9e72713a2a4f7799da3", "hidden": 0.005106653552502394, "kl": 0.005380210932344198, "loss": 0.4909874498844147, "rank": 2, "sequence_tokens": 4096, "stratum": "domain"}, {"answer_positions": 4, "balance_group": "domain/qasper", "balance_weight": 1.0, "ce": 2.805208921432495, "dataset": "qasper", "example_id": "932f6d957061dd7fc6278dc96750ff4f8ed25ba2060b8cd4261f3d286c4ab74a", "hidden": 0.01147972047328949, "kl": 0.0028122873045504093, "loss": 1.2656242847442627, "rank": 3, "sequence_tokens": 4096, "stratum": "domain"}, {"answer_positions": 3, "balance_group": "domain/2wikimqa", "balance_weight": 1.0, "ce": 0.3050568699836731, "dataset": "2wikimqa", "example_id": "7ff331ba2b2ffc6b3d0c0b89395b671f10e07abaad6578f2e67b51491e5ebb8b", "hidden": 0.009861588478088379, "kl": 0.006263286806643009, "loss": 0.14144006371498108, "rank": 4, "sequence_tokens": 898, "stratum": "domain"}, {"answer_positions": 2, "balance_group": "domain/2wikimqa", "balance_weight": 1.0, "ce": 2.1967263221740723, "dataset": "2wikimqa", "example_id": "89261f95472dca3fbef92057d9140c6b67634dac278cbb3746fbfdabd80ed350", "hidden": 0.00711292028427124, "kl": 0.00155352964065969, "loss": 0.99049311876297, "rank": 5, "sequence_tokens": 942, "stratum": "domain"}, {"answer_positions": 4, "balance_group": "domain/2wikimqa", "balance_weight": 1.0, "ce": 0.10031992942094803, "dataset": "2wikimqa", "example_id": "dc9ce67441353061d8666a6c486c27dd48b9e85de6079e84b68cc881744386d8", "hidden": 0.012027770280838013, "kl": 0.014999771490693092, "loss": 0.052799440920352936, "rank": 6, "sequence_tokens": 1285, "stratum": "domain"}, {"answer_positions": 6, "balance_group": "domain/2wikimqa", "balance_weight": 1.0, "ce": 0.17219166457653046, "dataset": "2wikimqa", "example_id": "1c7a6328204fee320d637866104f8890bd5f439c197d8ab70249c5aed66b7694", "hidden": 0.007247488014400005, "kl": 0.002637183992192149, "loss": 0.07985875755548477, "rank": 7, "sequence_tokens": 681, "stratum": "domain"}], "step": 2, "step_gate_recorded": 2, "summary": {"by_balance_group": {"domain/2wikimqa": {"answer_positions": 15, "ce": 0.693573696538806, "examples": 4, "hidden": 0.00906244176439941, "kl": 0.006363442982546985, "loss": 0.3161478452384472}, "domain/qasper": {"answer_positions": 29, "ce": 1.9996565878391266, "examples": 4, "hidden": 0.00839101045858115, "kl": 0.0254518985748291, "loss": 0.9104318097233772}}, "example_balanced": true, "overall": {"answer_positions": 44, "ce": 1.3466151421889663, "examples": 8, "hidden": 0.00872672611149028, "kl": 0.015907670778688043, "loss": 0.6132898274809122}, "selection_direction": "min", "selection_metric": "overall.loss", "target_token_weighting_used": false, "weight_sum": 8.0}}
{"global_grad_norm_before_clip": 5.3895673751831055, "learning_rate_used": 5e-06, "next_learning_rate": 7.500000000000001e-06, "rows": [{"answer_positions": 4, "balance_group": "domain/qasper", "balance_weight": 1.0, "ce": 0.6522224545478821, "dataset": "qasper", "example_id": "7761b69e40222b2d0a2434964f7258be086a3581d26cb909442df516ac737115", "hidden": 0.012668952345848083, "kl": 0.040461450815200806, "loss": 0.3101953864097595, "rank": 0, "sequence_tokens": 4096, "stratum": "domain"}, {"answer_positions": 4, "balance_group": "domain/qasper", "balance_weight": 1.0, "ce": 2.858149528503418, "dataset": "qasper", "example_id": "c6ab0f5096d59a2c9f71b1be9df8447acdff05ac51be378589f8ab224d043be1", "hidden": 0.016657665371894836, "kl": 0.002863375935703516, "loss": 1.2905009984970093, "rank": 1, "sequence_tokens": 2802, "stratum": "domain"}, {"answer_positions": 47, "balance_group": "domain/qasper", "balance_weight": 1.0, "ce": 0.20425383746623993, "dataset": "qasper", "example_id": "955cc763476c134e3867fed23213c469b432c85a463c6737145e7e8ffe19dc12", "hidden": 0.013493364676833153, "kl": 0.0023260549642145634, "loss": 0.0954270139336586, "rank": 2, "sequence_tokens": 4096, "stratum": "domain"}, {"answer_positions": 53, "balance_group": "domain/qasper", "balance_weight": 1.0, "ce": 0.45416000485420227, "dataset": "qasper", "example_id": "45694eaf8209ae0e1146df2932a304b3ce7d7ae7d240bc290976ffb3b9917c9a", "hidden": 0.010228347033262253, "kl": 0.0021199791226536036, "loss": 0.20715966820716858, "rank": 3, "sequence_tokens": 3444, "stratum": "domain"}, {"answer_positions": 6, "balance_group": "domain/2wikimqa", "balance_weight": 1.0, "ce": 0.023108376190066338, "dataset": "2wikimqa", "example_id": "8e8db273419300bb0339d16b8fc15c33da6b8029578c15477976a9baa00e0d4e", "hidden": 0.009682903997600079, "kl": 0.00876657199114561, "loss": 0.015403649769723415, "rank": 4, "sequence_tokens": 799, "stratum": "domain"}, {"answer_positions": 9, "balance_group": "domain/2wikimqa", "balance_weight": 1.0, "ce": 0.0009770771721377969, "dataset": "2wikimqa", "example_id": "ed2659bb4e651b479a51184bee3f8fb908a25cf90dffa87d889783e7abbdcb02", "hidden": 0.013757798820734024, "kl": 0.00442753080278635, "loss": 0.004740879870951176, "rank": 5, "sequence_tokens": 943, "stratum": "domain"}, {"answer_positions": 2, "balance_group": "domain/2wikimqa", "balance_weight": 1.0, "ce": 2.6306912899017334, "dataset": "2wikimqa", "example_id": "d1a39ef44e1b530688cc6c420158120483cb4a306c253d01f61f42128b872721", "hidden": 0.014165222644805908, "kl": 0.02787555195391178, "loss": 1.19640052318573, "rank": 6, "sequence_tokens": 1228, "stratum": "domain"}, {"answer_positions": 2, "balance_group": "domain/2wikimqa", "balance_weight": 1.0, "ce": 3.0070714950561523, "dataset": "2wikimqa", "example_id": "55b01f187b14271e06d6efb8440929c8f11bf34d636edd9e89dee432dc4ac7d2", "hidden": 0.009679168462753296, "kl": 0.0011993072694167495, "loss": 1.3555376529693604, "rank": 7, "sequence_tokens": 1257, "stratum": "domain"}], "step": 3, "step_gate_recorded": null, "summary": {"by_balance_group": {"domain/2wikimqa": {"answer_positions": 19, "ce": 1.4154620595800225, "examples": 4, "hidden": 0.011821273481473327, "kl": 0.010567240504315123, "loss": 0.6430206764489412}, "domain/qasper": {"answer_positions": 108, "ce": 1.0421964563429356, "examples": 4, "hidden": 0.013262082356959581, "kl": 0.011942715209443122, "loss": 0.475820766761899}}, "example_balanced": true, "overall": {"answer_positions": 127, "ce": 1.228829257961479, "examples": 8, "hidden": 0.012541677919216454, "kl": 0.011254977856879123, "loss": 0.5594207216054201}, "selection_direction": "min", "selection_metric": "overall.loss", "target_token_weighting_used": false, "weight_sum": 8.0}}
{"global_grad_norm_before_clip": 1.8596129417419434, "learning_rate_used": 7.500000000000001e-06, "next_learning_rate": 1e-05, "rows": [{"answer_positions": 39, "balance_group": "domain/qasper", "balance_weight": 1.0, "ce": 0.6758469939231873, "dataset": "qasper", "example_id": "4c09137e7d3c5c5bcf51c0df5c6554a707331a1162b4adffd78cd412ecc26353", "hidden": 0.011180974543094635, "kl": 0.006297733634710312, "loss": 0.30857154726982117, "rank": 0, "sequence_tokens": 4096, "stratum": "domain"}, {"answer_positions": 4, "balance_group": "domain/qasper", "balance_weight": 1.0, "ce": 0.003084556432440877, "dataset": "qasper", "example_id": "e2d1672448996e11f0ed0253b6aae0415f6aa41280c1d915dd5c27e774d2a86d", "hidden": 0.014177531003952026, "kl": 0.0019147521816194057, "loss": 0.0048937201499938965, "rank": 1, "sequence_tokens": 3968, "stratum": "domain"}, {"answer_positions": 47, "balance_group": "domain/qasper", "balance_weight": 1.0, "ce": 3.839341163635254, "dataset": "qasper", "example_id": "32aaf0316d98fa9aae2d495edb0cdaa6da3efc4a8a13f6bcedd38bed4dfd1396", "hidden": 0.004467550665140152, "kl": 0.01451936922967434, "loss": 1.7336786985397339, "rank": 2, "sequence_tokens": 4096, "stratum": "domain"}, {"answer_positions": 19, "balance_group": "domain/qasper", "balance_weight": 1.0, "ce": 2.3820559978485107, "dataset": "qasper", "example_id": "4e63408c6ca86fe8d922a282684280f31f9f652bab92fb4c881e6aa4bc4ea486", "hidden": 0.0049382164143025875, "kl": 0.009861337952315807, "loss": 1.076364278793335, "rank": 3, "sequence_tokens": 4096, "stratum": "domain"}, {"answer_positions": 2, "balance_group": "domain/2wikimqa", "balance_weight": 1.0, "ce": 2.448056697845459, "dataset": "2wikimqa", "example_id": "ee02e4f716c226e1e42bc3f7576f94d19e64af939683d5627d209fe7bc7a767d", "hidden": 0.014741212129592896, "kl": 0.0010054695885628462, "loss": 1.1049256324768066, "rank": 4, "sequence_tokens": 834, "stratum": "domain"}, {"answer_positions": 11, "balance_group": "domain/2wikimqa", "balance_weight": 1.0, "ce": 0.001701103406958282, "dataset": "2wikimqa", "example_id": "6e332e00cd1e76fe4024f9d4437a0b669257a18cdf35a8166fd4a906fd8e630b", "hidden": 0.010316832922399044, "kl": 3.857693081954494e-05, "loss": 0.002842365065589547, "rank": 5, "sequence_tokens": 842, "stratum": "domain"}, {"answer_positions": 5, "balance_group": "domain/2wikimqa", "balance_weight": 1.0, "ce": 0.0011153415543958545, "dataset": "2wikimqa", "example_id": "3e04b42989a4ddb6396fb3cb02b9d2fc88d9294524e22c87cefa964d21dc93c5", "hidden": 0.009304225444793701, "kl": 8.03522634669207e-05, "loss": 0.002390872221440077, "rank": 6, "sequence_tokens": 689, "stratum": "domain"}, {"answer_positions": 5, "balance_group": "domain/2wikimqa", "balance_weight": 1.0, "ce": 0.4477446973323822, "dataset": "2wikimqa", "example_id": "8d8f3135b3e8123f9f360653ecccc9bab1c2b86a9cc4a12c70d3aa1737ea5b59", "hidden": 0.016142869368195534, "kl": 0.08094613254070282, "loss": 0.23304483294487, "rank": 7, "sequence_tokens": 1164, "stratum": "domain"}], "step": 4, "step_gate_recorded": null, "summary": {"by_balance_group": {"domain/2wikimqa": {"answer_positions": 23, "ce": 0.7246544600347988, "examples": 4, "hidden": 0.012626284966245294, "kl": 0.020517632830888033, "loss": 0.33580092567717656}, "domain/qasper": {"answer_positions": 109, "ce": 1.7250821779598482, "examples": 4, "hidden": 0.00869106815662235, "kl": 0.008148298249579966, "loss": 0.780877061188221}}, "example_balanced": true, "overall": {"answer_positions": 132, "ce": 1.2248683189973235, "examples": 8, "hidden": 0.010658676561433822, "kl": 0.014332965540234, "loss": 0.5583389934326988}, "selection_direction": "min", "selection_metric": "overall.loss", "target_token_weighting_used": false, "weight_sum": 8.0}}
{"global_grad_norm_before_clip": 2.922714948654175, "learning_rate_used": 1e-05, "next_learning_rate": 1.25e-05, "rows": [{"answer_positions": 4, "balance_group": "domain/qasper", "balance_weight": 1.0, "ce": 0.001516989665105939, "dataset": "qasper", "example_id": "dd9c1d65feefc9b3952030f9479006ea6f91a020e179c733d34526bb2efa5479", "hidden": 0.013112396001815796, "kl": 0.0002538156695663929, "loss": 0.0033939601853489876, "rank": 0, "sequence_tokens": 4061, "stratum": "domain"}, {"answer_positions": 14, "balance_group": "domain/qasper", "balance_weight": 1.0, "ce": 0.8665940761566162, "dataset": "qasper", "example_id": "6fd03229502cc2bc0b5c50b1046b322421073423467cc8e8807d99499b8bb9b4", "hidden": 0.006211638916283846, "kl": 0.023124495521187782, "loss": 0.39930322766304016, "rank": 1, "sequence_tokens": 2927, "stratum": "domain"}, {"answer_positions": 21, "balance_group": "domain/qasper", "balance_weight": 1.0, "ce": 0.7692615389823914, "dataset": "qasper", "example_id": "d1bb596b4e27f89454b2487d44acd3a88617960fcfd252ef8935d1046486e365", "hidden": 0.016057977452874184, "kl": 0.023388676345348358, "loss": 0.357565313577652, "rank": 2, "sequence_tokens": 4096, "stratum": "domain"}, {"answer_positions": 19, "balance_group": "domain/qasper", "balance_weight": 1.0, "ce": 1.6867382526397705, "dataset": "qasper", "example_id": "e45f83f1e88b7e653314395ef30f691ca398c1ecdc7e5c34b08dcc7be6c69162", "hidden": 0.006379246711730957, "kl": 0.004962234757840633, "loss": 0.7620447874069214, "rank": 3, "sequence_tokens": 2926, "stratum": "domain"}, {"answer_positions": 2, "balance_group": "domain/2wikimqa", "balance_weight": 1.0, "ce": 2.5064005851745605, "dataset": "2wikimqa", "example_id": "1ff89ed1d3503ab1f8635aa6eeb2a69dfc210618566ea25d151b3eac799d0a45", "hidden": 0.0092487633228302, "kl": 0.0007062897784635425, "loss": 1.1299772262573242, "rank": 4, "sequence_tokens": 823, "stratum": "domain"}, {"answer_positions": 2, "balance_group": "domain/2wikimqa", "balance_weight": 1.0, "ce": 2.2036778926849365, "dataset": "2wikimqa", "example_id": "af466c05d08f1eb26679fd440521c2d4e1e895f634332c83718bf5a5c93a57e2", "hidden": 0.008228003978729248, "kl": 0.0013054131995886564, "loss": 0.9937575459480286, "rank": 5, "sequence_tokens": 1320, "stratum": "domain"}, {"answer_positions": 5, "balance_group": "domain/2wikimqa", "balance_weight": 1.0, "ce": 0.0018094240222126245, "dataset": "2wikimqa", "example_id": "9b17474cf3249245ed6aafcf705448485577db1724cb2afb46223780c6e43419", "hidden": 0.008402490988373756, "kl": 0.0004412129055708647, "loss": 0.002649163594469428, "rank": 6, "sequence_tokens": 930, "stratum": "domain"}, {"answer_positions": 8, "balance_group": "domain/2wikimqa", "balance_weight": 1.0, "ce": 0.006957748904824257, "dataset": "2wikimqa", "example_id": "b02f8d348a85089f8d687c7289b38b68219a1e5d35e2c331895cf0476f502bc9", "hidden": 0.028355367481708527, "kl": 0.0006403939332813025, "loss": 0.009026198647916317, "rank": 7, "sequence_tokens": 1050, "stratum": "domain"}], "step": 5, "step_gate_recorded": null, "summary": {"by_balance_group": {"domain/2wikimqa": {"answer_positions": 17, "ce": 1.1797114126966335, "examples": 4, "hidden": 0.013558656442910433, "kl": 0.0007733274542260915, "loss": 0.5338525336119346}, "domain/qasper": {"answer_positions": 58, "ce": 0.831027714360971, "examples": 4, "hidden": 0.010440314770676196, "kl": 0.012932305573485792, "loss": 0.38057682220824063}}, "example_balanced": true, "overall": {"answer_positions": 75, "ce": 1.0053695635288022, "examples": 8, "hidden": 0.011999485606793314, "kl": 0.006852816513855942, "loss": 0.45721467791008763}, "selection_direction": "min", "selection_metric": "overall.loss", "target_token_weighting_used": false, "weight_sum": 8.0}}
{"global_grad_norm_before_clip": 1.5435155630111694, "learning_rate_used": 1.25e-05, "next_learning_rate": 1.5000000000000002e-05, "rows": [{"answer_positions": 14, "balance_group": "domain/qasper", "balance_weight": 1.0, "ce": 0.7092462182044983, "dataset": "qasper", "example_id": "0d6ac64cec0675e97885811158b45b64e61dfd45db11523a55d151098eb38dcf", "hidden": 0.006366508547216654, "kl": 0.002534915693104267, "loss": 0.3213213086128235, "rank": 0, "sequence_tokens": 4096, "stratum": "domain"}, {"answer_positions": 11, "balance_group": "domain/qasper", "balance_weight": 1.0, "ce": 0.7696194648742676, "dataset": "qasper", "example_id": "0088aa665c79385cb51e04cdbe9ca8dd29a5825f3df81e4b1ee908327a661769", "hidden": 0.006224691867828369, "kl": 0.00893098022788763, "loss": 0.3506995141506195, "rank": 1, "sequence_tokens": 3609, "stratum": "domain"}, {"answer_positions": 14, "balance_group": "domain/qasper", "balance_weight": 1.0, "ce": 5.229070663452148, "dataset": "qasper", "example_id": "0a121e02184c4764c9bcd47945d796699ecc7d9d1903ade9606eddb1961fdeda", "hidden": 0.013430477119982243, "kl": 0.08898790180683136, "loss": 2.386913537979126, "rank": 2, "sequence_tokens": 4096, "stratum": "domain"}, {"answer_positions": 26, "balance_group": "domain/qasper", "balance_weight": 1.0, "ce": 2.9336674213409424, "dataset": "qasper", "example_id": "daacf47f4275accd40d06b98fc7b433e071ee9eeb38bc44fbda2f9f81339dd19", "hidden": 0.007871036417782307, "kl": 0.01416111458092928, "loss": 1.3266807794570923, "rank": 3, "sequence_tokens": 4096, "stratum": "domain"}, {"answer_positions": 10, "balance_group": "domain/2wikimqa", "balance_weight": 1.0, "ce": 0.0021519095171242952, "dataset": "2wikimqa", "example_id": "73a0663a6a742867b72c648c481b55b56cd6646bc5aca588fa063a9728fcda95", "hidden": 0.019487274810671806, "kl": 0.00045091635547578335, "loss": 0.005023634992539883, "rank": 4, "sequence_tokens": 845, "stratum": "domain"}, {"answer_positions": 5, "balance_group": "domain/2wikimqa", "balance_weight": 1.0, "ce": 0.07885444164276123, "dataset": "2wikimqa", "example_id": "83cf445535f284536af34eb1646fdfacede9075c685aa7e38cdfa869d7e76e98", "hidden": 0.0070355175994336605, "kl": 0.0004038688784930855, "loss": 0.037032950669527054, "rank": 5, "sequence_tokens": 793, "stratum": "domain"}, {"answer_positions": 9, "balance_group": "domain/2wikimqa", "balance_weight": 1.0, "ce": 0.0012577649904415011, "dataset": "2wikimqa", "example_id": "f72237e03c4956d108580b23ffed17e30d3c82b6d478c5a9079c0400a1651f03", "hidden": 0.02107074484229088, "kl": 0.00025313853984698653, "loss": 0.004868741612881422, "rank": 6, "sequence_tokens": 1159, "stratum": "domain"}, {"answer_positions": 9, "balance_group": "domain/2wikimqa", "balance_weight": 1.0, "ce": 0.0009993319399654865, "dataset": "2wikimqa", "example_id": "44efbb1ef5325843ea486c1c61c2a9566001b88d813344a979f61a7636a98fb7", "hidden": 0.008954154327511787, "kl": 0.0007224282016977668, "loss": 0.0024933801032602787, "rank": 7, "sequence_tokens": 864, "stratum": "domain"}], "step": 6, "step_gate_recorded": null, "summary": {"by_balance_group": {"domain/2wikimqa": {"answer_positions": 33, "ce": 0.02081586202257313, "examples": 4, "hidden": 0.014136922894977033, "kl": 0.00045758799387840554, "loss": 0.01235467684455216}, "domain/qasper": {"answer_positions": 65, "ce": 2.410400941967964, "examples": 4, "hidden": 0.008473178488202393, "kl": 0.028653728077188134, "loss": 1.0964037850499153}}, "example_balanced": true, "overall": {"answer_positions": 98, "ce": 1.2156084019952687, "examples": 8, "hidden": 0.011305050691589713, "kl": 0.01455565803553327, "loss": 0.5543792309472337}, "selection_direction": "min", "selection_metric": "overall.loss", "target_token_weighting_used": false, "weight_sum": 8.0}}
{"global_grad_norm_before_clip": 1.3843146562576294, "learning_rate_used": 1.5000000000000002e-05, "next_learning_rate": 1.7500000000000002e-05, "rows": [{"answer_positions": 4, "balance_group": "domain/qasper", "balance_weight": 1.0, "ce": 0.01385844498872757, "dataset": "qasper", "example_id": "10ea1938478c65710899de3c7c92ba80a42d67f89f0b23491020dd555b9678e6", "hidden": 0.014187484979629517, "kl": 0.0030923697631806135, "loss": 0.010156126692891121, "rank": 0, "sequence_tokens": 3505, "stratum": "domain"}, {"answer_positions": 3, "balance_group": "domain/qasper", "balance_weight": 1.0, "ce": 0.28050440549850464, "dataset": "qasper", "example_id": "7ce762de105a4d6356e1c46d4edd1fbcb66f716ca6d6c70871c0de184a06302f", "hidden": 0.008593897335231304, "kl": 0.02265021577477455, "loss": 0.13587333261966705, "rank": 1, "sequence_tokens": 4096, "stratum": "domain"}, {"answer_positions": 25, "balance_group": "domain/qasper", "balance_weight": 1.0, "ce": 1.0840414762496948, "dataset": "qasper", "example_id": "e7a49a6b37e651a382c623a41d47cfe3c65643f3108a6bb5ba0be09c9236a5fc", "hidden": 0.007792215328663588, "kl": 0.009352597407996655, "loss": 0.49265050888061523, "rank": 2, "sequence_tokens": 3606, "stratum": "domain"}, {"answer_positions": 6, "balance_group": "domain/qasper", "balance_weight": 1.0, "ce": 0.4767029881477356, "dataset": "qasper", "example_id": "437adec5ed58c38f2b4f31f3cb809133a196d6235f1ba5e8e315a5307f41c6b3", "hidden": 0.012085288763046265, "kl": 0.0027463817968964577, "loss": 0.21789462864398956, "rank": 3, "sequence_tokens": 4096, "stratum": "domain"}, {"answer_positions": 8, "balance_group": "domain/2wikimqa", "balance_weight": 1.0, "ce": 0.026826180517673492, "dataset": "2wikimqa", "example_id": "712b10223c96adf44a0d0142b59ea2f02375884306bd6384c0ec9232988a9ce2", "hidden": 0.01161050796508789, "kl": 0.003932403400540352, "loss": 0.01577022299170494, "rank": 4, "sequence_tokens": 896, "stratum": "domain"}, {"answer_positions": 3, "balance_group": "domain/2wikimqa", "balance_weight": 1.0, "ce": 0.766185998916626, "dataset": "2wikimqa", "example_id": "e9e06d7463980d3848ba759fca2573dbe2adf158f5ef8aa013617c984ae30262", "hidden": 0.01146852970123291, "kl": 0.026908930391073227, "loss": 0.35649552941322327, "rank": 5, "sequence_tokens": 728, "stratum": "domain"}, {"answer_positions": 5, "balance_group": "domain/2wikimqa", "balance_weight": 1.0, "ce": 0.45834633708000183, "dataset": "2wikimqa", "example_id": "6964a26b72903b32c757238d00e1a7dccff4fb418fdbea217ccc0b31e552eba9", "hidden": 0.014210820198059082, "kl": 0.02763335220515728, "loss": 0.21876968443393707, "rank": 6, "sequence_tokens": 1577, "stratum": "domain"}, {"answer_positions": 9, "balance_group": "domain/2wikimqa", "balance_weight": 1.0, "ce": 0.003929139114916325, "dataset": "2wikimqa", "example_id": "d7050d72d8e93661b12fdb365d12735bc47d55e34f70a1cbe9232b935d4d6e98", "hidden": 0.016708459705114365, "kl": 0.0006142723723314703, "loss": 0.005324799567461014, "rank": 7, "sequence_tokens": 1373, "stratum": "domain"}], "step": 7, "step_gate_recorded": null, "summary": {"by_balance_group": {"domain/2wikimqa": {"answer_positions": 25, "ce": 0.3138219139073044, "examples": 4, "hidden": 0.013499579392373562, "kl": 0.014772239592275582, "loss": 0.14909005910158157}, "domain/qasper": {"answer_positions": 38, "ce": 0.46377682872116566, "examples": 4, "hidden": 0.010664721601642668, "kl": 0.00946039118571207, "loss": 0.21414364920929074}}, "example_balanced": true, "overall": {"answer_positions": 63, "ce": 0.38879937131423503, "examples": 8, "hidden": 0.012082150497008115, "kl": 0.012116315388993826, "loss": 0.18161685415543616}, "selection_direction": "min", "selection_metric": "overall.loss", "target_token_weighting_used": false, "weight_sum": 8.0}}
{"global_grad_norm_before_clip": 3.677048683166504, "learning_rate_used": 1.7500000000000002e-05, "next_learning_rate": 2e-05, "rows": [{"answer_positions": 4, "balance_group": "domain/qasper", "balance_weight": 1.0, "ce": 0.003908421378582716, "dataset": "qasper", "example_id": "53553ab4c5aa4001d19bc10f5c143b0f2dd6121622443caa56b7e20365525523", "hidden": 0.008074626326560974, "kl": 0.005072462372481823, "loss": 0.005149076692759991, "rank": 0, "sequence_tokens": 4096, "stratum": "domain"}, {"answer_positions": 18, "balance_group": "domain/qasper", "balance_weight": 1.0, "ce": 0.9766770601272583, "dataset": "qasper", "example_id": "66184fdd7d781dfdb50f659d841252d866aa738e1ebdc55a8033ef665e6611fb", "hidden": 0.027611033990979195, "kl": 0.02801523543894291, "loss": 0.45483219623565674, "rank": 1, "sequence_tokens": 2980, "stratum": "domain"}, {"answer_positions": 63, "balance_group": "domain/qasper", "balance_weight": 1.0, "ce": 1.432197093963623, "dataset": "qasper", "example_id": "173c8c448adb5f1b14611b1def67599567dcec1520393aeedadd32e84a830997", "hidden": 0.009831189177930355, "kl": 0.024245046079158783, "loss": 0.6549407243728638, "rank": 2, "sequence_tokens": 4096, "stratum": "domain"}, {"answer_positions": 17, "balance_group": "domain/qasper", "balance_weight": 1.0, "ce": 0.8597668409347534, "dataset": "qasper", "example_id": "0d5080face2b37e3a33ce52c86d62f3408a6fd24452f48bc7f98ccc17ab52718", "hidden": 0.01148573774844408, "kl": 0.02473490685224533, "loss": 0.3978494107723236, "rank": 3, "sequence_tokens": 4096, "stratum": "domain"}, {"answer_positions": 2, "balance_group": "domain/2wikimqa", "balance_weight": 1.0, "ce": 3.4663097858428955, "dataset": "2wikimqa", "example_id": "3fa63b1c5809705e2c2d830c57d9dddae6360a91ee358d70cc6e0e54b535eb83", "hidden": 0.013068944215774536, "kl": 0.010692087933421135, "loss": 1.5661953687667847, "rank": 4, "sequence_tokens": 721, "stratum": "domain"}, {"answer_positions": 5, "balance_group": "domain/2wikimqa", "balance_weight": 1.0, "ce": 0.28815731406211853, "dataset": "2wikimqa", "example_id": "40a94733e3de2e910238a7845219060cf6fb7b73e0d65e9939ef53deba8b58b4", "hidden": 0.007641721051186323, "kl": 0.0033363711554557085, "loss": 0.1323668509721756, "rank": 5, "sequence_tokens": 784, "stratum": "domain"}, {"answer_positions": 2, "balance_group": "domain/2wikimqa", "balance_weight": 1.0, "ce": 0.0014502000994980335, "dataset": "2wikimqa", "example_id": "c725dc3b4c7ae9aee08d43d6644948e47fe8ffccf87f734e866af7b28f49ab23", "hidden": 0.008671015501022339, "kl": 0.00015491090016439557, "loss": 0.0024410118348896503, "rank": 6, "sequence_tokens": 1683, "stratum": "domain"}, {"answer_positions": 2, "balance_group": "domain/2wikimqa", "balance_weight": 1.0, "ce": 2.7254247665405273, "dataset": "2wikimqa", "example_id": "1b0fd9588d649a7a3c4d1a67f3ce0e7269413d267c870b23ce5c4cbd748876ac", "hidden": 0.014458835124969482, "kl": 0.017902921885252, "loss": 1.2355989217758179, "rank": 7, "sequence_tokens": 1114, "stratum": "domain"}], "step": 8, "step_gate_recorded": null, "summary": {"by_balance_group": {"domain/2wikimqa": {"answer_positions": 11, "ce": 1.6203355166362599, "examples": 4, "hidden": 0.01096012897323817, "kl": 0.00802157296857331, "loss": 0.734150538337417}, "domain/qasper": {"answer_positions": 102, "ce": 0.8181373541010544, "examples": 4, "hidden": 0.014250646810978651, "kl": 0.02051691268570721, "loss": 0.378192852018401}}, "example_balanced": true, "overall": {"answer_positions": 113, "ce": 1.2192364353686571, "examples": 8, "hidden": 0.01260538789210841, "kl": 0.01426924282714026, "loss": 0.556171695177909}, "selection_direction": "min", "selection_metric": "overall.loss", "target_token_weighting_used": false, "weight_sum": 8.0}}
{"global_grad_norm_before_clip": 3.2726292610168457, "learning_rate_used": 2e-05, "next_learning_rate": 1.9996573249755573e-05, "rows": [{"answer_positions": 12, "balance_group": "domain/qasper", "balance_weight": 1.0, "ce": 1.2896933555603027, "dataset": "qasper", "example_id": "25d7a183d563cdf8dd0933860736fbe246037805e52fda815f5a16ca7561c0ce", "hidden": 0.013287032954394817, "kl": 0.028913114219903946, "loss": 0.5931390523910522, "rank": 0, "sequence_tokens": 4096, "stratum": "domain"}, {"answer_positions": 10, "balance_group": "domain/qasper", "balance_weight": 1.0, "ce": 2.3115322589874268, "dataset": "qasper", "example_id": "e157cc3cac50f07803d9c9b576660304b9ce27add349054f7b4f3d7525ff7393", "hidden": 0.014142632484436035, "kl": 0.06110024452209473, "loss": 1.0644030570983887, "rank": 1, "sequence_tokens": 4096, "stratum": "domain"}, {"answer_positions": 7, "balance_group": "domain/qasper", "balance_weight": 1.0, "ce": 0.3828725218772888, "dataset": "qasper", "example_id": "71f3c30a2dd33f3fb4c58a5a8f9aa842adfbfb957b01bf5ffd9d3ccad4777979", "hidden": 0.010843251831829548, "kl": 0.04228200390934944, "loss": 0.18925999104976654, "rank": 2, "sequence_tokens": 4096, "stratum": "domain"}, {"answer_positions": 3, "balance_group": "domain/qasper", "balance_weight": 1.0, "ce": 1.402225375175476, "dataset": "qasper", "example_id": "f74d27aa508903b88b7502045eaf478574034d81566918b0a6ffbbcfe36191ea", "hidden": 0.009477853775024414, "kl": 0.07359359413385391, "loss": 0.6586546897888184, "rank": 3, "sequence_tokens": 3226, "stratum": "domain"}, {"answer_positions": 2, "balance_group": "domain/2wikimqa", "balance_weight": 1.0, "ce": 2.7088606357574463, "dataset": "2wikimqa", "example_id": "80837bf1807eeacb714c5448ed2b7fe96708afeb35a81094b2380231d7022fc8", "hidden": 0.015654802322387695, "kl": 0.06341934949159622, "loss": 1.2443149089813232, "rank": 4, "sequence_tokens": 1484, "stratum": "domain"}, {"answer_positions": 2, "balance_group": "domain/2wikimqa", "balance_weight": 1.0, "ce": 0.5642051696777344, "dataset": "2wikimqa", "example_id": "a10a30f9510e456a9b589f0c125d1f1463249daff8045e42031d3d0aa58f7c29", "hidden": 0.010173290967941284, "kl": 0.050736065953969955, "loss": 0.27368462085723877, "rank": 5, "sequence_tokens": 601, "stratum": "domain"}, {"answer_positions": 8, "balance_group": "domain/2wikimqa", "balance_weight": 1.0, "ce": 0.003242216072976589, "dataset": "2wikimqa", "example_id": "0e4012e7e80301542f8de70632854740939d22b98609c4092e81e914215cfc26", "hidden": 0.011386342346668243, "kl": 0.0013949163258075714, "loss": 0.0042244866490364075, "rank": 6, "sequence_tokens": 835, "stratum": "domain"}, {"answer_positions": 9, "balance_group": "domain/2wikimqa", "balance_weight": 1.0, "ce": 0.001216986682265997, "dataset": "2wikimqa", "example_id": "b0190f778c828270096684a5d0daf7be7072ea665ced102947cb59bda6188613", "hidden": 0.011194838210940361, "kl": 0.00019258861721027642, "loss": 0.0028540175408124924, "rank": 7, "sequence_tokens": 969, "stratum": "domain"}], "step": 9, "step_gate_recorded": null, "summary": {"by_balance_group": {"domain/2wikimqa": {"answer_positions": 21, "ce": 0.8193812520476058, "examples": 4, "hidden": 0.012102318461984396, "kl": 0.028935730097146006, "loss": 0.38126950850710273}, "domain/qasper": {"answer_positions": 32, "ce": 1.3465808779001236, "examples": 4, "hidden": 0.011937692761421204, "kl": 0.05147223919630051, "loss": 0.6263641975820065}}, "example_balanced": true, "overall": {"answer_positions": 53, "ce": 1.0829810649738647, "examples": 8, "hidden": 0.0120200056117028, "kl": 0.040203984646723256, "loss": 0.5038168530445546}, "selection_direction": "min", "selection_metric": "overall.loss", "target_token_weighting_used": false, "weight_sum": 8.0}}
{"global_grad_norm_before_clip": 1.6119873523712158, "learning_rate_used": 1.9996573249755573e-05, "next_learning_rate": 1.9986295347545738e-05, "rows": [{"answer_positions": 25, "balance_group": "domain/qasper", "balance_weight": 1.0, "ce": 2.045342206954956, "dataset": "qasper", "example_id": "bced8cee21d1baafc03c921faedae1793ee0250557e29e2dac6421c390141e09", "hidden": 0.00865807756781578, "kl": 0.03289005532860756, "loss": 0.933647096157074, "rank": 0, "sequence_tokens": 4096, "stratum": "domain"}, {"answer_positions": 21, "balance_group": "domain/qasper", "balance_weight": 1.0, "ce": 0.597096860408783, "dataset": "qasper", "example_id": "a97d92a2f361c46d14dfa5b9fcb95abe5df48d355490e62d339040542c02449c", "hidden": 0.012713841162621975, "kl": 0.024656575173139572, "loss": 0.27986612915992737, "rank": 1, "sequence_tokens": 4031, "stratum": "domain"}, {"answer_positions": 27, "balance_group": "domain/qasper", "balance_weight": 1.0, "ce": 0.9658998847007751, "dataset": "qasper", "example_id": "baf2ad71050a5c7c04ab87587036ef6a02dcdc7b500df9f820c0e7ae785c6e45", "hidden": 0.00919550471007824, "kl": 0.041695091873407364, "loss": 0.4510873258113861, "rank": 2, "sequence_tokens": 4096, "stratum": "domain"}, {"answer_positions": 4, "balance_group": "domain/qasper", "balance_weight": 1.0, "ce": 0.009995121508836746, "dataset": "qasper", "example_id": "acb36c32de799d97b56100dc1a6f9b4aca1994a28d0e600006ce4b4cedc7e21a", "hidden": 0.019460126757621765, "kl": 0.025411559268832207, "loss": 0.01728387549519539, "rank": 3, "sequence_tokens": 4096, "stratum": "domain"}, {"answer_positions": 2, "balance_group": "domain/2wikimqa", "balance_weight": 1.0, "ce": 1.4865354299545288, "dataset": "2wikimqa", "example_id": "574977c3bc902834a4d7f9516ef35a3ef2ad75450dc5bb554f4d497dce3d84ad", "hidden": 0.013219833374023438, "kl": 0.03108294866979122, "loss": 0.6824638843536377, "rank": 4, "sequence_tokens": 1177, "stratum": "domain"}, {"answer_positions": 7, "balance_group": "domain/2wikimqa", "balance_weight": 1.0, "ce": 0.25110429525375366, "dataset": "2wikimqa", "example_id": "f46c47769abbd94de9e0910b7dcb015fbed3af2be13ea08442c2ec45dacaa6cc", "hidden": 0.007253442890942097, "kl": 0.005049563944339752, "loss": 0.11621496081352234, "rank": 5, "sequence_tokens": 1206, "stratum": "domain"}, {"answer_positions": 5, "balance_group": "domain/2wikimqa", "balance_weight": 1.0, "ce": 0.1451278179883957, "dataset": "2wikimqa", "example_id": "5be262a97e034b2c32e99bdda7a76369995ba08df51b7447475e52ea466be5c6", "hidden": 0.02352505922317505, "kl": 0.06601687520742416, "loss": 0.09311842918395996, "rank": 6, "sequence_tokens": 1178, "stratum": "domain"}, {"answer_positions": 7, "balance_group": "domain/2wikimqa", "balance_weight": 1.0, "ce": 0.011212548241019249, "dataset": "2wikimqa", "example_id": "693bf0aeca48bdc54a4e0eaf5d7777296a0f069a7707d1285366127d55154986", "hidden": 0.011474600993096828, "kl": 0.0001570584427099675, "loss": 0.007395537570118904, "rank": 7, "sequence_tokens": 1200, "stratum": "domain"}], "step": 10, "step_gate_recorded": null, "summary": {"by_balance_group": {"domain/2wikimqa": {"answer_positions": 21, "ce": 0.47349502285942435, "examples": 4, "hidden": 0.013868234120309353, "kl": 0.025576611566066276, "loss": 0.22479820298030972}, "domain/qasper": {"answer_positions": 77, "ce": 0.9045835183933377, "examples": 4, "hidden": 0.01250688754953444, "kl": 0.031163320410996675, "loss": 0.4204711066558957}}, "example_balanced": true, "overall": {"answer_positions": 98, "ce": 0.689039270626381, "examples": 8, "hidden": 0.013187560834921896, "kl": 0.028369965988531476, "loss": 0.3226346548181027}, "selection_direction": "min", "selection_metric": "overall.loss", "target_token_weighting_used": false, "weight_sum": 8.0}}
{"global_grad_norm_before_clip": 1.364072322845459, "learning_rate_used": 1.9986295347545738e-05, "next_learning_rate": 1.9969173337331283e-05, "rows": [{"answer_positions": 4, "balance_group": "domain/qasper", "balance_weight": 1.0, "ce": 0.016295498237013817, "dataset": "qasper", "example_id": "4d6647a77cf9962999c8726a5526658b274d164443d47f757b00b213a6e3ccf8", "hidden": 0.023199081420898438, "kl": 0.025171495974063873, "loss": 0.02078281342983246, "rank": 0, "sequence_tokens": 2713, "stratum": "domain"}, {"answer_positions": 4, "balance_group": "domain/qasper", "balance_weight": 1.0, "ce": 2.0212109088897705, "dataset": "qasper", "example_id": "87d800b7c46b0024590fef74fd4e43cf3a6fa1c96ca68de30a362e37eab50ca9", "hidden": 0.013244464993476868, "kl": 0.0360579639673233, "loss": 0.9248140454292297, "rank": 1, "sequence_tokens": 1835, "stratum": "domain"}, {"answer_positions": 21, "balance_group": "domain/qasper", "balance_weight": 1.0, "ce": 0.6406286358833313, "dataset": "qasper", "example_id": "1c212bb9c97aba6595a04057cc47f4be77a1d051c4e42379f3a419fbb4a5568c", "hidden": 0.02188006229698658, "kl": 0.036135558038949966, "loss": 0.3053063452243805, "rank": 2, "sequence_tokens": 4096, "stratum": "domain"}, {"answer_positions": 100, "balance_group": "domain/qasper", "balance_weight": 1.0, "ce": 0.6118115782737732, "dataset": "qasper", "example_id": "a7fb0373a808ffffc55c35d82206e793b4774dafbdcd7f4da4f581e84880ab44", "hidden": 0.00931541994214058, "kl": 0.013958820141851902, "loss": 0.28206387162208557, "rank": 3, "sequence_tokens": 2400, "stratum": "domain"}, {"answer_positions": 2, "balance_group": "domain/2wikimqa", "balance_weight": 1.0, "ce": 0.09492408484220505, "dataset": "2wikimqa", "example_id": "abf9e0fedcd707cf61d13693985c672ea8453a2e4bca31c8afaf3dd1213318ce", "hidden": 0.01990330219268799, "kl": 0.021112952381372452, "loss": 0.05408602952957153, "rank": 4, "sequence_tokens": 1205, "stratum": "domain"}, {"answer_positions": 5, "balance_group": "domain/2wikimqa", "balance_weight": 1.0, "ce": 1.113784670829773, "dataset": "2wikimqa", "example_id": "3c7a7d8218e730daebd8507432194f61f503aa6d1aa5ee1f60c07f773e3b20da", "hidden": 0.009646284393966198, "kl": 0.0327010415494442, "loss": 0.5145776867866516, "rank": 5, "sequence_tokens": 653, "stratum": "domain"}, {"answer_positions": 4, "balance_group": "domain/2wikimqa", "balance_weight": 1.0, "ce": 0.0011667479993775487, "dataset": "2wikimqa", "example_id": "7ef88e7252622a23aefd057b0a87b061a192352465cc5f28362bad77a5531805", "hidden": 0.016962334513664246, "kl": 0.00148683856241405, "loss": 0.004437897354364395, "rank": 6, "sequence_tokens": 1274, "stratum": "domain"}, {"answer_positions": 2, "balance_group": "domain/2wikimqa", "balance_weight": 1.0, "ce": 0.7130935192108154, "dataset": "2wikimqa", "example_id": "15d1dcde2e3143017cb863da1aa21acbef0502eb9f330b32b8b4ad0d4175c9dc", "hidden": 0.01664850115776062, "kl": 0.12665694952011108, "loss": 0.36855170130729675, "rank": 7, "sequence_tokens": 1376, "stratum": "domain"}], "step": 11, "step_gate_recorded": null, "summary": {"by_balance_group": {"domain/2wikimqa": {"answer_positions": 13, "ce": 0.48074225572054274, "examples": 4, "hidden": 0.015790105564519763, "kl": 0.045489445503335446, "loss": 0.23541332874447107}, "domain/qasper": {"answer_positions": 129, "ce": 0.8224866553209722, "examples": 4, "hidden": 0.016909757163375616, "kl": 0.02783095953054726, "loss": 0.38324176892638206}}, "example_balanced": true, "overall": {"answer_positions": 142, "ce": 0.6516144555207575, "examples": 8, "hidden": 0.01634993136394769, "kl": 0.036660202516941354, "loss": 0.30932754883542657}, "selection_direction": "min", "selection_metric": "overall.loss", "target_token_weighting_used": false, "weight_sum": 8.0}}
{"global_grad_norm_before_clip": 1.6912693977355957, "learning_rate_used": 1.9969173337331283e-05, "next_learning_rate": 1.9945218953682736e-05, "rows": [{"answer_positions": 39, "balance_group": "domain/qasper", "balance_weight": 1.0, "ce": 1.3615223169326782, "dataset": "qasper", "example_id": "e94a1047c01722e693447484426678894daaf26fb29f68453a8c5600ae8a78ef", "hidden": 0.011459309607744217, "kl": 0.018916841596364975, "loss": 0.6215977668762207, "rank": 0, "sequence_tokens": 4096, "stratum": "domain"}, {"answer_positions": 4, "balance_group": "domain/qasper", "balance_weight": 1.0, "ce": 0.14051800966262817, "dataset": "qasper", "example_id": "3f382be4220f1e84303a53f2d344c0d64ecd03e76bed7e9f3ddf5ba3469ef699", "hidden": 0.027937069535255432, "kl": 0.3517196476459503, "loss": 0.1919223815202713, "rank": 1, "sequence_tokens": 4059, "stratum": "domain"}, {"answer_positions": 2, "balance_group": "domain/qasper", "balance_weight": 1.0, "ce": 0.0045496136881411076, "dataset": "qasper", "example_id": "cfbc90fa5d50bae8ddc0bb3c04d54e86e3c0d373dcf818776b6fd336faa999db", "hidden": 0.03175947070121765, "kl": 0.22502401471138, "loss": 0.08715762197971344, "rank": 2, "sequence_tokens": 4096, "stratum": "domain"}, {"answer_positions": 22, "balance_group": "domain/qasper", "balance_weight": 1.0, "ce": 0.9996366500854492, "dataset": "qasper", "example_id": "88f2e44c231d34af2a81790e95ee964d3ba5e01d0e708368b54ffb8cce61cd43", "hidden": 0.014994802884757519, "kl": 0.02141987346112728, "loss": 0.46033239364624023, "rank": 3, "sequence_tokens": 4096, "stratum": "domain"}, {"answer_positions": 9, "balance_group": "domain/2wikimqa", "balance_weight": 1.0, "ce": 0.011011852882802486, "dataset": "2wikimqa", "example_id": "97a746b66f4aba49d4c53564842d8c0510777a3a8114ab475124e18c5c68b0c8", "hidden": 0.029538167640566826, "kl": 0.0036043243017047644, "loss": 0.012124480679631233, "rank": 4, "sequence_tokens": 973, "stratum": "domain"}, {"answer_positions": 5, "balance_group": "domain/2wikimqa", "balance_weight": 1.0, "ce": 0.26557019352912903, "dataset": "2wikimqa", "example_id": "3cd29f3f7750f3c40a6361eb0e90de78bb628e9b9fd590ad3e09f42161391622", "hidden": 0.0151626942679286, "kl": 0.047318410128355026, "loss": 0.1391005665063858, "rank": 5, "sequence_tokens": 1074, "stratum": "domain"}, {"answer_positions": 3, "balance_group": "domain/2wikimqa", "balance_weight": 1.0, "ce": 0.79093337059021, "dataset": "2wikimqa", "example_id": "f2d11b838025bb6a2dcbcc21779d7bd1e6224097f0273d5bce06dba89399cef5", "hidden": 0.01638718508183956, "kl": 0.022209547460079193, "loss": 0.36697080731391907, "rank": 6, "sequence_tokens": 1096, "stratum": "domain"}, {"answer_positions": 3, "balance_group": "domain/2wikimqa", "balance_weight": 1.0, "ce": 0.5382788181304932, "dataset": "2wikimqa", "example_id": "76834d8a3fea87f1df2c2b3a585d1b00602cd919dbef861452b52f4eeac29873", "hidden": 0.014499327167868614, "kl": 0.08351175487041473, "loss": 0.2743544280529022, "rank": 7, "sequence_tokens": 1238, "stratum": "domain"}], "step": 12, "step_gate_recorded": null, "summary": {"by_balance_group": {"domain/2wikimqa": {"answer_positions": 20, "ce": 0.40144855878315866, "examples": 4, "hidden": 0.0188968435395509, "kl": 0.03916100919013843, "loss": 0.19813757063820958}, "domain/qasper": {"answer_positions": 67, "ce": 0.6265566475922242, "examples": 4, "hidden": 0.021537663182243705, "kl": 0.15427009435370564, "loss": 0.3402525410056114}}, "example_balanced": true, "overall": {"answer_positions": 87, "ce": 0.5140026031876914, "examples": 8, "hidden": 0.020217253360897303, "kl": 0.09671555177192204, "loss": 0.2691950558219105}, "selection_direction": "min", "selection_metric": "overall.loss", "target_token_weighting_used": false, "weight_sum": 8.0}}
{"global_grad_norm_before_clip": 1.6153897047042847, "learning_rate_used": 1.9945218953682736e-05, "next_learning_rate": 1.9914448613738107e-05, "rows": [{"answer_positions": 18, "balance_group": "domain/qasper", "balance_weight": 1.0, "ce": 1.8306753635406494, "dataset": "qasper", "example_id": "bbf83080e80ff42c5a68e8a580bf9d669a6397de3ae494e6d73abc090421a7e5", "hidden": 0.02209126576781273, "kl": 0.17752978205680847, "loss": 0.8903575539588928, "rank": 0, "sequence_tokens": 3238, "stratum": "domain"}, {"answer_positions": 2, "balance_group": "domain/qasper", "balance_weight": 1.0, "ce": 0.08009587228298187, "dataset": "qasper", "example_id": "9916619f8607837d24500cc35b0bba5d8a8047f8a986116b20e243687afae98e", "hidden": 0.0227908194065094, "kl": 0.6013211607933044, "loss": 0.2510637044906616, "rank": 1, "sequence_tokens": 2415, "stratum": "domain"}, {"answer_positions": 4, "balance_group": "domain/qasper", "balance_weight": 1.0, "ce": 0.11930233985185623, "dataset": "qasper", "example_id": "92bb67207ad7280781f8b22eba3af6a3ca1432528b8f83611834fe69c91bddd6", "hidden": 0.027377977967262268, "kl": 0.3461401164531708, "loss": 0.1803106814622879, "rank": 2, "sequence_tokens": 4096, "stratum": "domain"}, {"answer_positions": 67, "balance_group": "domain/qasper", "balance_weight": 1.0, "ce": 2.218782663345337, "dataset": "qasper", "example_id": "616aabd51a64e9a6449bd0d04603007bcbd2b114de972c73a5f2e14ef878d2a6", "hidden": 0.00964987464249134, "kl": 0.026380235329270363, "loss": 1.0096153020858765, "rank": 3, "sequence_tokens": 2607, "stratum": "domain"}, {"answer_positions": 9, "balance_group": "domain/2wikimqa", "balance_weight": 1.0, "ce": 0.011467690579593182, "dataset": "2wikimqa", "example_id": "60fd81144c6908836accb9b22eb0a08ae3a064bdf5a368ad73f5d8907c957be6", "hidden": 0.024372300133109093, "kl": 0.0063977898098528385, "loss": 0.012274147011339664, "rank": 4, "sequence_tokens": 858, "stratum": "domain"}, {"answer_positions": 2, "balance_group": "domain/2wikimqa", "balance_weight": 1.0, "ce": 0.5062464475631714, "dataset": "2wikimqa", "example_id": "50a829d1315637e7f4b2c88d5fd56cdb255051b2808df71b50e3878b883f7379", "hidden": 0.0372176468372345, "kl": 0.2415839582681656, "loss": 0.3198087811470032, "rank": 5, "sequence_tokens": 847, "stratum": "domain"}, {"answer_positions": 2, "balance_group": "domain/2wikimqa", "balance_weight": 1.0, "ce": 0.7226525545120239, "dataset": "2wikimqa", "example_id": "96199b50af0edf46fb2f3e4271ad92d7a557ec42e361f5de8a6d57ad2f9cf843", "hidden": 0.030838310718536377, "kl": 0.22506076097488403, "loss": 0.4101325571537018, "rank": 6, "sequence_tokens": 652, "stratum": "domain"}, {"answer_positions": 2, "balance_group": "domain/2wikimqa", "balance_weight": 1.0, "ce": 0.6007264256477356, "dataset": "2wikimqa", "example_id": "dbe89c50260fcba0deaa11f21cad60c941a88f4fd6f2c5c876320e757da9b724", "hidden": 0.03157016634941101, "kl": 0.2028077244758606, "loss": 0.3476236164569855, "rank": 7, "sequence_tokens": 865, "stratum": "domain"}], "step": 13, "step_gate_recorded": null, "summary": {"by_balance_group": {"domain/2wikimqa": {"answer_positions": 15, "ce": 0.460273279575631, "examples": 4, "hidden": 0.030999606009572744, "kl": 0.16896255838219076, "loss": 0.2724597754422575}, "domain/qasper": {"answer_positions": 91, "ce": 1.062214059755206, "examples": 4, "hidden": 0.020477484446018934, "kl": 0.2878428236581385, "loss": 0.5828368104994297}}, "example_balanced": true, "overall": {"answer_positions": 106, "ce": 0.7612436696654186, "examples": 8, "hidden": 0.02573854522779584, "kl": 0.22840269102016464, "loss": 0.4276482929708436}, "selection_direction": "min", "selection_metric": "overall.loss", "target_token_weighting_used": false, "weight_sum": 8.0}}
{"global_grad_norm_before_clip": 0.846751868724823, "learning_rate_used": 1.9914448613738107e-05, "next_learning_rate": 1.9876883405951378e-05, "rows": [{"answer_positions": 47, "balance_group": "domain/qasper", "balance_weight": 1.0, "ce": 0.6617236733436584, "dataset": "qasper", "example_id": "2dc4441b0bd9fe61e04b09b5d75c8c903f92ca198b048a797aeae30ce9547bc2", "hidden": 0.025349758565425873, "kl": 0.09262139350175858, "loss": 0.33526307344436646, "rank": 0, "sequence_tokens": 4096, "stratum": "domain"}, {"answer_positions": 16, "balance_group": "domain/qasper", "balance_weight": 1.0, "ce": 0.04029261693358421, "dataset": "qasper", "example_id": "079abe8bc24b47d5da91ece68115549e233cce7dc34bf8afe71c18076ca66b25", "hidden": 0.02828366309404373, "kl": 0.049825988709926605, "loss": 0.04122750461101532, "rank": 1, "sequence_tokens": 4096, "stratum": "domain"}, {"answer_positions": 49, "balance_group": "domain/qasper", "balance_weight": 1.0, "ce": 0.21645787358283997, "dataset": "qasper", "example_id": "81b1ab8f1a1cf487720f358f1b6f6db74c712e089cc66999415370a9e193cbc5", "hidden": 0.025071846321225166, "kl": 0.04922739788889885, "loss": 0.1196499913930893, "rank": 2, "sequence_tokens": 4096, "stratum": "domain"}, {"answer_positions": 18, "balance_group": "domain/qasper", "balance_weight": 1.0, "ce": 4.278373718261719, "dataset": "qasper", "example_id": "0070add01e359f4bd486d1aa8137b4c9a297eba76345a9316b1d2a55bbf535e6", "hidden": 0.02063479647040367, "kl": 0.09967215359210968, "loss": 1.964280366897583, "rank": 3, "sequence_tokens": 3420, "stratum": "domain"}, {"answer_positions": 2, "balance_group": "domain/2wikimqa", "balance_weight": 1.0, "ce": 0.010179906152188778, "dataset": "2wikimqa", "example_id": "0a2b9baca9dd584c54e41d270eb960fe7dc04c13750b7f2c4b8921fe88d3537a", "hidden": 0.020390480756759644, "kl": 0.014049967750906944, "loss": 0.01357654295861721, "rank": 4, "sequence_tokens": 1656, "stratum": "domain"}, {"answer_positions": 11, "balance_group": "domain/2wikimqa", "balance_weight": 1.0, "ce": 0.009548979811370373, "dataset": "2wikimqa", "example_id": "cf5073f6656fc2a40a41a644b59bb3302c3d0f8607922b27ae4e30d673682257", "hidden": 0.02805759198963642, "kl": 0.0025563028175383806, "loss": 0.010803265497088432, "rank": 5, "sequence_tokens": 821, "stratum": "domain"}, {"answer_positions": 3, "balance_group": "domain/2wikimqa", "balance_weight": 1.0, "ce": 0.5689492225646973, "dataset": "2wikimqa", "example_id": "e5d4fb61a5ad637d86c4f1a8287fcba21d1d8c2112add03a04520f1f43dd5668", "hidden": 0.01654571294784546, "kl": 0.04877648875117302, "loss": 0.27640804648399353, "rank": 6, "sequence_tokens": 736, "stratum": "domain"}, {"answer_positions": 4, "balance_group": "domain/2wikimqa", "balance_weight": 1.0, "ce": 0.02704761177301407, "dataset": "2wikimqa", "example_id": "377376be85a53ac98659d43b86ec615ed5a6190bf76d5f023434bfda49299ade", "hidden": 0.017480075359344482, "kl": 0.00605698162689805, "loss": 0.017787383869290352, "rank": 7, "sequence_tokens": 1050, "stratum": "domain"}], "step": 14, "step_gate_recorded": null, "summary": {"by_balance_group": {"domain/2wikimqa": {"answer_positions": 20, "ce": 0.15393143007531762, "examples": 4, "hidden": 0.0206184652633965, "kl": 0.0178599352366291, "loss": 0.07964380970224738}, "domain/qasper": {"answer_positions": 130, "ce": 1.2992119705304503, "examples": 4, "hidden": 0.02483501611277461, "kl": 0.07283673342317343, "loss": 0.6151052340865135}}, "example_balanced": true, "overall": {"answer_positions": 150, "ce": 0.726571700302884, "examples": 8, "hidden": 0.022726740688085556, "kl": 0.04534833432990126, "loss": 0.34737452189438045}, "selection_direction": "min", "selection_metric": "overall.loss", "target_token_weighting_used": false, "weight_sum": 8.0}}
{"global_grad_norm_before_clip": 3.6424672603607178, "learning_rate_used": 1.9876883405951378e-05, "next_learning_rate": 1.983254907563955e-05, "rows": [{"answer_positions": 4, "balance_group": "domain/qasper", "balance_weight": 1.0, "ce": 0.008683620020747185, "dataset": "qasper", "example_id": "448c506865afe3a08438b298382f7e4a41848dd4c164e2d477cfc958e6c75ac6", "hidden": 0.026460275053977966, "kl": 0.010806606151163578, "loss": 0.012981995940208435, "rank": 0, "sequence_tokens": 3127, "stratum": "domain"}, {"answer_positions": 45, "balance_group": "domain/qasper", "balance_weight": 1.0, "ce": 2.2955055236816406, "dataset": "qasper", "example_id": "2320b0d1ce171d2e8e6d5330663a745d975a45996e93ecf8fd22cbf68e5d0fe0", "hidden": 0.009718305431306362, "kl": 0.03257599100470543, "loss": 1.0463228225708008, "rank": 1, "sequence_tokens": 1269, "stratum": "domain"}, {"answer_positions": 4, "balance_group": "domain/qasper", "balance_weight": 1.0, "ce": 1.9038054943084717, "dataset": "qasper", "example_id": "94ffc6cb4cf7cc46cd8c0db8e9eea15cf8112a77cd3f23bcb3ac82d90a75ee4a", "hidden": 0.0353873074054718, "kl": 0.05638570711016655, "loss": 0.8835248947143555, "rank": 2, "sequence_tokens": 1877, "stratum": "domain"}, {"answer_positions": 2, "balance_group": "domain/qasper", "balance_weight": 1.0, "ce": 1.6930325031280518, "dataset": "qasper", "example_id": "2893ad47fc00a8813bc25398b792841abdbd30bcfb05a7ba45be960b3247a418", "hidden": 0.02574336528778076, "kl": 1.033707857131958, "loss": 1.128811001777649, "rank": 3, "sequence_tokens": 4096, "stratum": "domain"}, {"answer_positions": 2, "balance_group": "domain/2wikimqa", "balance_weight": 1.0, "ce": 0.26407521963119507, "dataset": "2wikimqa", "example_id": "338d5eb27d12a5a153481baca919ec2a2732cdb6750bbb88286a1db883e58bdb", "hidden": 0.04676184058189392, "kl": 0.5033863186836243, "loss": 0.3043714165687561, "rank": 4, "sequence_tokens": 855, "stratum": "domain"}, {"answer_positions": 2, "balance_group": "domain/2wikimqa", "balance_weight": 1.0, "ce": 0.36383095383644104, "dataset": "2wikimqa", "example_id": "5a5ddc291f22a524bdb6908acdf44f96cfc8aa17ac56f922f0248cc1261548ed", "hidden": 0.05070871114730835, "kl": 0.35412365198135376, "loss": 0.2978089451789856, "rank": 5, "sequence_tokens": 1203, "stratum": "domain"}, {"answer_positions": 4, "balance_group": "domain/2wikimqa", "balance_weight": 1.0, "ce": 0.016213933005928993, "dataset": "2wikimqa", "example_id": "e23c6138c24cf5dbf5e187a15d70d86fdd3c27513197b55d92056e4b7a325d7a", "hidden": 0.03335665166378021, "kl": 0.003469121176749468, "loss": 0.01518179289996624, "rank": 6, "sequence_tokens": 1042, "stratum": "domain"}, {"answer_positions": 8, "balance_group": "domain/2wikimqa", "balance_weight": 1.0, "ce": 0.013917850330471992, "dataset": "2wikimqa", "example_id": "c8ca8e8a39f98e6a4aae312a61c9b4aa9850d3def7f9d2a7cee7b78787750848", "hidden": 0.022585302591323853, "kl": 0.004735326860100031, "loss": 0.012437458150088787, "rank": 7, "sequence_tokens": 1162, "stratum": "domain"}], "step": 15, "step_gate_recorded": null, "summary": {"by_balance_group": {"domain/2wikimqa": {"answer_positions": 16, "ce": 0.16450948920100927, "examples": 4, "hidden": 0.038353126496076584, "kl": 0.21642860467545688, "loss": 0.15744990319944918}, "domain/qasper": {"answer_positions": 55, "ce": 1.4752567852847278, "examples": 4, "hidden": 0.024327313294634223, "kl": 0.2833690403494984, "loss": 0.7679101787507534}}, "example_balanced": true, "overall": {"answer_positions": 71, "ce": 0.8198831372428685, "examples": 8, "hidden": 0.0313402198953554, "kl": 0.24989882251247764, "loss": 0.4626800409751013}, "selection_direction": "min", "selection_metric": "overall.loss", "target_token_weighting_used": false, "weight_sum": 8.0}}
{"global_grad_norm_before_clip": 1.1038813591003418, "learning_rate_used": 1.983254907563955e-05, "next_learning_rate": 1.9781476007338058e-05, "rows": [{"answer_positions": 257, "balance_group": "domain/qasper", "balance_weight": 1.0, "ce": 0.1661515235900879, "dataset": "qasper", "example_id": "f56cac2cbb43a7c3e23b9ec04eda2480c60c51087f0295a0f8d3c2a100b64877", "hidden": 0.028667442500591278, "kl": 0.017330680042505264, "loss": 0.08656741678714752, "rank": 0, "sequence_tokens": 4096, "stratum": "domain"}, {"answer_positions": 9, "balance_group": "domain/qasper", "balance_weight": 1.0, "ce": 1.462909460067749, "dataset": "qasper", "example_id": "fb88b4ae27181302c60ce17bd3b742b3d7a5f262d0b1298277b3ca602841389e", "hidden": 0.023332158103585243, "kl": 0.13383419811725616, "loss": 0.70981764793396, "rank": 1, "sequence_tokens": 4096, "stratum": "domain"}, {"answer_positions": 15, "balance_group": "domain/qasper", "balance_weight": 1.0, "ce": 2.668083906173706, "dataset": "qasper", "example_id": "8f5bda4c9a76032aee98ebe9f5297efe2462b2e1db59be876ca03f6e2e648c21", "hidden": 0.023506682366132736, "kl": 0.11737731844186783, "loss": 1.2464210987091064, "rank": 2, "sequence_tokens": 4096, "stratum": "domain"}, {"answer_positions": 27, "balance_group": "domain/qasper", "balance_weight": 1.0, "ce": 0.31753039360046387, "dataset": "qasper", "example_id": "de4a4d02bad08c3d5fdfb69427abe4019de1a10e640a234d6f166e64c09d1a0e", "hidden": 0.02002980187535286, "kl": 0.011075114831328392, "loss": 0.15077091753482819, "rank": 3, "sequence_tokens": 3370, "stratum": "domain"}, {"answer_positions": 4, "balance_group": "domain/2wikimqa", "balance_weight": 1.0, "ce": 0.2734120786190033, "dataset": "2wikimqa", "example_id": "caaf7fbb3281c0a48815ded786377a943e54f99b55c664afca462e54e73626f5", "hidden": 0.03358198702335358, "kl": 0.07954685389995575, "loss": 0.157593235373497, "rank": 4, "sequence_tokens": 819, "stratum": "domain"}, {"answer_positions": 6, "balance_group": "domain/2wikimqa", "balance_weight": 1.0, "ce": 0.007208467461168766, "dataset": "2wikimqa", "example_id": "850ca209c808af279dd2594c512fe359e1827df9cfa9e46085bbc1496abb4fd4", "hidden": 0.028795888647437096, "kl": 0.002750653773546219, "loss": 0.009965716861188412, "rank": 5, "sequence_tokens": 951, "stratum": "domain"}, {"answer_positions": 7, "balance_group": "domain/2wikimqa", "balance_weight": 1.0, "ce": 0.1183037981390953, "dataset": "2wikimqa", "example_id": "be0f521faef9fda0648a754c01a2f6b9e8a73e4fe0dfdc302b38c41d217530fd", "hidden": 0.029008790850639343, "kl": 0.01839051954448223, "loss": 0.06547515094280243, "rank": 6, "sequence_tokens": 781, "stratum": "domain"}, {"answer_positions": 5, "balance_group": "domain/2wikimqa", "balance_weight": 1.0, "ce": 0.43200960755348206, "dataset": "2wikimqa", "example_id": "6e4b44bad02ebdd21988bfea3a90cd1dc67599a4445b50c91889aac2845a8870", "hidden": 0.03034416399896145, "kl": 0.02321847900748253, "loss": 0.20859961211681366, "rank": 7, "sequence_tokens": 1043, "stratum": "domain"}], "step": 16, "step_gate_recorded": null, "summary": {"by_balance_group": {"domain/2wikimqa": {"answer_positions": 22, "ce": 0.20773348794318736, "examples": 4, "hidden": 0.030432707630097866, "kl": 0.030976626556366682, "loss": 0.11040842882357538}, "domain/qasper": {"answer_positions": 308, "ce": 1.1536688208580017, "examples": 4, "hidden": 0.02388402121141553, "kl": 0.06990432785823941, "loss": 0.5483942702412605}}, "example_balanced": true, "overall": {"answer_positions": 330, "ce": 0.6807011544005945, "examples": 8, "hidden": 0.027158364420756698, "kl": 0.05044047720730305, "loss": 0.32940134953241795}, "selection_direction": "min", "selection_metric": "overall.loss", "target_token_weighting_used": false, "weight_sum": 8.0}}
{"global_grad_norm_before_clip": 1.6695740222930908, "learning_rate_used": 1.9781476007338058e-05, "next_learning_rate": 1.9723699203976768e-05, "rows": [{"answer_positions": 4, "balance_group": "domain/qasper", "balance_weight": 1.0, "ce": 0.005111743696033955, "dataset": "qasper", "example_id": "79677056c5888ac565cbf8f19180e1e39d9a135af4700121f28f516440e0d746", "hidden": 0.03751823306083679, "kl": 0.018039271235466003, "loss": 0.016117677092552185, "rank": 0, "sequence_tokens": 4096, "stratum": "domain"}, {"answer_positions": 11, "balance_group": "domain/qasper", "balance_weight": 1.0, "ce": 3.436051845550537, "dataset": "qasper", "example_id": "4e4767a171fb59c7c3f470647460624dc3d20097c35cfff76d43b4c2c4ca6a7c", "hidden": 0.02769441530108452, "kl": 0.1525902897119522, "loss": 1.6051688194274902, "rank": 1, "sequence_tokens": 2917, "stratum": "domain"}, {"answer_positions": 159, "balance_group": "domain/qasper", "balance_weight": 1.0, "ce": 0.17598998546600342, "dataset": "qasper", "example_id": "b1818e459e65037b0f484287d114337106ca1ee50e6cd3d58a7869dadd6a7f67", "hidden": 0.027263274416327477, "kl": 0.04044933244585991, "loss": 0.09880541265010834, "rank": 2, "sequence_tokens": 4096, "stratum": "domain"}, {"answer_positions": 93, "balance_group": "domain/qasper", "balance_weight": 1.0, "ce": 0.14895299077033997, "dataset": "qasper", "example_id": "50ffb740370552ee1536ed25f744b40bf9e5e4c37c3b965d197e49dcb14d4ddf", "hidden": 0.018990930169820786, "kl": 0.03520231321454048, "loss": 0.08314783871173859, "rank": 3, "sequence_tokens": 3054, "stratum": "domain"}, {"answer_positions": 2, "balance_group": "domain/2wikimqa", "balance_weight": 1.0, "ce": 0.07623846083879471, "dataset": "2wikimqa", "example_id": "68a3fe932559464be4ec89f6a832b54dc2d462d21a43dc1cdcef1a8254826d11", "hidden": 0.06109046936035156, "kl": 1.2432506084442139, "loss": 0.4816631078720093, "rank": 4, "sequence_tokens": 906, "stratum": "domain"}, {"answer_positions": 2, "balance_group": "domain/2wikimqa", "balance_weight": 1.0, "ce": 0.13428810238838196, "dataset": "2wikimqa", "example_id": "6fbd69b9020114a0421f45c20bc2b236215723f65ce54ccde42f7525d880eef8", "hidden": 0.0598892867565155, "kl": 0.9763032793998718, "loss": 0.4141136407852173, "rank": 5, "sequence_tokens": 1152, "stratum": "domain"}, {"answer_positions": 5, "balance_group": "domain/2wikimqa", "balance_weight": 1.0, "ce": 0.007967900484800339, "dataset": "2wikimqa", "example_id": "10b5c56e7736307fbeab867403a59af7ac0bc3d10c92abfef5cf549ea2a38328", "hidden": 0.03399055078625679, "kl": 0.00342964637093246, "loss": 0.011584041640162468, "rank": 6, "sequence_tokens": 1215, "stratum": "domain"}, {"answer_positions": 5, "balance_group": "domain/2wikimqa", "balance_weight": 1.0, "ce": 0.23008552193641663, "dataset": "2wikimqa", "example_id": "80414965ccf6c01d85b3d6302447829d4fbfeef0dc412cff50658a729460dfc9", "hidden": 0.02895277738571167, "kl": 0.00624865060672164, "loss": 0.1115160658955574, "rank": 7, "sequence_tokens": 993, "stratum": "domain"}], "step": 17, "step_gate_recorded": null, "summary": {"by_balance_group": {"domain/2wikimqa": {"answer_positions": 14, "ce": 0.11214499641209841, "examples": 4, "hidden": 0.04598077107220888, "kl": 0.557308046205435, "loss": 0.2547192140482366}, "domain/qasper": {"answer_positions": 267, "ce": 0.9415266413707286, "examples": 4, "hidden": 0.027866713237017393, "kl": 0.06157030165195465, "loss": 0.45080993697047234}}, "example_balanced": true, "overall": {"answer_positions": 281, "ce": 0.5268358188914135, "examples": 8, "hidden": 0.03692374215461314, "kl": 0.3094391739286948, "loss": 0.35276457550935447}, "selection_direction": "min", "selection_metric": "overall.loss", "target_token_weighting_used": false, "weight_sum": 8.0}}
{"global_grad_norm_before_clip": 3.4589896202087402, "learning_rate_used": 1.9723699203976768e-05, "next_learning_rate": 1.9659258262890683e-05, "rows": [{"answer_positions": 29, "balance_group": "domain/qasper", "balance_weight": 1.0, "ce": 0.5746795535087585, "dataset": "qasper", "example_id": "1fed49bd6fabce6dc2413e8ee8e2d5aed02e1fc1bdce16828be3ebda4f8c4ffa", "hidden": 0.018865521997213364, "kl": 0.04501451179385185, "loss": 0.27813395857810974, "rank": 0, "sequence_tokens": 2941, "stratum": "domain"}, {"answer_positions": 10, "balance_group": "domain/qasper", "balance_weight": 1.0, "ce": 0.9670959711074829, "dataset": "qasper", "example_id": "a73b9954f1751420f3a4b6a25fcd0c54d7d610df9c2733fd02f5362ddb93daa2", "hidden": 0.025453418493270874, "kl": 0.145417258143425, "loss": 0.4911799132823944, "rank": 1, "sequence_tokens": 3637, "stratum": "domain"}, {"answer_positions": 13, "balance_group": "domain/qasper", "balance_weight": 1.0, "ce": 0.5595015287399292, "dataset": "qasper", "example_id": "aebfc7c275136e128e01b5f255cb3739aa9880171314e69ca1a4b6bd1a3b6a2a", "hidden": 0.03597032651305199, "kl": 0.04394502565264702, "loss": 0.27435052394866943, "rank": 2, "sequence_tokens": 4096, "stratum": "domain"}, {"answer_positions": 62, "balance_group": "domain/qasper", "balance_weight": 1.0, "ce": 0.26366931200027466, "dataset": "qasper", "example_id": "9e292fd4034dcf2bcb1b02b75204772737d453b1d1318746c2321a89a4f1e619", "hidden": 0.03371412679553032, "kl": 0.052813928574323654, "loss": 0.14387889206409454, "rank": 3, "sequence_tokens": 4096, "stratum": "domain"}, {"answer_positions": 2, "balance_group": "domain/2wikimqa", "balance_weight": 1.0, "ce": 1.8540935516357422, "dataset": "2wikimqa", "example_id": "295fd959aca4c09dbd98f985e5cea0d270087baec36d50bb441c1412201e5ea3", "hidden": 0.04773974418640137, "kl": 0.18657197058200836, "loss": 0.9091901779174805, "rank": 4, "sequence_tokens": 1160, "stratum": "domain"}, {"answer_positions": 2, "balance_group": "domain/2wikimqa", "balance_weight": 1.0, "ce": 0.19504570960998535, "dataset": "2wikimqa", "example_id": "8a260bdc6710fc0cfa6016a91905fb8dd47d215b2b90d1c2a1af7b0fbb804f0e", "hidden": 0.05848342180252075, "kl": 0.7965292930603027, "loss": 0.3782525062561035, "rank": 5, "sequence_tokens": 659, "stratum": "domain"}, {"answer_positions": 4, "balance_group": "domain/2wikimqa", "balance_weight": 1.0, "ce": 0.3017690181732178, "dataset": "2wikimqa", "example_id": "ee07e1ab6a8462237da3738e8979025d82d22dff62521c5a84902ec0563ac859", "hidden": 0.03271551430225372, "kl": 0.129245787858963, "loss": 0.18757517635822296, "rank": 6, "sequence_tokens": 737, "stratum": "domain"}, {"answer_positions": 2, "balance_group": "domain/2wikimqa", "balance_weight": 1.0, "ce": 0.2295922040939331, "dataset": "2wikimqa", "example_id": "47e47f359b48bff1f907c2fd8441d5d4a9786c7fcf21547d9cf8e5db2b7f4e05", "hidden": 0.05099213123321533, "kl": 0.7497776746749878, "loss": 0.3759370744228363, "rank": 7, "sequence_tokens": 1881, "stratum": "domain"}], "step": 18, "step_gate_recorded": null, "summary": {"by_balance_group": {"domain/2wikimqa": {"answer_positions": 10, "ce": 0.6451251208782196, "examples": 4, "hidden": 0.047482702881097794, "kl": 0.4655311815440655, "loss": 0.4627387337386608}, "domain/qasper": {"answer_positions": 114, "ce": 0.5912365913391113, "examples": 4, "hidden": 0.028500848449766636, "kl": 0.07179768104106188, "loss": 0.29688582196831703}}, "example_balanced": true, "overall": {"answer_positions": 124, "ce": 0.6181808561086655, "examples": 8, "hidden": 0.037991775665432215, "kl": 0.2686644312925637, "loss": 0.3798122778534889}, "selection_direction": "min", "selection_metric": "overall.loss", "target_token_weighting_used": false, "weight_sum": 8.0}}
{"global_grad_norm_before_clip": 2.3616552352905273, "learning_rate_used": 1.9659258262890683e-05, "next_learning_rate": 1.958819734868193e-05, "rows": [{"answer_positions": 78, "balance_group": "domain/qasper", "balance_weight": 1.0, "ce": 2.6192336082458496, "dataset": "qasper", "example_id": "3c0e50f74ee67cd0a07257f511a45d0030a28a4632b99a56cf0d020d72029e10", "hidden": 0.021719979122281075, "kl": 0.09408673644065857, "loss": 1.2159295082092285, "rank": 0, "sequence_tokens": 2728, "stratum": "domain"}, {"answer_positions": 10, "balance_group": "domain/qasper", "balance_weight": 1.0, "ce": 0.049853600561618805, "dataset": "qasper", "example_id": "3dcacafb5d7eac57bb43e716e6d06f47be4331fa675d7d129ecbc0427c1ae94c", "hidden": 0.04383198544383049, "kl": 0.13259798288345337, "loss": 0.07760980725288391, "rank": 1, "sequence_tokens": 4096, "stratum": "domain"}, {"answer_positions": 4, "balance_group": "domain/qasper", "balance_weight": 1.0, "ce": 0.008010707795619965, "dataset": "qasper", "example_id": "efa48118f7938d90bb2dc97ee6fd733c5ea56b5954fa095018bf08ce1022c580", "hidden": 0.04183433949947357, "kl": 0.010649798437952995, "loss": 0.0156991146504879, "rank": 2, "sequence_tokens": 3980, "stratum": "domain"}, {"answer_positions": 8, "balance_group": "domain/qasper", "balance_weight": 1.0, "ce": 3.5922038555145264, "dataset": "qasper", "example_id": "30837d022f66e868e2293cd9fd0d40069e1d9db1f6317f22c7778dadfeaf5874", "hidden": 0.020079217851161957, "kl": 0.03637533262372017, "loss": 1.6332387924194336, "rank": 3, "sequence_tokens": 1877, "stratum": "domain"}, {"answer_positions": 5, "balance_group": "domain/2wikimqa", "balance_weight": 1.0, "ce": 0.09912583976984024, "dataset": "2wikimqa", "example_id": "7c681c51fb8dd020252a2eeb6fc0e54b51ec35758c055ff3b3a073094155f1f2", "hidden": 0.04414181783795357, "kl": 0.04592425003647804, "loss": 0.06950847804546356, "rank": 4, "sequence_tokens": 1787, "stratum": "domain"}, {"answer_positions": 2, "balance_group": "domain/2wikimqa", "balance_weight": 1.0, "ce": 2.3112895488739014, "dataset": "2wikimqa", "example_id": "08c5d07e6def2b2149c0d92f71ac1e9f663056545ea9069992a6bf6b950918ab", "hidden": 0.06450939178466797, "kl": 0.6703022718429565, "loss": 1.2875880002975464, "rank": 5, "sequence_tokens": 576, "stratum": "domain"}, {"answer_positions": 3, "balance_group": "domain/2wikimqa", "balance_weight": 1.0, "ce": 0.017023352906107903, "dataset": "2wikimqa", "example_id": "0d0b55977c77b4cf855f96f16beebc7adae27bcecd3960e9c6bc82d597bc6a81", "hidden": 0.060451965779066086, "kl": 0.008074008859694004, "loss": 0.02257680520415306, "rank": 6, "sequence_tokens": 925, "stratum": "domain"}, {"answer_positions": 2, "balance_group": "domain/2wikimqa", "balance_weight": 1.0, "ce": 0.12667836248874664, "dataset": "2wikimqa", "example_id": "095718450314ca8854b88d6beb763454a85cea331758ea20fe40ca4ae7a31c9c", "hidden": 0.053795576095581055, "kl": 0.9651637077331543, "loss": 0.40557166934013367, "rank": 7, "sequence_tokens": 959, "stratum": "domain"}], "step": 19, "step_gate_recorded": null, "summary": {"by_balance_group": {"domain/2wikimqa": {"answer_positions": 12, "ce": 0.638529276009649, "examples": 4, "hidden": 0.05572468787431717, "kl": 0.4223660596180707, "loss": 0.44631123822182417}, "domain/qasper": {"answer_positions": 100, "ce": 1.5673254430294037, "examples": 4, "hidden": 0.03186638047918677, "kl": 0.06842746259644628, "loss": 0.7356193056330085}}, "example_balanced": true, "overall": {"answer_positions": 112, "ce": 1.1029273595195264, "examples": 8, "hidden": 0.04379553417675197, "kl": 0.2453967611072585, "loss": 0.5909652719274163}, "selection_direction": "min", "selection_metric": "overall.loss", "target_token_weighting_used": false, "weight_sum": 8.0}}
{"global_grad_norm_before_clip": 2.0187039375305176, "learning_rate_used": 1.958819734868193e-05, "next_learning_rate": 1.9510565162951538e-05, "rows": [{"answer_positions": 2, "balance_group": "domain/qasper", "balance_weight": 1.0, "ce": 0.1079644039273262, "dataset": "qasper", "example_id": "e1ab7e657632b3bfd1f78d00b6891b8f789ed3b8393de2a8b324e0b18a728d71", "hidden": 0.05496290326118469, "kl": 1.1495870351791382, "loss": 0.4619320333003998, "rank": 0, "sequence_tokens": 4096, "stratum": "domain"}, {"answer_positions": 30, "balance_group": "domain/qasper", "balance_weight": 1.0, "ce": 2.1714284420013428, "dataset": "qasper", "example_id": "7f389b173819912c8d53c2dc3780e47559eef6e63e8ce2f77af76c58e90216e8", "hidden": 0.014398549683392048, "kl": 0.11033381521701813, "loss": 1.018639326095581, "rank": 1, "sequence_tokens": 1857, "stratum": "domain"}, {"answer_positions": 11, "balance_group": "domain/qasper", "balance_weight": 1.0, "ce": 0.7701506614685059, "dataset": "qasper", "example_id": "9f0813c05f48033770843158c265fcb18628c3a73c0a6333912feac673c9cb88", "hidden": 0.025233713909983635, "kl": 0.16496451199054718, "loss": 0.4093521237373352, "rank": 2, "sequence_tokens": 1885, "stratum": "domain"}, {"answer_positions": 4, "balance_group": "domain/qasper", "balance_weight": 1.0, "ce": 0.011205483227968216, "dataset": "qasper", "example_id": "07ee92a6faf7f266ac3cfe7a2de5761c5bd47ada9d89f0040e92fb13f4922c2f", "hidden": 0.03267708420753479, "kl": 0.0073911817744374275, "loss": 0.014164797961711884, "rank": 3, "sequence_tokens": 4096, "stratum": "domain"}, {"answer_positions": 2, "balance_group": "domain/2wikimqa", "balance_weight": 1.0, "ce": 0.24452199041843414, "dataset": "2wikimqa", "example_id": "58ac37423adc1ff631ad07dc3102929e4ee393eb64f9fd07633036681a3954a4", "hidden": 0.0654621422290802, "kl": 1.0246232748031616, "loss": 0.4817454516887665, "rank": 4, "sequence_tokens": 662, "stratum": "domain"}, {"answer_positions": 3, "balance_group": "domain/2wikimqa", "balance_weight": 1.0, "ce": 1.4215896129608154, "dataset": "2wikimqa", "example_id": "bd818c8360ce500668f17bc9f340a43897d0348a48d13096689047b298e17100", "hidden": 0.03733094781637192, "kl": 0.13639315962791443, "loss": 0.6949191093444824, "rank": 5, "sequence_tokens": 1161, "stratum": "domain"}, {"answer_positions": 2, "balance_group": "domain/2wikimqa", "balance_weight": 1.0, "ce": 0.631303071975708, "dataset": "2wikimqa", "example_id": "348df5c5dcafa8059fef9edbafe88caff208aee9ad6247e4a5b031f77d6f0000", "hidden": 0.08965155482292175, "kl": 1.2141530513763428, "loss": 0.7269702553749084, "rank": 6, "sequence_tokens": 602, "stratum": "domain"}, {"answer_positions": 11, "balance_group": "domain/2wikimqa", "balance_weight": 1.0, "ce": 0.026802197098731995, "dataset": "2wikimqa", "example_id": "655971767bd8ed5450dc632a1c9f0bb743f0702bf836e4db1f7cc3afea61e4de", "hidden": 0.04121672734618187, "kl": 0.016878614202141762, "loss": 0.026211850345134735, "rank": 7, "sequence_tokens": 1148, "stratum": "domain"}], "step": 20, "step_gate_recorded": null, "summary": {"by_balance_group": {"domain/2wikimqa": {"answer_positions": 18, "ce": 0.5810542181134224, "examples": 4, "hidden": 0.058415343053638935, "kl": 0.5980120250023901, "loss": 0.482461666688323}, "domain/qasper": {"answer_positions": 47, "ce": 0.7651872476562858, "examples": 4, "hidden": 0.03181806276552379, "kl": 0.35806913604028523, "loss": 0.476022070273757}}, "example_balanced": true, "overall": {"answer_positions": 65, "ce": 0.6731207328848541, "examples": 8, "hidden": 0.04511670290958136, "kl": 0.4780405805213377, "loss": 0.47924186848104}, "selection_direction": "min", "selection_metric": "overall.loss", "target_token_weighting_used": false, "weight_sum": 8.0}}
{"global_grad_norm_before_clip": 2.1863746643066406, "learning_rate_used": 1.9510565162951538e-05, "next_learning_rate": 1.9426414910921785e-05, "rows": [{"answer_positions": 4, "balance_group": "domain/qasper", "balance_weight": 1.0, "ce": 0.01649314910173416, "dataset": "qasper", "example_id": "fefe4438d8824257a9b0a98d1fdf26f4206e669141f73385c7493f230af3da44", "hidden": 0.04572322964668274, "kl": 0.010868002660572529, "loss": 0.02037036418914795, "rank": 0, "sequence_tokens": 4096, "stratum": "domain"}, {"answer_positions": 4, "balance_group": "domain/qasper", "balance_weight": 1.0, "ce": 0.19809432327747345, "dataset": "qasper", "example_id": "1ccac58eea036c78711cf0c945cbe8072dbe2908d21be1151f2714a18b166760", "hidden": 0.042515575885772705, "kl": 0.19879794120788574, "loss": 0.16722482442855835, "rank": 1, "sequence_tokens": 4023, "stratum": "domain"}, {"answer_positions": 15, "balance_group": "domain/qasper", "balance_weight": 1.0, "ce": 1.4100444316864014, "dataset": "qasper", "example_id": "083a46ba9cd3cbc10ad1fa1735a76a25c1a22a787628a6284919eaf6788b15df", "hidden": 0.040725212544202805, "kl": 0.07661061733961105, "loss": 0.669478714466095, "rank": 2, "sequence_tokens": 2920, "stratum": "domain"}, {"answer_positions": 34, "balance_group": "domain/qasper", "balance_weight": 1.0, "ce": 0.40523913502693176, "dataset": "qasper", "example_id": "16a2dd725acca06a3bec70554b12acdd5df0d22d9a09ef5374f78c968e46b714", "hidden": 0.03614461421966553, "kl": 0.0828828290104866, "loss": 0.21859551966190338, "rank": 3, "sequence_tokens": 4096, "stratum": "domain"}, {"answer_positions": 3, "balance_group": "domain/2wikimqa", "balance_weight": 1.0, "ce": 0.07305407524108887, "dataset": "2wikimqa", "example_id": "945e943601054f8e972750d09caf2d26c70d2928675480f9b64495a4c7938ff8", "hidden": 0.04803001880645752, "kl": 0.06388659030199051, "loss": 0.0648406445980072, "rank": 4, "sequence_tokens": 1500, "stratum": "domain"}, {"answer_positions": 2, "balance_group": "domain/2wikimqa", "balance_weight": 1.0, "ce": 0.08664103597402573, "dataset": "2wikimqa", "example_id": "ca01ca57e34a13506dc360ef849c27552d4e05d72ee765c27afd2711a312c6c4", "hidden": 0.06880500912666321, "kl": 1.0416557788848877, "loss": 0.41732901334762573, "rank": 5, "sequence_tokens": 1156, "stratum": "domain"}, {"answer_positions": 2, "balance_group": "domain/2wikimqa", "balance_weight": 1.0, "ce": 0.34801748394966125, "dataset": "2wikimqa", "example_id": "599892847926049e9ef955235d53a258bf7c3fd67c29d2db9bb65e86d86a9425", "hidden": 0.06946766376495361, "kl": 1.1512994766235352, "loss": 0.5734562277793884, "rank": 6, "sequence_tokens": 1389, "stratum": "domain"}, {"answer_positions": 5, "balance_group": "domain/2wikimqa", "balance_weight": 1.0, "ce": 0.39859068393707275, "dataset": "2wikimqa", "example_id": "038ec805d88f92abe4d1956cb2675de84723e524cfccbeb827c2d3d6ec49c24a", "hidden": 0.04639342054724693, "kl": 0.009984786622226238, "loss": 0.1921391636133194, "rank": 7, "sequence_tokens": 727, "stratum": "domain"}], "step": 21, "step_gate_recorded": null, "summary": {"by_balance_group": {"domain/2wikimqa": {"answer_positions": 12, "ce": 0.22657581977546215, "examples": 4, "hidden": 0.05817402806133032, "kl": 0.5667066581081599, "loss": 0.3119412623345852}, "domain/qasper": {"answer_positions": 57, "ce": 0.5074677597731352, "examples": 4, "hidden": 0.041277158074080944, "kl": 0.09228984755463898, "loss": 0.26891735568642616}}, "example_balanced": true, "overall": {"answer_positions": 69, "ce": 0.36702178977429867, "examples": 8, "hidden": 0.04972559306770563, "kl": 0.32949825283139944, "loss": 0.2904293090105057}, "selection_direction": "min", "selection_metric": "overall.loss", "target_token_weighting_used": false, "weight_sum": 8.0}}
{"global_grad_norm_before_clip": 1.7840920686721802, "learning_rate_used": 1.9426414910921785e-05, "next_learning_rate": 1.9335804264972018e-05, "rows": [{"answer_positions": 7, "balance_group": "domain/qasper", "balance_weight": 1.0, "ce": 0.06036437675356865, "dataset": "qasper", "example_id": "0d0537a27452b5e74128c07d4f37b24fc191a87d8e0205295ba362e7b2f3d299", "hidden": 0.0297522135078907, "kl": 0.047418877482414246, "loss": 0.049711018800735474, "rank": 0, "sequence_tokens": 4096, "stratum": "domain"}, {"answer_positions": 3, "balance_group": "domain/qasper", "balance_weight": 1.0, "ce": 1.6468509435653687, "dataset": "qasper", "example_id": "ec839de1b481fb09265d1b3ddfe34222c74627a846e3663822db934d62c8fbec", "hidden": 0.03791451454162598, "kl": 0.8821527361869812, "loss": 1.0574193000793457, "rank": 1, "sequence_tokens": 4096, "stratum": "domain"}, {"answer_positions": 19, "balance_group": "domain/qasper", "balance_weight": 1.0, "ce": 1.030666708946228, "dataset": "qasper", "example_id": "2e097a3800fa5de907e29424f0e3df25d9bd8d96f1b0ee215a14b9ea65cc46b3", "hidden": 0.029206587001681328, "kl": 0.08272862434387207, "loss": 0.49859634041786194, "rank": 2, "sequence_tokens": 4096, "stratum": "domain"}, {"answer_positions": 29, "balance_group": "domain/qasper", "balance_weight": 1.0, "ce": 0.4024563431739807, "dataset": "qasper", "example_id": "7c1a6523f5be2673786f9db156c4941b157dbbb80568291414ed341fe2d8ae39", "hidden": 0.047043297439813614, "kl": 0.12623028457164764, "loss": 0.23469460010528564, "rank": 3, "sequence_tokens": 4096, "stratum": "domain"}, {"answer_positions": 2, "balance_group": "domain/2wikimqa", "balance_weight": 1.0, "ce": 0.213844895362854, "dataset": "2wikimqa", "example_id": "6ffb6d6f699390321aa63c373e792ab92173314f3f79254d69a910a6475ce546", "hidden": 0.06551915407180786, "kl": 0.6348486542701721, "loss": 0.3315310776233673, "rank": 4, "sequence_tokens": 1402, "stratum": "domain"}, {"answer_positions": 4, "balance_group": "domain/2wikimqa", "balance_weight": 1.0, "ce": 0.023736100643873215, "dataset": "2wikimqa", "example_id": "618459fd7e5843e93e9ac4e7979fa11543d3797b457fa4637b4e0458265b9b74", "hidden": 0.0506981760263443, "kl": 0.01307251863181591, "loss": 0.025396261364221573, "rank": 5, "sequence_tokens": 737, "stratum": "domain"}, {"answer_positions": 3, "balance_group": "domain/2wikimqa", "balance_weight": 1.0, "ce": 0.13925737142562866, "dataset": "2wikimqa", "example_id": "d30fba387019d0da09b0a0262c4f395a78e4c59ce48bb0e46ebf60646ca54f4e", "hidden": 0.03981296345591545, "kl": 0.26826369762420654, "loss": 0.16452069580554962, "rank": 6, "sequence_tokens": 1226, "stratum": "domain"}, {"answer_positions": 2, "balance_group": "domain/2wikimqa", "balance_weight": 1.0, "ce": 0.11443117260932922, "dataset": "2wikimqa", "example_id": "d9b0c3a088b32666aaf21394fa2a99cc7848521f6f622eb55b947647f454a927", "hidden": 0.06677702069282532, "kl": 0.9757126569747925, "loss": 0.40634885430336, "rank": 7, "sequence_tokens": 873, "stratum": "domain"}], "step": 22, "step_gate_recorded": null, "summary": {"by_balance_group": {"domain/2wikimqa": {"answer_positions": 11, "ce": 0.12281738501042128, "examples": 4, "hidden": 0.05570182856172323, "kl": 0.47297438187524676, "loss": 0.23194922227412462}, "domain/qasper": {"answer_positions": 58, "ce": 0.7850845931097865, "examples": 4, "hidden": 0.035979153122752905, "kl": 0.2846326306462288, "loss": 0.4601053148508072}}, "example_balanced": true, "overall": {"answer_positions": 69, "ce": 0.4539509890601039, "examples": 8, "hidden": 0.04584049084223807, "kl": 0.3788035062607378, "loss": 0.3460272685624659}, "selection_direction": "min", "selection_metric": "overall.loss", "target_token_weighting_used": false, "weight_sum": 8.0}}
{"global_grad_norm_before_clip": 1.645778775215149, "learning_rate_used": 1.9335804264972018e-05, "next_learning_rate": 1.9238795325112867e-05, "rows": [{"answer_positions": 2, "balance_group": "domain/qasper", "balance_weight": 1.0, "ce": 0.06702504307031631, "dataset": "qasper", "example_id": "62bcc22e148ea7c8c78b7910f5e8f68a45b4f728be2766a4fbf2ae79b484eef1", "hidden": 0.0489879846572876, "kl": 0.4315298795700073, "loss": 0.19099432229995728, "rank": 0, "sequence_tokens": 4096, "stratum": "domain"}, {"answer_positions": 14, "balance_group": "domain/qasper", "balance_weight": 1.0, "ce": 0.6204494833946228, "dataset": "qasper", "example_id": "e2752e45e0e4e256ccb6fb653d448e619c87541cb243f79de6719d6854635a4c", "hidden": 0.036654189229011536, "kl": 0.06143173947930336, "loss": 0.30803418159484863, "rank": 1, "sequence_tokens": 4096, "stratum": "domain"}, {"answer_positions": 38, "balance_group": "domain/qasper", "balance_weight": 1.0, "ce": 1.5984023809432983, "dataset": "qasper", "example_id": "fce495aa270d1b7b6107d047f45626c8d79822ac8ee64bc362c6662e3978f0d5", "hidden": 0.024975206702947617, "kl": 0.114449642598629, "loss": 0.7643334865570068, "rank": 2, "sequence_tokens": 4096, "stratum": "domain"}, {"answer_positions": 12, "balance_group": "domain/qasper", "balance_weight": 1.0, "ce": 0.5967020988464355, "dataset": "qasper", "example_id": "f40bdcff969f001fbf242ff8ac5b841b4275c7bb5ef49b0b79d698ad35b117f9", "hidden": 0.03698378801345825, "kl": 0.12992587685585022, "loss": 0.32138675451278687, "rank": 3, "sequence_tokens": 3139, "stratum": "domain"}, {"answer_positions": 2, "balance_group": "domain/2wikimqa", "balance_weight": 1.0, "ce": 0.8243617415428162, "dataset": "2wikimqa", "example_id": "127b7465346e820975b4a18ccb24462df08534c77f29c0958f92cff6e83ff6ce", "hidden": 0.0483151376247406, "kl": 0.09966852515935898, "loss": 0.41550976037979126, "rank": 4, "sequence_tokens": 1043, "stratum": "domain"}, {"answer_positions": 2, "balance_group": "domain/2wikimqa", "balance_weight": 1.0, "ce": 0.19942602515220642, "dataset": "2wikimqa", "example_id": "5c882c73a0245f2bc43dad8aee542f593430df8a1a382e56be16e5e7fcc4951a", "hidden": 0.07832744717597961, "kl": 0.6897922158241272, "loss": 0.3468344807624817, "rank": 5, "sequence_tokens": 1873, "stratum": "domain"}, {"answer_positions": 11, "balance_group": "domain/2wikimqa", "balance_weight": 1.0, "ce": 0.010125180706381798, "dataset": "2wikimqa", "example_id": "62928c0125dbbc17ea45ed907b714512336a2d99cdef8540f1c9feaac94610f4", "hidden": 0.044913385063409805, "kl": 0.008420303463935852, "loss": 0.016486115753650665, "rank": 6, "sequence_tokens": 1338, "stratum": "domain"}, {"answer_positions": 9, "balance_group": "domain/2wikimqa", "balance_weight": 1.0, "ce": 0.05873236432671547, "dataset": "2wikimqa", "example_id": "b9a5b1c35552f6b9bcdf1cb3de9666b32dd6bd52c65b921c282e82cb74eb1908", "hidden": 0.050084736198186874, "kl": 0.02958756312727928, "loss": 0.046802159398794174, "rank": 7, "sequence_tokens": 1292, "stratum": "domain"}], "step": 23, "step_gate_recorded": null, "summary": {"by_balance_group": {"domain/2wikimqa": {"answer_positions": 24, "ce": 0.27316132793202996, "examples": 4, "hidden": 0.055410176515579224, "kl": 0.20686715189367533, "loss": 0.20640812907367945}, "domain/qasper": {"answer_positions": 66, "ce": 0.7206447515636683, "examples": 4, "hidden": 0.03690029215067625, "kl": 0.18433428462594748, "loss": 0.3961871862411499}}, "example_balanced": true, "overall": {"answer_positions": 90, "ce": 0.4969030397478491, "examples": 8, "hidden": 0.04615523433312774, "kl": 0.1956007182598114, "loss": 0.3012976576574147}, "selection_direction": "min", "selection_metric": "overall.loss", "target_token_weighting_used": false, "weight_sum": 8.0}}
{"global_grad_norm_before_clip": 1.5283552408218384, "learning_rate_used": 1.9238795325112867e-05, "next_learning_rate": 1.913545457642601e-05, "rows": [{"answer_positions": 12, "balance_group": "domain/qasper", "balance_weight": 1.0, "ce": 0.7073240280151367, "dataset": "qasper", "example_id": "0fed5ab05ab92c9b1623e1d863d371952d248da4f8c3af49f2b942ebab4e1349", "hidden": 0.05538288876414299, "kl": 0.22098688781261444, "loss": 0.40671777725219727, "rank": 0, "sequence_tokens": 3157, "stratum": "domain"}, {"answer_positions": 10, "balance_group": "domain/qasper", "balance_weight": 1.0, "ce": 1.1022906303405762, "dataset": "qasper", "example_id": "cfbce800bd783046c3a295adf107e0f6f1e872088be37821b37ea7a749cd6d1f", "hidden": 0.02159128151834011, "kl": 0.07775720953941345, "loss": 0.5275640487670898, "rank": 1, "sequence_tokens": 2815, "stratum": "domain"}, {"answer_positions": 14, "balance_group": "domain/qasper", "balance_weight": 1.0, "ce": 3.3527982234954834, "dataset": "qasper", "example_id": "f2691db2406ec6d2fa222d198614b040c5975e923ff703e98fd3604b0bbe77d9", "hidden": 0.03527193143963814, "kl": 0.19025371968746185, "loss": 1.582402229309082, "rank": 2, "sequence_tokens": 4096, "stratum": "domain"}, {"answer_positions": 16, "balance_group": "domain/qasper", "balance_weight": 1.0, "ce": 1.2977001667022705, "dataset": "qasper", "example_id": "94c2386db84f750b421069d3a8e9af45c64fbfea4cb996bcfa12fc3a0671c7e6", "hidden": 0.0345551073551178, "kl": 0.19331590831279755, "loss": 0.6585366725921631, "rank": 3, "sequence_tokens": 4096, "stratum": "domain"}, {"answer_positions": 2, "balance_group": "domain/2wikimqa", "balance_weight": 1.0, "ce": 0.238738015294075, "dataset": "2wikimqa", "example_id": "17f34348d3cd39be7d46cb6183ee8cb2ca13f571071623a430a9f3035be54f7e", "hidden": 0.05618983507156372, "kl": 0.7434003949165344, "loss": 0.378860205411911, "rank": 4, "sequence_tokens": 871, "stratum": "domain"}, {"answer_positions": 2, "balance_group": "domain/2wikimqa", "balance_weight": 1.0, "ce": 0.7599217891693115, "dataset": "2wikimqa", "example_id": "57cd2cae2c3bcc296380cf0d847b4c909c9b4ba55f7e6dd862946dcbe504da2a", "hidden": 0.040732622146606445, "kl": 0.1521730124950409, "loss": 0.4033718705177307, "rank": 5, "sequence_tokens": 701, "stratum": "domain"}, {"answer_positions": 6, "balance_group": "domain/2wikimqa", "balance_weight": 1.0, "ce": 0.11953701823949814, "dataset": "2wikimqa", "example_id": "95c5e6572ab3dd80ecd26eda56fe9668438b0208ba8c45f894602f9ee69b92af", "hidden": 0.05732874199748039, "kl": 0.0970967561006546, "loss": 0.09924127161502838, "rank": 6, "sequence_tokens": 1252, "stratum": "domain"}, {"answer_positions": 5, "balance_group": "domain/2wikimqa", "balance_weight": 1.0, "ce": 0.08323120325803757, "dataset": "2wikimqa", "example_id": "1f5a0ca4bdf4b75d0897732b77596cb141a2f1aa4c8ed0d5990d07e1ca4e3cb1", "hidden": 0.04670269414782524, "kl": 0.003975162282586098, "loss": 0.048185884952545166, "rank": 7, "sequence_tokens": 1012, "stratum": "domain"}], "step": 24, "step_gate_recorded": null, "summary": {"by_balance_group": {"domain/2wikimqa": {"answer_positions": 15, "ce": 0.30035700649023056, "examples": 4, "hidden": 0.05023847334086895, "kl": 0.249161331448704, "loss": 0.23241480812430382}, "domain/qasper": {"answer_positions": 52, "ce": 1.6150282621383667, "examples": 4, "hidden": 0.03670030226930976, "kl": 0.17057843133807182, "loss": 0.7938051819801331}}, "example_balanced": true, "overall": {"answer_positions": 67, "ce": 0.9576926343142986, "examples": 8, "hidden": 0.043469387805089355, "kl": 0.2098698813933879, "loss": 0.5131099950522184}, "selection_direction": "min", "selection_metric": "overall.loss", "target_token_weighting_used": false, "weight_sum": 8.0}}
{"global_grad_norm_before_clip": 1.0789244174957275, "learning_rate_used": 1.913545457642601e-05, "next_learning_rate": 1.902585284349861e-05, "rows": [{"answer_positions": 4, "balance_group": "domain/qasper", "balance_weight": 1.0, "ce": 0.18463671207427979, "dataset": "qasper", "example_id": "9d07aad34c78bc9ee150abc447293d78f2e53a997a6cbc8edd9b461cae222f77", "hidden": 0.029706478118896484, "kl": 0.1255110204219818, "loss": 0.13295668363571167, "rank": 0, "sequence_tokens": 2553, "stratum": "domain"}, {"answer_positions": 3, "balance_group": "domain/qasper", "balance_weight": 1.0, "ce": 0.1458180993795395, "dataset": "qasper", "example_id": "68ff3137c8358a9c5c69734429d585e668f918c77199a129f2e30010912f6b1f", "hidden": 0.039050083607435226, "kl": 0.6428962349891663, "loss": 0.2984418570995331, "rank": 1, "sequence_tokens": 3944, "stratum": "domain"}, {"answer_positions": 32, "balance_group": "domain/qasper", "balance_weight": 1.0, "ce": 0.2175534963607788, "dataset": "qasper", "example_id": "bfd0da137729b3f5f93ecda82ee95ce9091c9fab8d15cc0ffdb4fa9d9cd6371f", "hidden": 0.04798390716314316, "kl": 0.07718874514102936, "loss": 0.13451191782951355, "rank": 2, "sequence_tokens": 4096, "stratum": "domain"}, {"answer_positions": 19, "balance_group": "domain/qasper", "balance_weight": 1.0, "ce": 0.37724485993385315, "dataset": "qasper", "example_id": "29fd49f1046fd3c732992e83421f350e07b081697dd272e3a4a790b93c3a4ad3", "hidden": 0.049228619784116745, "kl": 0.1406223624944687, "loss": 0.2288237363100052, "rank": 3, "sequence_tokens": 4096, "stratum": "domain"}, {"answer_positions": 2, "balance_group": "domain/2wikimqa", "balance_weight": 1.0, "ce": 0.602879524230957, "dataset": "2wikimqa", "example_id": "7f23b7edfb299084e8baf75d11310dc0b79c7afc6667150efae524997471af26", "hidden": 0.05584758520126343, "kl": 0.09863251447677612, "loss": 0.31698668003082275, "rank": 4, "sequence_tokens": 780, "stratum": "domain"}, {"answer_positions": 9, "balance_group": "domain/2wikimqa", "balance_weight": 1.0, "ce": 0.01783783920109272, "dataset": "2wikimqa", "example_id": "42c1b9d61581124d5371b54e971ecc5d429382ea08380740b2653a60b8c5ff3d", "hidden": 0.04063183814287186, "kl": 0.012158858589828014, "loss": 0.020408995449543, "rank": 5, "sequence_tokens": 1225, "stratum": "domain"}, {"answer_positions": 6, "balance_group": "domain/2wikimqa", "balance_weight": 1.0, "ce": 0.0074514783918857574, "dataset": "2wikimqa", "example_id": "b955d81473c4ba59adc0f0797425eb1dc7cf2ba5848c4127e0104bc30b1cc7c9", "hidden": 0.04680698364973068, "kl": 0.00442080944776535, "loss": 0.014261845499277115, "rank": 6, "sequence_tokens": 718, "stratum": "domain"}, {"answer_positions": 10, "balance_group": "domain/2wikimqa", "balance_weight": 1.0, "ce": 0.019230911508202553, "dataset": "2wikimqa", "example_id": "7260b702dfd48da7bb147f2e698e81a9e71e4c6aa5c9cb37372fe3c6de76709b", "hidden": 0.04178285598754883, "kl": 0.01492425799369812, "loss": 0.02223397046327591, "rank": 7, "sequence_tokens": 1934, "stratum": "domain"}], "step": 25, "step_gate_recorded": null, "summary": {"by_balance_group": {"domain/2wikimqa": {"answer_positions": 27, "ce": 0.16184993833303452, "examples": 4, "hidden": 0.0462673157453537, "kl": 0.0325341101270169, "loss": 0.0934728728607297}, "domain/qasper": {"answer_positions": 58, "ce": 0.2313132919371128, "examples": 4, "hidden": 0.0414922721683979, "kl": 0.24655459076166153, "loss": 0.19868354871869087}}, "example_balanced": true, "overall": {"answer_positions": 85, "ce": 0.19658161513507366, "examples": 8, "hidden": 0.0438797939568758, "kl": 0.13954435044433922, "loss": 0.14607821078971028}, "selection_direction": "min", "selection_metric": "overall.loss", "target_token_weighting_used": false, "weight_sum": 8.0}}
{"global_grad_norm_before_clip": 1.6954892873764038, "learning_rate_used": 1.902585284349861e-05, "next_learning_rate": 1.891006524188368e-05, "rows": [{"answer_positions": 4, "balance_group": "domain/qasper", "balance_weight": 1.0, "ce": 0.005339039955288172, "dataset": "qasper", "example_id": "7996a19de5c37bba445aa8ed42ad0fa5787033d36fd2fb8ff4aac48b5f7eb236", "hidden": 0.044122278690338135, "kl": 0.002208517864346504, "loss": 0.012000004760921001, "rank": 0, "sequence_tokens": 4096, "stratum": "domain"}, {"answer_positions": 4, "balance_group": "domain/qasper", "balance_weight": 1.0, "ce": 0.04829927533864975, "dataset": "qasper", "example_id": "49f77300b9d5a72f16f6cc5d0ee8effbf6b19eb9584645e75b17cb033f6ca3c1", "hidden": 0.03606325387954712, "kl": 0.03303016722202301, "loss": 0.040507882833480835, "rank": 1, "sequence_tokens": 4096, "stratum": "domain"}, {"answer_positions": 19, "balance_group": "domain/qasper", "balance_weight": 1.0, "ce": 0.5484398603439331, "dataset": "qasper", "example_id": "a4effe534ddf5ab3bf8931f75e1f75db2bfd73201a95ea738f2bff71b5398944", "hidden": 0.033845603466033936, "kl": 0.06663849204778671, "loss": 0.27689051628112793, "rank": 2, "sequence_tokens": 2992, "stratum": "domain"}, {"answer_positions": 34, "balance_group": "domain/qasper", "balance_weight": 1.0, "ce": 0.4403040111064911, "dataset": "qasper", "example_id": "22533018c11e8ab3971f6e8508c77accf4a3b5102db76adc81e94db323e70c36", "hidden": 0.03368133306503296, "kl": 0.12525907158851624, "loss": 0.24871374666690826, "rank": 3, "sequence_tokens": 2836, "stratum": "domain"}, {"answer_positions": 6, "balance_group": "domain/2wikimqa", "balance_weight": 1.0, "ce": 0.06377027928829193, "dataset": "2wikimqa", "example_id": "71c158adad7bb70cfca38c9ca3687112a2057ba093369ccfbef8189eccc60227", "hidden": 0.034217845648527145, "kl": 0.0045270780101418495, "loss": 0.037124671041965485, "rank": 4, "sequence_tokens": 948, "stratum": "domain"}, {"answer_positions": 2, "balance_group": "domain/2wikimqa", "balance_weight": 1.0, "ce": 0.18382197618484497, "dataset": "2wikimqa", "example_id": "4f47a03a01f79eda37c9761a4546cd336d8b1ddf650eadea8750c5be00ae5d4b", "hidden": 0.04600384831428528, "kl": 0.0939365103840828, "loss": 0.12479843199253082, "rank": 5, "sequence_tokens": 790, "stratum": "domain"}, {"answer_positions": 7, "balance_group": "domain/2wikimqa", "balance_weight": 1.0, "ce": 0.35358530282974243, "dataset": "2wikimqa", "example_id": "6b4f0b38abf9db0b791d93e2355601b98ad78df054464b28a1bf2aec5deef5b5", "hidden": 0.04670077934861183, "kl": 0.023721979930996895, "loss": 0.17675621807575226, "rank": 6, "sequence_tokens": 746, "stratum": "domain"}, {"answer_positions": 6, "balance_group": "domain/2wikimqa", "balance_weight": 1.0, "ce": 0.07796703279018402, "dataset": "2wikimqa", "example_id": "d4e979a70f2850701822bb13231ed7e16fc477903493a894292a6351af3ed84f", "hidden": 0.03837715834379196, "kl": 0.003592300694435835, "loss": 0.04401789978146553, "rank": 7, "sequence_tokens": 943, "stratum": "domain"}], "step": 26, "step_gate_recorded": null, "summary": {"by_balance_group": {"domain/2wikimqa": {"answer_positions": 21, "ce": 0.16978614777326584, "examples": 4, "hidden": 0.041324907913804054, "kl": 0.03144446725491434, "loss": 0.09567430522292852}, "domain/qasper": {"answer_positions": 61, "ce": 0.26059554668609053, "examples": 4, "hidden": 0.03692811727523804, "kl": 0.056784062180668116, "loss": 0.1445280376356095}}, "example_balanced": true, "overall": {"answer_positions": 82, "ce": 0.21519084722967818, "examples": 8, "hidden": 0.039126512594521046, "kl": 0.04411426471779123, "loss": 0.12010117142926902}, "selection_direction": "min", "selection_metric": "overall.loss", "target_token_weighting_used": false, "weight_sum": 8.0}}
{"global_grad_norm_before_clip": 1.3647735118865967, "learning_rate_used": 1.891006524188368e-05, "next_learning_rate": 1.8788171126619653e-05, "rows": [{"answer_positions": 19, "balance_group": "domain/qasper", "balance_weight": 1.0, "ce": 0.5842057466506958, "dataset": "qasper", "example_id": "abe2f2cb0224046d9dd91b93306f84a9b829118a0347a0ee8113eee77e72a507", "hidden": 0.03590843081474304, "kl": 0.09518016129732132, "loss": 0.303387314081192, "rank": 0, "sequence_tokens": 3411, "stratum": "domain"}, {"answer_positions": 4, "balance_group": "domain/qasper", "balance_weight": 1.0, "ce": 0.23507781326770782, "dataset": "qasper", "example_id": "df783fd54791fea62ed7bd6fef2555545b4754d43dd9c9e54bb10b877b823a1e", "hidden": 0.04009629786014557, "kl": 0.05635231360793114, "loss": 0.13352757692337036, "rank": 1, "sequence_tokens": 2295, "stratum": "domain"}, {"answer_positions": 20, "balance_group": "domain/qasper", "balance_weight": 1.0, "ce": 0.45067110657691956, "dataset": "qasper", "example_id": "b7d61a671ffe631df165eb6ae0eb6ad40099e6a4f71a27cc0e1821e62eac317f", "hidden": 0.04368165507912636, "kl": 0.1106552854180336, "loss": 0.2502676844596863, "rank": 2, "sequence_tokens": 4096, "stratum": "domain"}, {"answer_positions": 33, "balance_group": "domain/qasper", "balance_weight": 1.0, "ce": 0.44252240657806396, "dataset": "qasper", "example_id": "bacc4fe984600eb7b5d44cfb6b96494a23faec390e994abc6289dd109d0e127c", "hidden": 0.03649120777845383, "kl": 0.0775204449892044, "loss": 0.23356547951698303, "rank": 3, "sequence_tokens": 4096, "stratum": "domain"}, {"answer_positions": 5, "balance_group": "domain/2wikimqa", "balance_weight": 1.0, "ce": 0.22410368919372559, "dataset": "2wikimqa", "example_id": "76c6a2e4c4203b45fa836e0fa0fd7945e4a9282e2939bc9e41b933fff352e300", "hidden": 0.0316716805100441, "kl": 0.00559494411572814, "loss": 0.10913921892642975, "rank": 4, "sequence_tokens": 736, "stratum": "domain"}, {"answer_positions": 2, "balance_group": "domain/2wikimqa", "balance_weight": 1.0, "ce": 0.5017985105514526, "dataset": "2wikimqa", "example_id": "d470a533aa23edbc0a6e3e4eb99da911bd588779a13d3ae5335686047b8e505d", "hidden": 0.05703181028366089, "kl": 0.5267770290374756, "loss": 0.42158764600753784, "rank": 5, "sequence_tokens": 1164, "stratum": "domain"}, {"answer_positions": 7, "balance_group": "domain/2wikimqa", "balance_weight": 1.0, "ce": 0.0048246486112475395, "dataset": "2wikimqa", "example_id": "c8228469df799b9040381d8c445711c13839f03831a73f95450848e3fb134648", "hidden": 0.03076801262795925, "kl": 0.0015832450008019805, "loss": 0.008878829888999462, "rank": 6, "sequence_tokens": 627, "stratum": "domain"}, {"answer_positions": 2, "balance_group": "domain/2wikimqa", "balance_weight": 1.0, "ce": 0.32078972458839417, "dataset": "2wikimqa", "example_id": "b3a554df9c815dcbd73383f90b23019941df3b93221f1fde78c4b3f10f5846b9", "hidden": 0.05676305294036865, "kl": 0.4297149181365967, "loss": 0.30610817670822144, "rank": 7, "sequence_tokens": 738, "stratum": "domain"}], "step": 27, "step_gate_recorded": null, "summary": {"by_balance_group": {"domain/2wikimqa": {"answer_positions": 16, "ce": 0.262879143236205, "examples": 4, "hidden": 0.04405863909050822, "kl": 0.2409175340726506, "loss": 0.21142846788279712}, "domain/qasper": {"answer_positions": 76, "ce": 0.4281192682683468, "examples": 4, "hidden": 0.0390443978831172, "kl": 0.08492705132812262, "loss": 0.23018701374530792}}, "example_balanced": true, "overall": {"answer_positions": 92, "ce": 0.3454992057522759, "examples": 8, "hidden": 0.04155151848681271, "kl": 0.1629222927003866, "loss": 0.22080774081405252}, "selection_direction": "min", "selection_metric": "overall.loss", "target_token_weighting_used": false, "weight_sum": 8.0}}
{"global_grad_norm_before_clip": 3.687601327896118, "learning_rate_used": 1.8788171126619653e-05, "next_learning_rate": 1.866025403784439e-05, "rows": [{"answer_positions": 24, "balance_group": "domain/qasper", "balance_weight": 1.0, "ce": 2.256631851196289, "dataset": "qasper", "example_id": "43cece0d6ea07c7e4e37b3e13e553042674784a9c01c8c81f084086faab8699e", "hidden": 0.02135040983557701, "kl": 0.08769067376852036, "loss": 1.0504461526870728, "rank": 0, "sequence_tokens": 4096, "stratum": "domain"}, {"answer_positions": 11, "balance_group": "domain/qasper", "balance_weight": 1.0, "ce": 0.4581160545349121, "dataset": "qasper", "example_id": "ba807a8dc6931a2fff48fc5c718428138347b476cd2022b8dd5f7bfd7beed411", "hidden": 0.03532211482524872, "kl": 0.16686853766441345, "loss": 0.27162063121795654, "rank": 1, "sequence_tokens": 4096, "stratum": "domain"}, {"answer_positions": 18, "balance_group": "domain/qasper", "balance_weight": 1.0, "ce": 0.466543048620224, "dataset": "qasper", "example_id": "6b55af32cd9ee66f3cf660110d4c19c10d3d1589b4cedb83c1830ee1f90697fb", "hidden": 0.03217052295804024, "kl": 0.06490499526262283, "loss": 0.23909521102905273, "rank": 2, "sequence_tokens": 3809, "stratum": "domain"}, {"answer_positions": 2, "balance_group": "domain/qasper", "balance_weight": 1.0, "ce": 3.4676597118377686, "dataset": "qasper", "example_id": "b39276fe421d87d06d4b182cfe54885b32455040f686abfb3437535772386046", "hidden": 0.03405377268791199, "kl": 0.38336992263793945, "loss": 1.7014371156692505, "rank": 3, "sequence_tokens": 2666, "stratum": "domain"}, {"answer_positions": 6, "balance_group": "domain/2wikimqa", "balance_weight": 1.0, "ce": 0.005855729337781668, "dataset": "2wikimqa", "example_id": "4e9e97aabe86cb8f47efb03bd663a840a754cb4415f75a3bde16c57c52a4d513", "hidden": 0.052059005945920944, "kl": 0.004277991130948067, "loss": 0.014544176869094372, "rank": 4, "sequence_tokens": 673, "stratum": "domain"}, {"answer_positions": 2, "balance_group": "domain/2wikimqa", "balance_weight": 1.0, "ce": 0.45689550042152405, "dataset": "2wikimqa", "example_id": "4ae5a7aa3188e141d9a0a57cc42f3e4e6781d015fd95b940e91b7d6315fdbcf4", "hidden": 0.061248838901519775, "kl": 0.5644660592079163, "loss": 0.41541585326194763, "rank": 5, "sequence_tokens": 1155, "stratum": "domain"}, {"answer_positions": 6, "balance_group": "domain/2wikimqa", "balance_weight": 1.0, "ce": 0.11189566552639008, "dataset": "2wikimqa", "example_id": "b5364ed807db122f6f202552b31b9bf1dd6c0f454a8c572c2b5353e27a57cde1", "hidden": 0.04138834401965141, "kl": 0.007181807421147823, "loss": 0.06114434823393822, "rank": 6, "sequence_tokens": 625, "stratum": "domain"}, {"answer_positions": 5, "balance_group": "domain/2wikimqa", "balance_weight": 1.0, "ce": 0.0044724843464791775, "dataset": "2wikimqa", "example_id": "ac80cdd1daa7c68fab14b569813d714aa5a84a9a5c71435a0179ec7a78ac4933", "hidden": 0.050950635224580765, "kl": 0.0032703527249395847, "loss": 0.013347368687391281, "rank": 7, "sequence_tokens": 1056, "stratum": "domain"}], "step": 28, "step_gate_recorded": null, "summary": {"by_balance_group": {"domain/2wikimqa": {"answer_positions": 19, "ce": 0.14477984490804374, "examples": 4, "hidden": 0.051411706022918224, "kl": 0.14479905262123793, "loss": 0.12611293676309288}, "domain/qasper": {"answer_positions": 55, "ce": 1.6622376665472984, "examples": 4, "hidden": 0.03072420507669449, "kl": 0.17570853233337402, "loss": 0.8156497776508331}}, "example_balanced": true, "overall": {"answer_positions": 74, "ce": 0.9035087557276711, "examples": 8, "hidden": 0.041067955549806356, "kl": 0.16025379247730598, "loss": 0.470881357206963}, "selection_direction": "min", "selection_metric": "overall.loss", "target_token_weighting_used": false, "weight_sum": 8.0}}
{"global_grad_norm_before_clip": 2.200132131576538, "learning_rate_used": 1.866025403784439e-05, "next_learning_rate": 1.8526401643540924e-05, "rows": [{"answer_positions": 30, "balance_group": "domain/qasper", "balance_weight": 1.0, "ce": 0.7408328056335449, "dataset": "qasper", "example_id": "dab32a526b1d4b7857b943a7090c04bd5b5765c67295f80fc768b72257237ffa", "hidden": 0.04395143315196037, "kl": 0.20141029357910156, "loss": 0.4126586616039276, "rank": 0, "sequence_tokens": 4096, "stratum": "domain"}, {"answer_positions": 9, "balance_group": "domain/qasper", "balance_weight": 1.0, "ce": 0.11661871522665024, "dataset": "qasper", "example_id": "d93a2b4d9add5a247df446cbdd206a03486f5e8f793e697af77bb7a4b740757f", "hidden": 0.03508978337049484, "kl": 0.13993489742279053, "loss": 0.10847359150648117, "rank": 1, "sequence_tokens": 3350, "stratum": "domain"}, {"answer_positions": 2, "balance_group": "domain/qasper", "balance_weight": 1.0, "ce": 0.9581593871116638, "dataset": "qasper", "example_id": "9bc26f5899bedc3139833408506074db7fa2baa88a659d6869fba4c3fd331561", "hidden": 0.030085831880569458, "kl": 0.0801052674651146, "loss": 0.4652257263660431, "rank": 2, "sequence_tokens": 4096, "stratum": "domain"}, {"answer_positions": 2, "balance_group": "domain/qasper", "balance_weight": 1.0, "ce": 5.67594575881958, "dataset": "qasper", "example_id": "d673c4863e975154e87ea5e067b627e900064347f33bea8bae09178aad9d2325", "hidden": 0.03867065906524658, "kl": 0.5353631973266602, "loss": 2.7492868900299072, "rank": 3, "sequence_tokens": 4096, "stratum": "domain"}, {"answer_positions": 9, "balance_group": "domain/2wikimqa", "balance_weight": 1.0, "ce": 0.010465261526405811, "dataset": "2wikimqa", "example_id": "d367827f45c3ea44482c0558ad1df1a1600159264b284bf579379db39dd92b6c", "hidden": 0.04439718276262283, "kl": 0.0048500788398087025, "loss": 0.015286331996321678, "rank": 4, "sequence_tokens": 1210, "stratum": "domain"}, {"answer_positions": 7, "balance_group": "domain/2wikimqa", "balance_weight": 1.0, "ce": 0.08700148016214371, "dataset": "2wikimqa", "example_id": "b23b697a29ffb853f15620da7d66aac4bd06abacdd33d5c37304c7b0f452f30e", "hidden": 0.04135548323392868, "kl": 0.016367532312870026, "loss": 0.05315040051937103, "rank": 5, "sequence_tokens": 795, "stratum": "domain"}, {"answer_positions": 8, "balance_group": "domain/2wikimqa", "balance_weight": 1.0, "ce": 0.07454133033752441, "dataset": "2wikimqa", "example_id": "84c5fb8ae263842e626235b4b712d0be9b396492289b6823ebaf2f4286a2f6b7", "hidden": 0.048018500208854675, "kl": 0.07234983891248703, "loss": 0.06846974045038223, "rank": 6, "sequence_tokens": 1549, "stratum": "domain"}, {"answer_positions": 2, "balance_group": "domain/2wikimqa", "balance_weight": 1.0, "ce": 0.3577495515346527, "dataset": "2wikimqa", "example_id": "cb1294e8c085c02306ca3ce27134fad2d8caf940f28c2bcbeb037a803cc10a35", "hidden": 0.05360907316207886, "kl": 0.45266759395599365, "loss": 0.3301427364349365, "rank": 7, "sequence_tokens": 1228, "stratum": "domain"}], "step": 29, "step_gate_recorded": null, "summary": {"by_balance_group": {"domain/2wikimqa": {"answer_positions": 26, "ce": 0.13243940589018166, "examples": 4, "hidden": 0.04684505984187126, "kl": 0.13655876100528985, "loss": 0.11676230235025287}, "domain/qasper": {"answer_positions": 43, "ce": 1.8728891666978598, "examples": 4, "hidden": 0.036949426867067814, "kl": 0.2392034139484167, "loss": 0.9339112173765898}}, "example_balanced": true, "overall": {"answer_positions": 69, "ce": 1.0026642862940207, "examples": 8, "hidden": 0.04189724335446954, "kl": 0.18788108747685328, "loss": 0.5253367598634213}, "selection_direction": "min", "selection_metric": "overall.loss", "target_token_weighting_used": false, "weight_sum": 8.0}}
{"global_grad_norm_before_clip": 4.076849460601807, "learning_rate_used": 1.8526401643540924e-05, "next_learning_rate": 1.8386705679454243e-05, "rows": [{"answer_positions": 26, "balance_group": "domain/qasper", "balance_weight": 1.0, "ce": 0.14464731514453888, "dataset": "qasper", "example_id": "a7921a3d47a9ab4516dce3f51ecbb6eb27ed52ad66b6a382a1b8bbd451b9b83a", "hidden": 0.03967152163386345, "kl": 0.03874395042657852, "loss": 0.08658597618341446, "rank": 0, "sequence_tokens": 4096, "stratum": "domain"}, {"answer_positions": 2, "balance_group": "domain/qasper", "balance_weight": 1.0, "ce": 1.024834156036377, "dataset": "qasper", "example_id": "45cbb723776864c6edeb1f7db4c0d5d83db8a9eecc99c0e6f547ca13f275c68d", "hidden": 0.027762144804000854, "kl": 0.05359802767634392, "loss": 0.48548710346221924, "rank": 1, "sequence_tokens": 2478, "stratum": "domain"}, {"answer_positions": 2, "balance_group": "domain/qasper", "balance_weight": 1.0, "ce": 1.84413743019104, "dataset": "qasper", "example_id": "18bf7dfadef469266fe2fd29b2b727f0bf3bcf6e46ae74a7017a3a8bcbb398cd", "hidden": 0.023414134979248047, "kl": 0.02097969688475132, "loss": 0.8418875336647034, "rank": 2, "sequence_tokens": 4096, "stratum": "domain"}, {"answer_positions": 2, "balance_group": "domain/qasper", "balance_weight": 1.0, "ce": 0.170845165848732, "dataset": "qasper", "example_id": "39b1b358343c935157e3bb7cb2588268c0abc96e385f553cdb73692896992ecd", "hidden": 0.02959120273590088, "kl": 0.09553490579128265, "loss": 0.11623577773571014, "rank": 3, "sequence_tokens": 3142, "stratum": "domain"}, {"answer_positions": 2, "balance_group": "domain/2wikimqa", "balance_weight": 1.0, "ce": 0.40150099992752075, "dataset": "2wikimqa", "example_id": "5c2b6f9c7ad4a28f89ce8e68c665110ddc254b51a87923d9a4b6a0126648cb24", "hidden": 0.05822819471359253, "kl": 0.3272925019264221, "loss": 0.30687347054481506, "rank": 4, "sequence_tokens": 691, "stratum": "domain"}, {"answer_positions": 4, "balance_group": "domain/2wikimqa", "balance_weight": 1.0, "ce": 0.66096031665802, "dataset": "2wikimqa", "example_id": "ca5971ce732b46a570481a74e3835a83ffce3eeaf26951a97bf61581e5d8936e", "hidden": 0.03148622810840607, "kl": 0.011986952275037766, "loss": 0.3079248070716858, "rank": 5, "sequence_tokens": 1035, "stratum": "domain"}, {"answer_positions": 2, "balance_group": "domain/2wikimqa", "balance_weight": 1.0, "ce": 0.25854045152664185, "dataset": "2wikimqa", "example_id": "59f35b9c25ea3b04cd56b4b7f1f21bcb35f767a419825f9800bb35432d1cc3a7", "hidden": 0.06329196691513062, "kl": 0.5354393124580383, "loss": 0.316405326128006, "rank": 6, "sequence_tokens": 757, "stratum": "domain"}, {"answer_positions": 2, "balance_group": "domain/2wikimqa", "balance_weight": 1.0, "ce": 0.8885560631752014, "dataset": "2wikimqa", "example_id": "c9ae924f592f2904d3727994207752aba6e9749061039d4a3db9891981ab901e", "hidden": 0.058039188385009766, "kl": 0.5623334050178528, "loss": 0.6082747578620911, "rank": 7, "sequence_tokens": 1040, "stratum": "domain"}], "step": 30, "step_gate_recorded": null, "summary": {"by_balance_group": {"domain/2wikimqa": {"answer_positions": 10, "ce": 0.552389457821846, "examples": 4, "hidden": 0.052761394530534744, "kl": 0.35926304291933775, "loss": 0.3848695904016495}, "domain/qasper": {"answer_positions": 32, "ce": 0.796116016805172, "examples": 4, "hidden": 0.030109751038253307, "kl": 0.0522141451947391, "loss": 0.3825490977615118}}, "example_balanced": true, "overall": {"answer_positions": 42, "ce": 0.674252737313509, "examples": 8, "hidden": 0.041435572784394026, "kl": 0.20573859405703843, "loss": 0.38370934408158064}, "selection_direction": "min", "selection_metric": "overall.loss", "target_token_weighting_used": false, "weight_sum": 8.0}}
{"global_grad_norm_before_clip": 1.4313267469406128, "learning_rate_used": 1.8386705679454243e-05, "next_learning_rate": 1.8241261886220155e-05, "rows": [{"answer_positions": 4, "balance_group": "domain/qasper", "balance_weight": 1.0, "ce": 1.553053855895996, "dataset": "qasper", "example_id": "412374521544eaf49585ed9c448a5e412255de77e4a851c3875eb5c543d3206d", "hidden": 0.05156375467777252, "kl": 0.4407135248184204, "loss": 0.8634366989135742, "rank": 0, "sequence_tokens": 3790, "stratum": "domain"}, {"answer_positions": 37, "balance_group": "domain/qasper", "balance_weight": 1.0, "ce": 1.3617640733718872, "dataset": "qasper", "example_id": "617104910ebfd548d0eb5e493373eaa29bb842edcabaa025ee9308f329aaf7aa", "hidden": 0.012991975992918015, "kl": 0.031645823270082474, "loss": 0.6264682412147522, "rank": 1, "sequence_tokens": 4096, "stratum": "domain"}, {"answer_positions": 20, "balance_group": "domain/qasper", "balance_weight": 1.0, "ce": 2.7407402992248535, "dataset": "qasper", "example_id": "94176142ac22f64926a2b2dbd379da93584e65159e23b007f152e9aedb3f5968", "hidden": 0.04386633262038231, "kl": 0.16126075387001038, "loss": 1.298547625541687, "rank": 2, "sequence_tokens": 4096, "stratum": "domain"}, {"answer_positions": 29, "balance_group": "domain/qasper", "balance_weight": 1.0, "ce": 0.6336936950683594, "dataset": "qasper", "example_id": "78dc2e5f282c88302b118e461d073a5cbc4e915771606f05cc7db5e8ba5c8f2e", "hidden": 0.042736973613500595, "kl": 0.061029646545648575, "loss": 0.31506991386413574, "rank": 3, "sequence_tokens": 4096, "stratum": "domain"}, {"answer_positions": 2, "balance_group": "domain/2wikimqa", "balance_weight": 1.0, "ce": 0.007013043388724327, "dataset": "2wikimqa", "example_id": "93e1cdb60d221eebd528bc4ff23da880b33d6fd9b8e5da91d20874dd641edd90", "hidden": 0.04534745216369629, "kl": 0.004070048686116934, "loss": 0.013649877160787582, "rank": 4, "sequence_tokens": 1107, "stratum": "domain"}, {"answer_positions": 9, "balance_group": "domain/2wikimqa", "balance_weight": 1.0, "ce": 0.015163849107921124, "dataset": "2wikimqa", "example_id": "8dafc01c57cb61d927eed90517d61626c73e153d1f97f04ca7f96f7feb330ee7", "hidden": 0.06440014392137527, "kl": 0.009273247793316841, "loss": 0.022949397563934326, "rank": 5, "sequence_tokens": 861, "stratum": "domain"}, {"answer_positions": 2, "balance_group": "domain/2wikimqa", "balance_weight": 1.0, "ce": 0.4332319498062134, "dataset": "2wikimqa", "example_id": "a32dd727f7c5b56cef4e28e01a6a99c19b8e55ccb1fa527d017c3fd9b408c49c", "hidden": 0.06471768021583557, "kl": 0.30415236949920654, "loss": 0.31435123085975647, "rank": 6, "sequence_tokens": 526, "stratum": "domain"}, {"answer_positions": 2, "balance_group": "domain/2wikimqa", "balance_weight": 1.0, "ce": 0.3619508147239685, "dataset": "2wikimqa", "example_id": "88bbd5b9d00fd781ca09b743fc9707ca552f537da3ca0d3f4a243d74c54c6d5b", "hidden": 0.053439199924468994, "kl": 0.3519381880760193, "loss": 0.29674404859542847, "rank": 7, "sequence_tokens": 936, "stratum": "domain"}], "step": 31, "step_gate_recorded": null, "summary": {"by_balance_group": {"domain/2wikimqa": {"answer_positions": 15, "ce": 0.20433991425670683, "examples": 4, "hidden": 0.05697611905634403, "kl": 0.1673584635136649, "loss": 0.1619236385449767}, "domain/qasper": {"answer_positions": 90, "ce": 1.572312980890274, "examples": 4, "hidden": 0.03778975922614336, "kl": 0.17366243712604046, "loss": 0.7758806198835373}}, "example_balanced": true, "overall": {"answer_positions": 105, "ce": 0.8883264475734904, "examples": 8, "hidden": 0.047382939141243696, "kl": 0.17051045031985268, "loss": 0.468902129214257}, "selection_direction": "min", "selection_metric": "overall.loss", "target_token_weighting_used": false, "weight_sum": 8.0}}
{"global_grad_norm_before_clip": 1.573399305343628, "learning_rate_used": 1.8241261886220155e-05, "next_learning_rate": 1.8090169943749477e-05, "rows": [{"answer_positions": 12, "balance_group": "domain/qasper", "balance_weight": 1.0, "ce": 0.04525893181562424, "dataset": "qasper", "example_id": "1dd197e79c0a6dd204a758d757b0511e5b43d98e135f7e4263e6be38df304912", "hidden": 0.038907334208488464, "kl": 0.09238648414611816, "loss": 0.060483258217573166, "rank": 0, "sequence_tokens": 4096, "stratum": "domain"}, {"answer_positions": 27, "balance_group": "domain/qasper", "balance_weight": 1.0, "ce": 2.626004219055176, "dataset": "qasper", "example_id": "fc8b54c993a8f6d9af327139c132026c75be2a3f4f077a4484b7dc7afe406feb", "hidden": 0.03213639557361603, "kl": 0.09635328501462936, "loss": 1.2218527793884277, "rank": 1, "sequence_tokens": 2747, "stratum": "domain"}, {"answer_positions": 18, "balance_group": "domain/qasper", "balance_weight": 1.0, "ce": 0.6529849171638489, "dataset": "qasper", "example_id": "4ac6038c6e5e1543e416901b242882bd8fd728dbc84011ee84f3f6016f5942a7", "hidden": 0.03662247955799103, "kl": 0.1416289508342743, "loss": 0.3507378399372101, "rank": 2, "sequence_tokens": 4096, "stratum": "domain"}, {"answer_positions": 2, "balance_group": "domain/qasper", "balance_weight": 1.0, "ce": 0.31174731254577637, "dataset": "qasper", "example_id": "344ebf382a0296172953e43f52b4064bf2b4656af170d4be7d252f94c790a969", "hidden": 0.03276529908180237, "kl": 0.3384017050266266, "loss": 0.26527994871139526, "rank": 3, "sequence_tokens": 2669, "stratum": "domain"}, {"answer_positions": 10, "balance_group": "domain/2wikimqa", "balance_weight": 1.0, "ce": 0.004354007542133331, "dataset": "2wikimqa", "example_id": "bf2583dc1cdec688cde65a91f7062acc6c72e7814318c677798bfdc4ee138d33", "hidden": 0.04632283374667168, "kl": 0.002713138237595558, "loss": 0.012173468247056007, "rank": 4, "sequence_tokens": 1025, "stratum": "domain"}, {"answer_positions": 2, "balance_group": "domain/2wikimqa", "balance_weight": 1.0, "ce": 0.6517353057861328, "dataset": "2wikimqa", "example_id": "5223865815311f6bbde3c3fb4a29355460fecab954b2ac4ce7900b5447a691fd", "hidden": 0.04691633582115173, "kl": 0.23066595196723938, "loss": 0.3833972215652466, "rank": 5, "sequence_tokens": 1049, "stratum": "domain"}, {"answer_positions": 2, "balance_group": "domain/2wikimqa", "balance_weight": 1.0, "ce": 0.009216868318617344, "dataset": "2wikimqa", "example_id": "0d9c38ce89c7ba55f0cecaba1470165f95033a4a5d96e4afd827218f0b974e19", "hidden": 0.04907223582267761, "kl": 0.007496279198676348, "loss": 0.016585735604166985, "rank": 6, "sequence_tokens": 631, "stratum": "domain"}, {"answer_positions": 3, "balance_group": "domain/2wikimqa", "balance_weight": 1.0, "ce": 0.14117871224880219, "dataset": "2wikimqa", "example_id": "d759f6532f566bc3c7545ca93c5475e7c5231bb3b674532f48985fbd6e8abb3a", "hidden": 0.028797924518585205, "kl": 0.2555650770664215, "loss": 0.15873776376247406, "rank": 7, "sequence_tokens": 761, "stratum": "domain"}], "step": 32, "step_gate_recorded": null, "summary": {"by_balance_group": {"domain/2wikimqa": {"answer_positions": 17, "ce": 0.20162122347392142, "examples": 4, "hidden": 0.04277733247727156, "kl": 0.1241101116174832, "loss": 0.1427235472947359}, "domain/qasper": {"answer_positions": 59, "ce": 0.9089988451451063, "examples": 4, "hidden": 0.03510787710547447, "kl": 0.1671926062554121, "loss": 0.47458845656365156}}, "example_balanced": true, "overall": {"answer_positions": 76, "ce": 0.5553100343095139, "examples": 8, "hidden": 0.038942604791373014, "kl": 0.14565135893644765, "loss": 0.30865600192919374}, "selection_direction": "min", "selection_metric": "overall.loss", "target_token_weighting_used": false, "weight_sum": 8.0}}
{"global_grad_norm_before_clip": 1.480224370956421, "learning_rate_used": 1.8090169943749477e-05, "next_learning_rate": 1.7933533402912354e-05, "rows": [{"answer_positions": 2, "balance_group": "domain/qasper", "balance_weight": 1.0, "ce": 0.13500693440437317, "dataset": "qasper", "example_id": "cd504f48796bf47b64845f80bee434c24d41d5e166522b27546f8972c96f0a76", "hidden": 0.034081608057022095, "kl": 0.3792884945869446, "loss": 0.20032042264938354, "rank": 0, "sequence_tokens": 2408, "stratum": "domain"}, {"answer_positions": 11, "balance_group": "domain/qasper", "balance_weight": 1.0, "ce": 0.2045108526945114, "dataset": "qasper", "example_id": "fd8863f3fdcc1a2c6fcd24b462e642d8cb8b4cc959c45b0930d63433b6bcbd95", "hidden": 0.024875614792108536, "kl": 0.07274933159351349, "loss": 0.1224672794342041, "rank": 1, "sequence_tokens": 4096, "stratum": "domain"}, {"answer_positions": 16, "balance_group": "domain/qasper", "balance_weight": 1.0, "ce": 1.764256238937378, "dataset": "qasper", "example_id": "6075129b3cde37c22622c6e61cf9c2926732dc3a78378a93f05de72ef5efca8c", "hidden": 0.03528362885117531, "kl": 0.17175182700157166, "loss": 0.8610851168632507, "rank": 2, "sequence_tokens": 1919, "stratum": "domain"}, {"answer_positions": 15, "balance_group": "domain/qasper", "balance_weight": 1.0, "ce": 2.3824901580810547, "dataset": "qasper", "example_id": "fefb3c0182b929e899d5aa4694e13b88b344a9ec206707423d6507a1b071c41b", "hidden": 0.04890020936727524, "kl": 0.21824173629283905, "loss": 1.1582852602005005, "rank": 3, "sequence_tokens": 4096, "stratum": "domain"}, {"answer_positions": 2, "balance_group": "domain/2wikimqa", "balance_weight": 1.0, "ce": 0.33289995789527893, "dataset": "2wikimqa", "example_id": "59bd5483af5f6de3254375174b2302993d82e1a32dfad9f55cf2dfeee814ca83", "hidden": 0.05479830503463745, "kl": 0.3877072036266327, "loss": 0.29646214842796326, "rank": 4, "sequence_tokens": 740, "stratum": "domain"}, {"answer_positions": 2, "balance_group": "domain/2wikimqa", "balance_weight": 1.0, "ce": 0.5669835209846497, "dataset": "2wikimqa", "example_id": "231fec4318eb521d7053f49d84aada221bac9518f2ee19358c6beae7e5a6e9c2", "hidden": 0.04622262716293335, "kl": 0.32347410917282104, "loss": 0.37760302424430847, "rank": 5, "sequence_tokens": 551, "stratum": "domain"}, {"answer_positions": 4, "balance_group": "domain/2wikimqa", "balance_weight": 1.0, "ce": 0.11337170004844666, "dataset": "2wikimqa", "example_id": "1047ade40c10883cba2f63c5f1bc089a05d5791f7232ef162be83530a5264c70", "hidden": 0.039080724120140076, "kl": 0.007697799243032932, "loss": 0.061527639627456665, "rank": 6, "sequence_tokens": 1055, "stratum": "domain"}, {"answer_positions": 4, "balance_group": "domain/2wikimqa", "balance_weight": 1.0, "ce": 0.06755311042070389, "dataset": "2wikimqa", "example_id": "12a33cd9ec4e0469e56284ccd95575a02753456e784383a3f9f1acaf1b1cec23", "hidden": 0.03929989039897919, "kl": 0.007192873861640692, "loss": 0.04077638313174248, "rank": 7, "sequence_tokens": 824, "stratum": "domain"}], "step": 33, "step_gate_recorded": null, "summary": {"by_balance_group": {"domain/2wikimqa": {"answer_positions": 12, "ce": 0.2702020723372698, "examples": 4, "hidden": 0.044850386679172516, "kl": 0.18151799647603184, "loss": 0.19409229885786772}, "domain/qasper": {"answer_positions": 44, "ce": 1.1215660460293293, "examples": 4, "hidden": 0.035785265266895294, "kl": 0.2105078473687172, "loss": 0.5855395197868347}}, "example_balanced": true, "overall": {"answer_positions": 56, "ce": 0.6958840591832995, "examples": 8, "hidden": 0.040317825973033905, "kl": 0.19601292192237452, "loss": 0.3898159093223512}, "selection_direction": "min", "selection_metric": "overall.loss", "target_token_weighting_used": false, "weight_sum": 8.0}}
{"global_grad_norm_before_clip": 1.5157859325408936, "learning_rate_used": 1.7933533402912354e-05, "next_learning_rate": 1.777145961456971e-05, "rows": [{"answer_positions": 5, "balance_group": "domain/qasper", "balance_weight": 1.0, "ce": 0.0053609381429851055, "dataset": "qasper", "example_id": "8ed9b24cc1b6ce05c895f3d6d15e3a499755224431b12e228029354350bd3766", "hidden": 0.038409698754549026, "kl": 0.0021976337302476168, "loss": 0.01086353324353695, "rank": 0, "sequence_tokens": 4096, "stratum": "domain"}, {"answer_positions": 4, "balance_group": "domain/qasper", "balance_weight": 1.0, "ce": 0.6794377565383911, "dataset": "qasper", "example_id": "dd8bb14ccb72a57c319d181dd07699a4c85f7b1e537a464c51ee0ffdd4c0b27e", "hidden": 0.04135657846927643, "kl": 0.07053172588348389, "loss": 0.338704377412796, "rank": 1, "sequence_tokens": 1799, "stratum": "domain"}, {"answer_positions": 9, "balance_group": "domain/qasper", "balance_weight": 1.0, "ce": 0.9724048972129822, "dataset": "qasper", "example_id": "952f31116f83e8aee66fbd398b9b5ba85a0d4a66d1e5cd6d59f24f44c2d0d951", "hidden": 0.0303074661642313, "kl": 0.13714392483234406, "loss": 0.4916440546512604, "rank": 2, "sequence_tokens": 4096, "stratum": "domain"}, {"answer_positions": 26, "balance_group": "domain/qasper", "balance_weight": 1.0, "ce": 1.1850529909133911, "dataset": "qasper", "example_id": "74c357bc5a361043f4f1278f56cd8e3e02238ad7bc24a0a42aa71561818ef697", "hidden": 0.03259456530213356, "kl": 0.0754924863576889, "loss": 0.5662150979042053, "rank": 3, "sequence_tokens": 4034, "stratum": "domain"}, {"answer_positions": 2, "balance_group": "domain/2wikimqa", "balance_weight": 1.0, "ce": 0.5666249990463257, "dataset": "2wikimqa", "example_id": "640e446df1844b8a38ac52538adbf44b73fc1cd76cfd099d50483559f4595e08", "hidden": 0.05202081799507141, "kl": 0.23893752694129944, "loss": 0.3490135669708252, "rank": 4, "sequence_tokens": 1098, "stratum": "domain"}, {"answer_positions": 2, "balance_group": "domain/2wikimqa", "balance_weight": 1.0, "ce": 0.5700697302818298, "dataset": "2wikimqa", "example_id": "080af0be427a707407f125f7aaada550a9256549c3a2fa0b0518f8b0614584f1", "hidden": 0.042788952589035034, "kl": 0.4217165410518646, "loss": 0.4126899242401123, "rank": 5, "sequence_tokens": 564, "stratum": "domain"}, {"answer_positions": 2, "balance_group": "domain/2wikimqa", "balance_weight": 1.0, "ce": 0.4278426468372345, "dataset": "2wikimqa", "example_id": "69e5ebdbb0f77509bf7f6e4474bba24b0d709937fda922a79a91afe13c3731eb", "hidden": 0.061047255992889404, "kl": 0.30072101950645447, "loss": 0.3099909722805023, "rank": 6, "sequence_tokens": 1470, "stratum": "domain"}, {"answer_positions": 2, "balance_group": "domain/2wikimqa", "balance_weight": 1.0, "ce": 0.5450866222381592, "dataset": "2wikimqa", "example_id": "633d0bf58c1dcc940ca9e431137e0246c29254ebf4b42985370ae7e5d978726b", "hidden": 0.050064682960510254, "kl": 0.43824630975723267, "loss": 0.40868809819221497, "rank": 7, "sequence_tokens": 1681, "stratum": "domain"}], "step": 34, "step_gate_recorded": null, "summary": {"by_balance_group": {"domain/2wikimqa": {"answer_positions": 8, "ce": 0.5274059996008873, "examples": 4, "hidden": 0.051480427384376526, "kl": 0.3499053493142128, "loss": 0.3700956404209137}, "domain/qasper": {"answer_positions": 44, "ce": 0.7105641457019374, "examples": 4, "hidden": 0.03566707717254758, "kl": 0.07134144270094112, "loss": 0.35185676580294967}}, "example_balanced": true, "overall": {"answer_positions": 52, "ce": 0.6189850726514123, "examples": 8, "hidden": 0.04357375227846205, "kl": 0.21062339600757696, "loss": 0.3609762031119317}, "selection_direction": "min", "selection_metric": "overall.loss", "target_token_weighting_used": false, "weight_sum": 8.0}}
{"global_grad_norm_before_clip": 1.9989172220230103, "learning_rate_used": 1.777145961456971e-05, "next_learning_rate": 1.7604059656000313e-05, "rows": [{"answer_positions": 2, "balance_group": "domain/qasper", "balance_weight": 1.0, "ce": 1.666181206703186, "dataset": "qasper", "example_id": "303a103d63d6995e21723869b2bd5040a3a2637a9a10f2526a94c5a532a67dac", "hidden": 0.030782967805862427, "kl": 0.0642920732498169, "loss": 0.7784403562545776, "rank": 0, "sequence_tokens": 2475, "stratum": "domain"}, {"answer_positions": 16, "balance_group": "domain/qasper", "balance_weight": 1.0, "ce": 3.2853126525878906, "dataset": "qasper", "example_id": "e7c96927053f34edb21573a67c263f9b8d674811f4918463e7ee0052bbeb9654", "hidden": 0.01826934888958931, "kl": 0.086534783244133, "loss": 1.5123317241668701, "rank": 1, "sequence_tokens": 4096, "stratum": "domain"}, {"answer_positions": 26, "balance_group": "domain/qasper", "balance_weight": 1.0, "ce": 1.3435919284820557, "dataset": "qasper", "example_id": "2e70071254465af8e91716bebc3b9d6aab7942410fab87f21890fed4c3678909", "hidden": 0.0319613516330719, "kl": 0.10291625559329987, "loss": 0.6470292806625366, "rank": 2, "sequence_tokens": 3966, "stratum": "domain"}, {"answer_positions": 4, "balance_group": "domain/qasper", "balance_weight": 1.0, "ce": 0.23535330593585968, "dataset": "qasper", "example_id": "90c0c57d2564517aa75d019f2f34f485b89e42668b7738c63292fe647d9dd708", "hidden": 0.036182940006256104, "kl": 0.057073988020420074, "loss": 0.13312146067619324, "rank": 3, "sequence_tokens": 4096, "stratum": "domain"}, {"answer_positions": 9, "balance_group": "domain/2wikimqa", "balance_weight": 1.0, "ce": 0.01626891829073429, "dataset": "2wikimqa", "example_id": "618c3e7a0b22afa442d63443c1ec84a829a3bb124e0884f648732ecdd8f48631", "hidden": 0.04232221096754074, "kl": 0.005088226404041052, "loss": 0.017566334456205368, "rank": 4, "sequence_tokens": 1454, "stratum": "domain"}, {"answer_positions": 2, "balance_group": "domain/2wikimqa", "balance_weight": 1.0, "ce": 0.10649564862251282, "dataset": "2wikimqa", "example_id": "4c1bc1ba5df922c6483795da1e6f85047b97987639b4a2f993dc0c4efd59845f", "hidden": 0.046363115310668945, "kl": 0.04460146650671959, "loss": 0.07280617207288742, "rank": 5, "sequence_tokens": 851, "stratum": "domain"}, {"answer_positions": 2, "balance_group": "domain/2wikimqa", "balance_weight": 1.0, "ce": 0.5028550028800964, "dataset": "2wikimqa", "example_id": "f6e0726d4d44adb520ebc2d7af3fab8d4141f7d64ae0283be7e63398ff1c6a2e", "hidden": 0.050181299448013306, "kl": 0.29050543904304504, "loss": 0.3379979133605957, "rank": 6, "sequence_tokens": 729, "stratum": "domain"}, {"answer_positions": 2, "balance_group": "domain/2wikimqa", "balance_weight": 1.0, "ce": 0.3683697581291199, "dataset": "2wikimqa", "example_id": "3b6a53b392ef8080da180d0aaa3a9d3b7dd607e05ef88211ea5278ef4c2fc9b8", "hidden": 0.05521881580352783, "kl": 0.4305519759654999, "loss": 0.32750335335731506, "rank": 7, "sequence_tokens": 1041, "stratum": "domain"}], "step": 35, "step_gate_recorded": null, "summary": {"by_balance_group": {"domain/2wikimqa": {"answer_positions": 15, "ce": 0.24849733198061585, "examples": 4, "hidden": 0.048521360382437706, "kl": 0.1926867769798264, "loss": 0.1889684433117509}, "domain/qasper": {"answer_positions": 48, "ce": 1.632609773427248, "examples": 4, "hidden": 0.029299152083694935, "kl": 0.07770427502691746, "loss": 0.7677307054400444}}, "example_balanced": true, "overall": {"answer_positions": 63, "ce": 0.9405535527039319, "examples": 8, "hidden": 0.03891025623306632, "kl": 0.13519552600337192, "loss": 0.47834957437589765}, "selection_direction": "min", "selection_metric": "overall.loss", "target_token_weighting_used": false, "weight_sum": 8.0}}
{"global_grad_norm_before_clip": 1.3998816013336182, "learning_rate_used": 1.7604059656000313e-05, "next_learning_rate": 1.7431448254773943e-05, "rows": [{"answer_positions": 9, "balance_group": "domain/qasper", "balance_weight": 1.0, "ce": 1.9490911960601807, "dataset": "qasper", "example_id": "987b31ea80b0c5d60748950950ef5dac5477609c1f02d4e5231e4591928fc35b", "hidden": 0.03594757989048958, "kl": 0.11740303039550781, "loss": 0.9253715872764587, "rank": 0, "sequence_tokens": 3247, "stratum": "domain"}, {"answer_positions": 4, "balance_group": "domain/qasper", "balance_weight": 1.0, "ce": 1.297202706336975, "dataset": "qasper", "example_id": "0b6670e17478467fde08cd77f286019350dcc1fe87e1569d581d56d22b04b306", "hidden": 0.01850976049900055, "kl": 0.11972640454769135, "loss": 0.6293473243713379, "rank": 1, "sequence_tokens": 4096, "stratum": "domain"}, {"answer_positions": 39, "balance_group": "domain/qasper", "balance_weight": 1.0, "ce": 3.7719690799713135, "dataset": "qasper", "example_id": "0d5fd77548eac3babbd173ed0f0fb4a8550a9fedcfe9316a1a25bfd94d9ad5e1", "hidden": 0.018389437347650528, "kl": 0.0697411447763443, "loss": 1.7254732847213745, "rank": 2, "sequence_tokens": 4096, "stratum": "domain"}, {"answer_positions": 3, "balance_group": "domain/qasper", "balance_weight": 1.0, "ce": 0.04114358127117157, "dataset": "qasper", "example_id": "24c6d5879d3524db685dc8ea8ccacb731e98d789897f590340041cfdd4c2cfe8", "hidden": 0.02777741476893425, "kl": 0.04065077751874924, "loss": 0.0382978655397892, "rank": 3, "sequence_tokens": 3850, "stratum": "domain"}, {"answer_positions": 2, "balance_group": "domain/2wikimqa", "balance_weight": 1.0, "ce": 0.3797893524169922, "dataset": "2wikimqa", "example_id": "9738bf2182a62875e7f8823ead8608d2d4d9553d1576b8c93e4fd8639d460089", "hidden": 0.046870797872543335, "kl": 0.35468608140945435, "loss": 0.30441948771476746, "rank": 4, "sequence_tokens": 741, "stratum": "domain"}, {"answer_positions": 5, "balance_group": "domain/2wikimqa", "balance_weight": 1.0, "ce": 0.09686169773340225, "dataset": "2wikimqa", "example_id": "1ba5a2414f96bd71155d05c59cce962099673e8da907f443f38868e140ca61e0", "hidden": 0.02894003503024578, "kl": 0.003965811803936958, "loss": 0.0507638044655323, "rank": 5, "sequence_tokens": 1046, "stratum": "domain"}, {"answer_positions": 4, "balance_group": "domain/2wikimqa", "balance_weight": 1.0, "ce": 0.2723231911659241, "dataset": "2wikimqa", "example_id": "9bbc7e86748b08701f83973905543113d307349f70d1a8e79fda394e2b3f5f77", "hidden": 0.03388962149620056, "kl": 0.07972965389490128, "loss": 0.1572287380695343, "rank": 6, "sequence_tokens": 868, "stratum": "domain"}, {"answer_positions": 3, "balance_group": "domain/2wikimqa", "balance_weight": 1.0, "ce": 0.12516146898269653, "dataset": "2wikimqa", "example_id": "13fa47d9b550d5488688d9162a77cface37e6fff8b13982205292852898b62a3", "hidden": 0.028101742267608643, "kl": 0.013717252761125565, "loss": 0.06674404442310333, "rank": 7, "sequence_tokens": 759, "stratum": "domain"}], "step": 36, "step_gate_recorded": null, "summary": {"by_balance_group": {"domain/2wikimqa": {"answer_positions": 14, "ce": 0.21853392757475376, "examples": 4, "hidden": 0.03445054916664958, "kl": 0.11302469996735454, "loss": 0.14478901866823435}, "domain/qasper": {"answer_positions": 55, "ce": 1.7648516409099102, "examples": 4, "hidden": 0.025156048126518726, "kl": 0.08688033930957317, "loss": 0.8296225154772401}}, "example_balanced": true, "overall": {"answer_positions": 69, "ce": 0.991692784242332, "examples": 8, "hidden": 0.029803298646584153, "kl": 0.09995251963846385, "loss": 0.4872057670727372}, "selection_direction": "min", "selection_metric": "overall.loss", "target_token_weighting_used": false, "weight_sum": 8.0}}
{"global_grad_norm_before_clip": 0.8220117092132568, "learning_rate_used": 1.7431448254773943e-05, "next_learning_rate": 1.7253743710122877e-05, "rows": [{"answer_positions": 4, "balance_group": "domain/qasper", "balance_weight": 1.0, "ce": 0.8572288751602173, "dataset": "qasper", "example_id": "7589c8ce222549be959152f1222f70de0f1539a7243dbcad621391aaf7a8256f", "hidden": 0.02501407265663147, "kl": 0.1792776733636856, "loss": 0.45350298285484314, "rank": 0, "sequence_tokens": 3506, "stratum": "domain"}, {"answer_positions": 72, "balance_group": "domain/qasper", "balance_weight": 1.0, "ce": 0.1755828708410263, "dataset": "qasper", "example_id": "069ddabb66df61082cc06559079eb4e1e588380d38bfd2650e46af15835ed790", "hidden": 0.03907666727900505, "kl": 0.043684978038072586, "loss": 0.10211735963821411, "rank": 1, "sequence_tokens": 2830, "stratum": "domain"}, {"answer_positions": 36, "balance_group": "domain/qasper", "balance_weight": 1.0, "ce": 1.6749647855758667, "dataset": "qasper", "example_id": "8e0354f8c093a016555058ddd31431b9259426f2aa213a6f43491fda429f9463", "hidden": 0.02537030726671219, "kl": 0.07710921764373779, "loss": 0.7857964038848877, "rank": 2, "sequence_tokens": 4096, "stratum": "domain"}, {"answer_positions": 46, "balance_group": "domain/qasper", "balance_weight": 1.0, "ce": 0.5078760385513306, "dataset": "qasper", "example_id": "4e1f74d4c2debe98843e4535646df1536fcb446dab3fa97c03c7abb39f1c050c", "hidden": 0.024115215986967087, "kl": 0.06422632932662964, "loss": 0.25584644079208374, "rank": 3, "sequence_tokens": 2777, "stratum": "domain"}, {"answer_positions": 10, "balance_group": "domain/2wikimqa", "balance_weight": 1.0, "ce": 0.01698399893939495, "dataset": "2wikimqa", "example_id": "6319d647132aba9f1e5780c68538da7a3486dae228878f7e3a18959927295166", "hidden": 0.034671660512685776, "kl": 0.008475874550640583, "loss": 0.017543688416481018, "rank": 4, "sequence_tokens": 1755, "stratum": "domain"}, {"answer_positions": 3, "balance_group": "domain/2wikimqa", "balance_weight": 1.0, "ce": 0.39712095260620117, "dataset": "2wikimqa", "example_id": "0a168284f67628d2179f80b30e70e3cd742ed903ca994ed8940421386e7c4127", "hidden": 0.024725675582885742, "kl": 0.11018267273902893, "loss": 0.2222134917974472, "rank": 5, "sequence_tokens": 610, "stratum": "domain"}, {"answer_positions": 4, "balance_group": "domain/2wikimqa", "balance_weight": 1.0, "ce": 0.010069064795970917, "dataset": "2wikimqa", "example_id": "89ed4949557ced9cedd83804c0e387aa657e4b130f8a5b1e02cd60c6f8aa1378", "hidden": 0.03773048520088196, "kl": 0.07719039171934128, "loss": 0.03909381106495857, "rank": 6, "sequence_tokens": 624, "stratum": "domain"}, {"answer_positions": 5, "balance_group": "domain/2wikimqa", "balance_weight": 1.0, "ce": 0.01135382242500782, "dataset": "2wikimqa", "example_id": "0f28af9d42a91317615da66202bc015b0ceab11e3e70c8b8c2e01aa28855e01c", "hidden": 0.02930779568850994, "kl": 0.006614139769226313, "loss": 0.013285728171467781, "rank": 7, "sequence_tokens": 1380, "stratum": "domain"}], "step": 37, "step_gate_recorded": null, "summary": {"by_balance_group": {"domain/2wikimqa": {"answer_positions": 22, "ce": 0.10888195969164371, "examples": 4, "hidden": 0.031608904246240854, "kl": 0.050615769694559276, "loss": 0.07303417986258864}, "domain/qasper": {"answer_positions": 158, "ce": 0.8039131425321102, "examples": 4, "hidden": 0.02839406579732895, "kl": 0.0910745495930314, "loss": 0.39931579679250717}}, "example_balanced": true, "overall": {"answer_positions": 180, "ce": 0.45639755111187696, "examples": 8, "hidden": 0.0300014850217849, "kl": 0.07084515964379534, "loss": 0.2361749883275479}, "selection_direction": "min", "selection_metric": "overall.loss", "target_token_weighting_used": false, "weight_sum": 8.0}}
{"global_grad_norm_before_clip": 1.715479850769043, "learning_rate_used": 1.7253743710122877e-05, "next_learning_rate": 1.7071067811865477e-05, "rows": [{"answer_positions": 4, "balance_group": "domain/qasper", "balance_weight": 1.0, "ce": 0.07937781512737274, "dataset": "qasper", "example_id": "8e0fd0a1cad2eb4060fa8afad9cef78f29b10331e9e604c2caf880969a1d14fe", "hidden": 0.04460158944129944, "kl": 0.03444639965891838, "loss": 0.0566965751349926, "rank": 0, "sequence_tokens": 2541, "stratum": "domain"}, {"answer_positions": 25, "balance_group": "domain/qasper", "balance_weight": 1.0, "ce": 0.18888762593269348, "dataset": "qasper", "example_id": "3f3abece10ae8c7229e97548b043e7e1286b6179458c9fa5d3da3abd0c297143", "hidden": 0.07695315033197403, "kl": 0.02724202163517475, "loss": 0.10992476344108582, "rank": 1, "sequence_tokens": 4096, "stratum": "domain"}, {"answer_positions": 58, "balance_group": "domain/qasper", "balance_weight": 1.0, "ce": 0.15593230724334717, "dataset": "qasper", "example_id": "92fdfb43990fe3d83e3c91f15657e3c22a62fa25c6f020a42ddcab339ded1107", "hidden": 0.05497534200549126, "kl": 0.027551131322979927, "loss": 0.09080750495195389, "rank": 2, "sequence_tokens": 4096, "stratum": "domain"}, {"answer_positions": 2, "balance_group": "domain/qasper", "balance_weight": 1.0, "ce": 1.8591132164001465, "dataset": "qasper", "example_id": "947260cf5e064275a720b0793327dd8ac60135b63d028be8a9dad4d3f5ffa8d5", "hidden": 0.028383314609527588, "kl": 0.032326921820640564, "loss": 0.853592038154602, "rank": 3, "sequence_tokens": 4096, "stratum": "domain"}, {"answer_positions": 4, "balance_group": "domain/2wikimqa", "balance_weight": 1.0, "ce": 0.22749274969100952, "dataset": "2wikimqa", "example_id": "d04bd366f81ba11105bb3b163c617c46a190df382bbf16039eb3ec666b8cfa42", "hidden": 0.08628655970096588, "kl": 0.5053015947341919, "loss": 0.2964845895767212, "rank": 4, "sequence_tokens": 1432, "stratum": "domain"}, {"answer_positions": 9, "balance_group": "domain/2wikimqa", "balance_weight": 1.0, "ce": 0.14945241808891296, "dataset": "2wikimqa", "example_id": "54dd3fe5536028f51b9ba7afaae41eadb37f64e86689d7d3e5d6b6f7e2b2e31f", "hidden": 0.0266865361481905, "kl": 0.0033903936855494976, "loss": 0.07377753406763077, "rank": 5, "sequence_tokens": 1503, "stratum": "domain"}, {"answer_positions": 4, "balance_group": "domain/2wikimqa", "balance_weight": 1.0, "ce": 0.08110973238945007, "dataset": "2wikimqa", "example_id": "64569a222fc43f07ef0ac187c8039a3c0ce67be7c48b003dad38c3dc249c262a", "hidden": 0.0336882621049881, "kl": 0.005519213620573282, "loss": 0.04516875371336937, "rank": 6, "sequence_tokens": 846, "stratum": "domain"}, {"answer_positions": 7, "balance_group": "domain/2wikimqa", "balance_weight": 1.0, "ce": 0.1311473250389099, "dataset": "2wikimqa", "example_id": "6ec40aceadbaf07feaab5992362d246944c8bf1c09581dcc850e99c842ca4017", "hidden": 0.03772098943591118, "kl": 0.03220270201563835, "loss": 0.0778314396739006, "rank": 7, "sequence_tokens": 928, "stratum": "domain"}], "step": 38, "step_gate_recorded": null, "summary": {"by_balance_group": {"domain/2wikimqa": {"answer_positions": 24, "ce": 0.14730055630207062, "examples": 4, "hidden": 0.046095586847513914, "kl": 0.13660347601398826, "loss": 0.12331557925790548}, "domain/qasper": {"answer_positions": 89, "ce": 0.57082774117589, "examples": 4, "hidden": 0.05122834909707308, "kl": 0.030391618609428406, "loss": 0.2777552204206586}}, "example_balanced": true, "overall": {"answer_positions": 113, "ce": 0.3590641487389803, "examples": 8, "hidden": 0.048661967972293496, "kl": 0.08349754731170833, "loss": 0.20053539983928204}, "selection_direction": "min", "selection_metric": "overall.loss", "target_token_weighting_used": false, "weight_sum": 8.0}}
{"global_grad_norm_before_clip": 1.6518218517303467, "learning_rate_used": 1.7071067811865477e-05, "next_learning_rate": 1.688354575693754e-05, "rows": [{"answer_positions": 4, "balance_group": "domain/qasper", "balance_weight": 1.0, "ce": 0.214588463306427, "dataset": "qasper", "example_id": "e01ae5d2ac2b5d4badbaef159f400433f90ef6857324ea18a5a7e21de12563d4", "hidden": 0.04808501899242401, "kl": 0.11683868616819382, "loss": 0.147075355052948, "rank": 0, "sequence_tokens": 4096, "stratum": "domain"}, {"answer_positions": 13, "balance_group": "domain/qasper", "balance_weight": 1.0, "ce": 2.2309486865997314, "dataset": "qasper", "example_id": "d79528bc8d1477a1e437d9d6e19c45b0d2c8ceab6330b9137b6e4357ad2b29dd", "hidden": 0.03602692112326622, "kl": 0.17171776294708252, "loss": 1.0712335109710693, "rank": 1, "sequence_tokens": 4096, "stratum": "domain"}, {"answer_positions": 2, "balance_group": "domain/qasper", "balance_weight": 1.0, "ce": 1.3900235891342163, "dataset": "qasper", "example_id": "b1c76eacdf80f63226268da03a05f35fff7254ad6a0c0d5d1451f82f7b3d515b", "hidden": 0.042095571756362915, "kl": 0.5988144278526306, "loss": 0.8435147404670715, "rank": 2, "sequence_tokens": 4096, "stratum": "domain"}, {"answer_positions": 17, "balance_group": "domain/qasper", "balance_weight": 1.0, "ce": 0.2313334345817566, "dataset": "qasper", "example_id": "29e4ae311e04189d174cd6809c24754e2950fcd23031b5e05d3d568507f997c8", "hidden": 0.054421715438365936, "kl": 0.07732684165239334, "loss": 0.14204877614974976, "rank": 3, "sequence_tokens": 4096, "stratum": "domain"}, {"answer_positions": 11, "balance_group": "domain/2wikimqa", "balance_weight": 1.0, "ce": 0.007940351963043213, "dataset": "2wikimqa", "example_id": "c3244da4f03c5d50d2ba2b4475d98e7154de689b2884c8014670c3abf5c12348", "hidden": 0.06300512701272964, "kl": 0.005701601039618254, "loss": 0.018169743940234184, "rank": 4, "sequence_tokens": 1448, "stratum": "domain"}, {"answer_positions": 11, "balance_group": "domain/2wikimqa", "balance_weight": 1.0, "ce": 0.004479818977415562, "dataset": "2wikimqa", "example_id": "1d88d97b68e10c99d61339198427898ca5f21c50047ce9c1c54a4c072a433686", "hidden": 0.04887913540005684, "kl": 0.0031864410266280174, "loss": 0.012907000258564949, "rank": 5, "sequence_tokens": 1155, "stratum": "domain"}, {"answer_positions": 8, "balance_group": "domain/2wikimqa", "balance_weight": 1.0, "ce": 0.019506415352225304, "dataset": "2wikimqa", "example_id": "c8ca8e8a39f98e6a4aae312a61c9b4aa9850d3def7f9d2a7cee7b78787750848", "hidden": 0.03509168326854706, "kl": 0.009679893031716347, "loss": 0.019184185191988945, "rank": 6, "sequence_tokens": 1162, "stratum": "domain"}, {"answer_positions": 2, "balance_group": "domain/2wikimqa", "balance_weight": 1.0, "ce": 0.23556029796600342, "dataset": "2wikimqa", "example_id": "15d1dcde2e3143017cb863da1aa21acbef0502eb9f330b32b8b4ad0d4175c9dc", "hidden": 0.047609150409698486, "kl": 0.5210412740707397, "loss": 0.2978884279727936, "rank": 7, "sequence_tokens": 1376, "stratum": "domain"}], "step": 39, "step_gate_recorded": null, "summary": {"by_balance_group": {"domain/2wikimqa": {"answer_positions": 32, "ce": 0.06687172106467187, "examples": 4, "hidden": 0.04864627402275801, "kl": 0.1349023022921756, "loss": 0.08703733934089541}, "domain/qasper": {"answer_positions": 36, "ce": 1.0167235434055328, "examples": 4, "hidden": 0.04515730682760477, "kl": 0.24117442965507507, "loss": 0.5509680956602097}}, "example_balanced": true, "overall": {"answer_positions": 68, "ce": 0.5417976322351024, "examples": 8, "hidden": 0.04690179042518139, "kl": 0.18803836597362533, "loss": 0.31900271750055254}, "selection_direction": "min", "selection_metric": "overall.loss", "target_token_weighting_used": false, "weight_sum": 8.0}}
{"global_grad_norm_before_clip": 1.6638990640640259, "learning_rate_used": 1.688354575693754e-05, "next_learning_rate": 1.6691306063588583e-05, "rows": [{"answer_positions": 30, "balance_group": "domain/qasper", "balance_weight": 1.0, "ce": 0.5931451916694641, "dataset": "qasper", "example_id": "38155e2eebf67ec1317669a93f87aaad4e08993dfe676b740fd483f97f2ccc91", "hidden": 0.02868838794529438, "kl": 0.05692758783698082, "loss": 0.2925776541233063, "rank": 0, "sequence_tokens": 4096, "stratum": "domain"}, {"answer_positions": 5, "balance_group": "domain/qasper", "balance_weight": 1.0, "ce": 0.5939131379127502, "dataset": "qasper", "example_id": "1f14825ecfc342970026a3351fdba46c49d5eee832ac13915a01e5f086d53d5e", "hidden": 0.03274914249777794, "kl": 0.3569883108139038, "loss": 0.39875665307044983, "rank": 1, "sequence_tokens": 2975, "stratum": "domain"}, {"answer_positions": 34, "balance_group": "domain/qasper", "balance_weight": 1.0, "ce": 1.3354954719543457, "dataset": "qasper", "example_id": "86923d00f41a3573f165309ca518d1e36444c8b82c3a111afb5e547b245a04db", "hidden": 0.04099148139357567, "kl": 0.15991614758968353, "loss": 0.6651419401168823, "rank": 2, "sequence_tokens": 3027, "stratum": "domain"}, {"answer_positions": 63, "balance_group": "domain/qasper", "balance_weight": 1.0, "ce": 0.29168522357940674, "dataset": "qasper", "example_id": "382dd924f21c8ed573fdbe845cc83c07341c57f96307e21d42656b7e74d22587", "hidden": 0.045850347727537155, "kl": 0.051272016018629074, "loss": 0.15837362408638, "rank": 3, "sequence_tokens": 4096, "stratum": "domain"}, {"answer_positions": 8, "balance_group": "domain/2wikimqa", "balance_weight": 1.0, "ce": 0.025069398805499077, "dataset": "2wikimqa", "example_id": "712b10223c96adf44a0d0142b59ea2f02375884306bd6384c0ec9232988a9ce2", "hidden": 0.03507436066865921, "kl": 0.0030180523172020912, "loss": 0.019352419301867485, "rank": 4, "sequence_tokens": 896, "stratum": "domain"}, {"answer_positions": 7, "balance_group": "domain/2wikimqa", "balance_weight": 1.0, "ce": 0.07768938690423965, "dataset": "2wikimqa", "example_id": "b23b697a29ffb853f15620da7d66aac4bd06abacdd33d5c37304c7b0f452f30e", "hidden": 0.03766141086816788, "kl": 0.01038750447332859, "loss": 0.046128131449222565, "rank": 5, "sequence_tokens": 795, "stratum": "domain"}, {"answer_positions": 2, "balance_group": "domain/2wikimqa", "balance_weight": 1.0, "ce": 1.1224595308303833, "dataset": "2wikimqa", "example_id": "295fd959aca4c09dbd98f985e5cea0d270087baec36d50bb441c1412201e5ea3", "hidden": 0.04846420884132385, "kl": 0.27578145265579224, "loss": 0.6113231182098389, "rank": 6, "sequence_tokens": 1160, "stratum": "domain"}, {"answer_positions": 2, "balance_group": "domain/2wikimqa", "balance_weight": 1.0, "ce": 0.5687417984008789, "dataset": "2wikimqa", "example_id": "47e47f359b48bff1f907c2fd8441d5d4a9786c7fcf21547d9cf8e5db2b7f4e05", "hidden": 0.05167281627655029, "kl": 0.22736261785030365, "loss": 0.3458452522754669, "rank": 7, "sequence_tokens": 1881, "stratum": "domain"}], "step": 40, "step_gate_recorded": null, "summary": {"by_balance_group": {"domain/2wikimqa": {"answer_positions": 19, "ce": 0.44849002873525023, "examples": 4, "hidden": 0.04321819916367531, "kl": 0.12913740682415664, "loss": 0.25566223030909896}, "domain/qasper": {"answer_positions": 132, "ce": 0.7035597562789917, "examples": 4, "hidden": 0.037069839891046286, "kl": 0.1562760155647993, "loss": 0.3787124678492546}}, "example_balanced": true, "overall": {"answer_positions": 151, "ce": 0.576024892507121, "examples": 8, "hidden": 0.0401440195273608, "kl": 0.14270671119447798, "loss": 0.3171873490791768}, "selection_direction": "min", "selection_metric": "overall.loss", "target_token_weighting_used": false, "weight_sum": 8.0}}
{"global_grad_norm_before_clip": 1.0195438861846924, "learning_rate_used": 1.6691306063588583e-05, "next_learning_rate": 1.6494480483301836e-05, "rows": [{"answer_positions": 49, "balance_group": "domain/qasper", "balance_weight": 1.0, "ce": 0.4119057357311249, "dataset": "qasper", "example_id": "83b3b208f96abbca0e0232b6f0b006ea1a63d0c679de49575444da55957f7c18", "hidden": 0.0314541719853878, "kl": 0.04071537405252457, "loss": 0.20589879155158997, "rank": 0, "sequence_tokens": 2956, "stratum": "domain"}, {"answer_positions": 2, "balance_group": "domain/qasper", "balance_weight": 1.0, "ce": 0.8965766429901123, "dataset": "qasper", "example_id": "8c5d0fd43ee212ca38a5b58caad4bebcbce661d0115c42a6fa00c3d40bf36bf6", "hidden": 0.036721378564834595, "kl": 0.30223897099494934, "loss": 0.5165873765945435, "rank": 1, "sequence_tokens": 2719, "stratum": "domain"}, {"answer_positions": 4, "balance_group": "domain/qasper", "balance_weight": 1.0, "ce": 0.9792330265045166, "dataset": "qasper", "example_id": "c3f4f325cb0b3310d32e5b570fcfcbaa28aa35bf5bb8507c0f3dd48b9b84194e", "hidden": 0.033526867628097534, "kl": 0.255934476852417, "loss": 0.5369372367858887, "rank": 2, "sequence_tokens": 3710, "stratum": "domain"}, {"answer_positions": 18, "balance_group": "domain/qasper", "balance_weight": 1.0, "ce": 1.253905177116394, "dataset": "qasper", "example_id": "17705af422c0698dc2c5ef21d072c8f2d6b27cac06fcbbaf4054015936683693", "hidden": 0.05014871433377266, "kl": 0.26576662063598633, "loss": 0.6673053503036499, "rank": 3, "sequence_tokens": 1923, "stratum": "domain"}, {"answer_positions": 2, "balance_group": "domain/2wikimqa", "balance_weight": 1.0, "ce": 0.28954535722732544, "dataset": "2wikimqa", "example_id": "59f35b9c25ea3b04cd56b4b7f1f21bcb35f767a419825f9800bb35432d1cc3a7", "hidden": 0.052503228187561035, "kl": 0.44518139958381653, "loss": 0.2966095507144928, "rank": 4, "sequence_tokens": 757, "stratum": "domain"}, {"answer_positions": 3, "balance_group": "domain/2wikimqa", "balance_weight": 1.0, "ce": 0.9654430747032166, "dataset": "2wikimqa", "example_id": "bd818c8360ce500668f17bc9f340a43897d0348a48d13096689047b298e17100", "hidden": 0.035259466618299484, "kl": 0.11889445781707764, "loss": 0.4831143319606781, "rank": 5, "sequence_tokens": 1161, "stratum": "domain"}, {"answer_positions": 9, "balance_group": "domain/2wikimqa", "balance_weight": 1.0, "ce": 0.00500099454075098, "dataset": "2wikimqa", "example_id": "ed2659bb4e651b479a51184bee3f8fb908a25cf90dffa87d889783e7abbdcb02", "hidden": 0.03324400261044502, "kl": 0.0036953212693333626, "loss": 0.010192610323429108, "rank": 6, "sequence_tokens": 943, "stratum": "domain"}, {"answer_positions": 2, "balance_group": "domain/2wikimqa", "balance_weight": 1.0, "ce": 0.09185142815113068, "dataset": "2wikimqa", "example_id": "a10a30f9510e456a9b589f0c125d1f1463249daff8045e42031d3d0aa58f7c29", "hidden": 0.03348454833030701, "kl": 0.20683744549751282, "loss": 0.12042315304279327, "rank": 7, "sequence_tokens": 601, "stratum": "domain"}], "step": 41, "step_gate_recorded": null, "summary": {"by_balance_group": {"domain/2wikimqa": {"answer_positions": 16, "ce": 0.3379602136556059, "examples": 4, "hidden": 0.03862281143665314, "kl": 0.1936521560419351, "loss": 0.22758491151034832}, "domain/qasper": {"answer_positions": 73, "ce": 0.885405145585537, "examples": 4, "hidden": 0.03796278312802315, "kl": 0.2161638606339693, "loss": 0.481682188808918}}, "example_balanced": true, "overall": {"answer_positions": 89, "ce": 0.6116826796205714, "examples": 8, "hidden": 0.03829279728233814, "kl": 0.2049080083379522, "loss": 0.35463355015963316}, "selection_direction": "min", "selection_metric": "overall.loss", "target_token_weighting_used": false, "weight_sum": 8.0}}
{"global_grad_norm_before_clip": 0.8264841437339783, "learning_rate_used": 1.6494480483301836e-05, "next_learning_rate": 1.6293203910498375e-05, "rows": [{"answer_positions": 2, "balance_group": "domain/qasper", "balance_weight": 1.0, "ce": 0.6372109651565552, "dataset": "qasper", "example_id": "75114c5135385b37214cb6185134f8183ec3d6718db26d46d01ec34a41852b5c", "hidden": 0.035980224609375, "kl": 0.20685696601867676, "loss": 0.36634090542793274, "rank": 0, "sequence_tokens": 2655, "stratum": "domain"}, {"answer_positions": 46, "balance_group": "domain/qasper", "balance_weight": 1.0, "ce": 1.3606029748916626, "dataset": "qasper", "example_id": "203f93a449d582b83ddd60fd27cbc2e007aca00e1e77b96eb84c0f91503ecad1", "hidden": 0.019862720742821693, "kl": 0.023157229647040367, "loss": 0.6243488788604736, "rank": 1, "sequence_tokens": 4096, "stratum": "domain"}, {"answer_positions": 2, "balance_group": "domain/qasper", "balance_weight": 1.0, "ce": 0.5797640681266785, "dataset": "qasper", "example_id": "986eba372c6b356f740ee84f7abaee65143585705b9ac0fd478e5a1a4dad71c1", "hidden": 0.04188534617424011, "kl": 0.26943159103393555, "loss": 0.3635719418525696, "rank": 2, "sequence_tokens": 3240, "stratum": "domain"}, {"answer_positions": 15, "balance_group": "domain/qasper", "balance_weight": 1.0, "ce": 0.4456479549407959, "dataset": "qasper", "example_id": "b92268772aeb3cb7032705583f866ef5ca8d601c35f185e0bea8d5b81f1112c3", "hidden": 0.0436442568898201, "kl": 0.13829463720321655, "loss": 0.25767356157302856, "rank": 3, "sequence_tokens": 4096, "stratum": "domain"}, {"answer_positions": 2, "balance_group": "domain/2wikimqa", "balance_weight": 1.0, "ce": 0.35770097374916077, "dataset": "2wikimqa", "example_id": "59bd5483af5f6de3254375174b2302993d82e1a32dfad9f55cf2dfeee814ca83", "hidden": 0.05392330884933472, "kl": 0.3508020043373108, "loss": 0.2945307791233063, "rank": 4, "sequence_tokens": 740, "stratum": "domain"}, {"answer_positions": 2, "balance_group": "domain/2wikimqa", "balance_weight": 1.0, "ce": 0.3678779900074005, "dataset": "2wikimqa", "example_id": "98ff3ee0229abfc12ef7a182da251234099fcb8cc40175f49d758513e94e2558", "hidden": 0.048312872648239136, "kl": 0.34869205951690674, "loss": 0.2972498834133148, "rank": 5, "sequence_tokens": 2296, "stratum": "domain"}, {"answer_positions": 4, "balance_group": "domain/2wikimqa", "balance_weight": 1.0, "ce": 0.09204836189746857, "dataset": "2wikimqa", "example_id": "1047ade40c10883cba2f63c5f1bc089a05d5791f7232ef162be83530a5264c70", "hidden": 0.03808443248271942, "kl": 0.009314325638115406, "loss": 0.052298661321401596, "rank": 6, "sequence_tokens": 1055, "stratum": "domain"}, {"answer_positions": 9, "balance_group": "domain/2wikimqa", "balance_weight": 1.0, "ce": 0.004148873966187239, "dataset": "2wikimqa", "example_id": "f72237e03c4956d108580b23ffed17e30d3c82b6d478c5a9079c0400a1651f03", "hidden": 0.045596446841955185, "kl": 0.0022487971000373363, "loss": 0.011773362755775452, "rank": 7, "sequence_tokens": 1159, "stratum": "domain"}], "step": 42, "step_gate_recorded": null, "summary": {"by_balance_group": {"domain/2wikimqa": {"answer_positions": 17, "ce": 0.20544404990505427, "examples": 4, "hidden": 0.046479265205562115, "kl": 0.17776429664809257, "loss": 0.16396317165344954}, "domain/qasper": {"answer_positions": 65, "ce": 0.755806490778923, "examples": 4, "hidden": 0.035343137104064226, "kl": 0.1594351059757173, "loss": 0.40298382192850113}}, "example_balanced": true, "overall": {"answer_positions": 82, "ce": 0.48062527034198865, "examples": 8, "hidden": 0.04091120115481317, "kl": 0.16859970131190494, "loss": 0.28347349679097533}, "selection_direction": "min", "selection_metric": "overall.loss", "target_token_weighting_used": false, "weight_sum": 8.0}}
{"global_grad_norm_before_clip": 1.8025035858154297, "learning_rate_used": 1.6293203910498375e-05, "next_learning_rate": 1.608761429008721e-05, "rows": [{"answer_positions": 5, "balance_group": "domain/qasper", "balance_weight": 1.0, "ce": 0.7120904326438904, "dataset": "qasper", "example_id": "4964e1c6f5e93255a24be7aed7e9bcd63443e263f7fc67528301cf7f338457c2", "hidden": 0.04778372123837471, "kl": 0.10147347301244736, "loss": 0.3655131459236145, "rank": 0, "sequence_tokens": 3115, "stratum": "domain"}, {"answer_positions": 24, "balance_group": "domain/qasper", "balance_weight": 1.0, "ce": 0.3674767017364502, "dataset": "qasper", "example_id": "74a12268ee43866a8e577872abdff6d200ecc12e86078ceaa0a99849f3fb4020", "hidden": 0.05316322296857834, "kl": 0.04828663915395737, "loss": 0.1928974837064743, "rank": 1, "sequence_tokens": 4096, "stratum": "domain"}, {"answer_positions": 32, "balance_group": "domain/qasper", "balance_weight": 1.0, "ce": 1.6154398918151855, "dataset": "qasper", "example_id": "afac85ad0b2618b4866fb36a823ad19904a4aeb1f9803e2f8677ce2bfe386fcf", "hidden": 0.029737360775470734, "kl": 0.08048512041568756, "loss": 0.7610651850700378, "rank": 2, "sequence_tokens": 4096, "stratum": "domain"}, {"answer_positions": 11, "balance_group": "domain/qasper", "balance_weight": 1.0, "ce": 1.7625502347946167, "dataset": "qasper", "example_id": "da5df6716288e4b0cd52ef38755fc7440094ef30fe39c7cd90d3054052a23156", "hidden": 0.03495977073907852, "kl": 0.2525242567062378, "loss": 0.8885230422019958, "rank": 3, "sequence_tokens": 2616, "stratum": "domain"}, {"answer_positions": 9, "balance_group": "domain/2wikimqa", "balance_weight": 1.0, "ce": 0.013188675045967102, "dataset": "2wikimqa", "example_id": "618c3e7a0b22afa442d63443c1ec84a829a3bb124e0884f648732ecdd8f48631", "hidden": 0.03591706231236458, "kl": 0.003271199529990554, "loss": 0.014263235032558441, "rank": 4, "sequence_tokens": 1454, "stratum": "domain"}, {"answer_positions": 9, "balance_group": "domain/2wikimqa", "balance_weight": 1.0, "ce": 0.13368116319179535, "dataset": "2wikimqa", "example_id": "54dd3fe5536028f51b9ba7afaae41eadb37f64e86689d7d3e5d6b6f7e2b2e31f", "hidden": 0.028623607009649277, "kl": 0.005008179694414139, "loss": 0.06763410568237305, "rank": 5, "sequence_tokens": 1503, "stratum": "domain"}, {"answer_positions": 5, "balance_group": "domain/2wikimqa", "balance_weight": 1.0, "ce": 0.03511735424399376, "dataset": "2wikimqa", "example_id": "3cd29f3f7750f3c40a6361eb0e90de78bb628e9b9fd590ad3e09f42161391622", "hidden": 0.05196932703256607, "kl": 0.5653260946273804, "loss": 0.2240608036518097, "rank": 6, "sequence_tokens": 1074, "stratum": "domain"}, {"answer_positions": 2, "balance_group": "domain/2wikimqa", "balance_weight": 1.0, "ce": 0.9440423250198364, "dataset": "2wikimqa", "example_id": "80837bf1807eeacb714c5448ed2b7fe96708afeb35a81094b2380231d7022fc8", "hidden": 0.047325462102890015, "kl": 0.3266123831272125, "loss": 0.5485984683036804, "rank": 7, "sequence_tokens": 1484, "stratum": "domain"}], "step": 43, "step_gate_recorded": null, "summary": {"by_balance_group": {"domain/2wikimqa": {"answer_positions": 25, "ce": 0.28150737937539816, "examples": 4, "hidden": 0.040958864614367485, "kl": 0.2250544642447494, "loss": 0.2136391531676054}, "domain/qasper": {"answer_positions": 72, "ce": 1.1143893152475357, "examples": 4, "hidden": 0.041411018930375576, "kl": 0.12069237232208252, "loss": 0.5519997142255306}}, "example_balanced": true, "overall": {"answer_positions": 97, "ce": 0.6979483473114669, "examples": 8, "hidden": 0.04118494177237153, "kl": 0.17287341828341596, "loss": 0.382819433696568}, "selection_direction": "min", "selection_metric": "overall.loss", "target_token_weighting_used": false, "weight_sum": 8.0}}
{"global_grad_norm_before_clip": 1.6410372257232666, "learning_rate_used": 1.608761429008721e-05, "next_learning_rate": 1.5877852522924733e-05, "rows": [{"answer_positions": 4, "balance_group": "domain/qasper", "balance_weight": 1.0, "ce": 0.5307169556617737, "dataset": "qasper", "example_id": "82e21e7a4d85768928ce3ded2ed0cf7eddaf73521d0d40d93170b8e2862a2e27", "hidden": 0.04652899503707886, "kl": 0.13299579918384552, "loss": 0.2946769595146179, "rank": 0, "sequence_tokens": 4096, "stratum": "domain"}, {"answer_positions": 5, "balance_group": "domain/qasper", "balance_weight": 1.0, "ce": 1.1830265522003174, "dataset": "qasper", "example_id": "4549c4ac1258e40053c2bc0054a579218d19d3afdbd75e0dd8c91897b0944a43", "hidden": 0.03493434190750122, "kl": 0.004777864553034306, "loss": 0.5410210490226746, "rank": 1, "sequence_tokens": 2558, "stratum": "domain"}, {"answer_positions": 5, "balance_group": "domain/qasper", "balance_weight": 1.0, "ce": 1.139796495437622, "dataset": "qasper", "example_id": "f62981380201cf8c26dbb3165544f887f9b5cbe13da51b640c234d8a4d425288", "hidden": 0.02760854922235012, "kl": 0.2074337750673294, "loss": 0.5910319089889526, "rank": 2, "sequence_tokens": 3357, "stratum": "domain"}, {"answer_positions": 2, "balance_group": "domain/qasper", "balance_weight": 1.0, "ce": 0.1369132250547409, "dataset": "qasper", "example_id": "c087ea0545e1a72b44e41f77bf29f6e001ebd0fcf25e4bd3d673aa6f524e5b4d", "hidden": 0.038006752729415894, "kl": 0.353381484746933, "loss": 0.1928958147764206, "rank": 3, "sequence_tokens": 4016, "stratum": "domain"}, {"answer_positions": 9, "balance_group": "domain/2wikimqa", "balance_weight": 1.0, "ce": 0.015169073827564716, "dataset": "2wikimqa", "example_id": "97a746b66f4aba49d4c53564842d8c0510777a3a8114ab475124e18c5c68b0c8", "hidden": 0.036481957882642746, "kl": 0.006644104607403278, "loss": 0.01644791290163994, "rank": 4, "sequence_tokens": 973, "stratum": "domain"}, {"answer_positions": 7, "balance_group": "domain/2wikimqa", "balance_weight": 1.0, "ce": 0.005324637982994318, "dataset": "2wikimqa", "example_id": "c8228469df799b9040381d8c445711c13839f03831a73f95450848e3fb134648", "hidden": 0.03079869970679283, "kl": 0.001487440662458539, "loss": 0.009076431393623352, "rank": 5, "sequence_tokens": 627, "stratum": "domain"}, {"answer_positions": 5, "balance_group": "domain/2wikimqa", "balance_weight": 1.0, "ce": 0.10849639028310776, "dataset": "2wikimqa", "example_id": "76c6a2e4c4203b45fa836e0fa0fd7945e4a9282e2939bc9e41b933fff352e300", "hidden": 0.02982570044696331, "kl": 0.01500696875154972, "loss": 0.06004095450043678, "rank": 6, "sequence_tokens": 736, "stratum": "domain"}, {"answer_positions": 5, "balance_group": "domain/2wikimqa", "balance_weight": 1.0, "ce": 0.08793710172176361, "dataset": "2wikimqa", "example_id": "1ba5a2414f96bd71155d05c59cce962099673e8da907f443f38868e140ca61e0", "hidden": 0.0286819227039814, "kl": 0.00449387077242136, "loss": 0.04688093438744545, "rank": 7, "sequence_tokens": 1046, "stratum": "domain"}], "step": 44, "step_gate_recorded": null, "summary": {"by_balance_group": {"domain/2wikimqa": {"answer_positions": 26, "ce": 0.0542318009538576, "examples": 4, "hidden": 0.03144707018509507, "kl": 0.0069080961984582245, "loss": 0.03311155829578638}, "domain/qasper": {"answer_positions": 16, "ce": 0.7476133070886135, "examples": 4, "hidden": 0.03676965972408652, "kl": 0.17464723088778555, "loss": 0.4049064330756664}}, "example_balanced": true, "overall": {"answer_positions": 42, "ce": 0.40092255402123556, "examples": 8, "hidden": 0.0341083649545908, "kl": 0.09077766354312189, "loss": 0.2190089956857264}, "selection_direction": "min", "selection_metric": "overall.loss", "target_token_weighting_used": false, "weight_sum": 8.0}}
{"global_grad_norm_before_clip": 1.0191351175308228, "learning_rate_used": 1.5877852522924733e-05, "next_learning_rate": 1.566406236924833e-05, "rows": [{"answer_positions": 10, "balance_group": "domain/qasper", "balance_weight": 1.0, "ce": 0.6118263602256775, "dataset": "qasper", "example_id": "d7b3dc6954a6b192a35aaf0bd1a96d546e325c0b2eb12534c4381c6fd1f4e23f", "hidden": 0.05030754953622818, "kl": 0.1890098601579666, "loss": 0.3515368103981018, "rank": 0, "sequence_tokens": 4096, "stratum": "domain"}, {"answer_positions": 12, "balance_group": "domain/qasper", "balance_weight": 1.0, "ce": 3.9650583267211914, "dataset": "qasper", "example_id": "4dbb459c47e98587b3174dcbff2dec78ea6ac0efe56f5fcde6100a31ce6500d3", "hidden": 0.025284867733716965, "kl": 0.06307698786258698, "loss": 1.8114101886749268, "rank": 1, "sequence_tokens": 4096, "stratum": "domain"}, {"answer_positions": 14, "balance_group": "domain/qasper", "balance_weight": 1.0, "ce": 0.08042867481708527, "dataset": "qasper", "example_id": "f953f13c80eb1672487723383cd418d44dad3b7fab2d9351396f8b1920839f9d", "hidden": 0.03683037683367729, "kl": 0.04500644654035568, "loss": 0.05931123346090317, "rank": 2, "sequence_tokens": 4096, "stratum": "domain"}, {"answer_positions": 18, "balance_group": "domain/qasper", "balance_weight": 1.0, "ce": 1.8524938821792603, "dataset": "qasper", "example_id": "def350a73314864a43f09b66fbe29bad6bfb69213574cc3dfa8d1b3c114badd8", "hidden": 0.03342869505286217, "kl": 0.1038133054971695, "loss": 0.8766425848007202, "rank": 3, "sequence_tokens": 4096, "stratum": "domain"}, {"answer_positions": 3, "balance_group": "domain/2wikimqa", "balance_weight": 1.0, "ce": 0.1772540807723999, "dataset": "2wikimqa", "example_id": "e5d4fb61a5ad637d86c4f1a8287fcba21d1d8c2112add03a04520f1f43dd5668", "hidden": 0.03276169300079346, "kl": 0.2719907760620117, "loss": 0.1815134435892105, "rank": 4, "sequence_tokens": 736, "stratum": "domain"}, {"answer_positions": 5, "balance_group": "domain/2wikimqa", "balance_weight": 1.0, "ce": 0.053170252591371536, "dataset": "2wikimqa", "example_id": "1f5a0ca4bdf4b75d0897732b77596cb141a2f1aa4c8ed0d5990d07e1ca4e3cb1", "hidden": 0.034834124147892, "kl": 0.009247181005775928, "loss": 0.034129951149225235, "rank": 5, "sequence_tokens": 1012, "stratum": "domain"}, {"answer_positions": 3, "balance_group": "domain/2wikimqa", "balance_weight": 1.0, "ce": 0.10133423656225204, "dataset": "2wikimqa", "example_id": "13fa47d9b550d5488688d9162a77cface37e6fff8b13982205292852898b62a3", "hidden": 0.027786236256361008, "kl": 0.005976780317723751, "loss": 0.053249526768922806, "rank": 6, "sequence_tokens": 759, "stratum": "domain"}, {"answer_positions": 6, "balance_group": "domain/2wikimqa", "balance_weight": 1.0, "ce": 0.1005694717168808, "dataset": "2wikimqa", "example_id": "b5364ed807db122f6f202552b31b9bf1dd6c0f454a8c572c2b5353e27a57cde1", "hidden": 0.03653234243392944, "kl": 0.007826230488717556, "loss": 0.055301908403635025, "rank": 7, "sequence_tokens": 625, "stratum": "domain"}], "step": 45, "step_gate_recorded": null, "summary": {"by_balance_group": {"domain/2wikimqa": {"answer_positions": 17, "ce": 0.10808201041072607, "examples": 4, "hidden": 0.03297859895974398, "kl": 0.07376024196855724, "loss": 0.0810487074777484}, "domain/qasper": {"answer_positions": 54, "ce": 1.6274518109858036, "examples": 4, "hidden": 0.03646287228912115, "kl": 0.10022665001451969, "loss": 0.774725204333663}}, "example_balanced": true, "overall": {"answer_positions": 71, "ce": 0.8677669106982648, "examples": 8, "hidden": 0.034720735624432564, "kl": 0.08699344599153847, "loss": 0.4278869559057057}, "selection_direction": "min", "selection_metric": "overall.loss", "target_token_weighting_used": false, "weight_sum": 8.0}}
{"global_grad_norm_before_clip": 2.9553401470184326, "learning_rate_used": 1.566406236924833e-05, "next_learning_rate": 1.5446390350150272e-05, "rows": [{"answer_positions": 52, "balance_group": "domain/qasper", "balance_weight": 1.0, "ce": 2.034079074859619, "dataset": "qasper", "example_id": "682d979e3359c300a696dc5b18f431951542aa7e3eb73b76c47866ce6a549518", "hidden": 0.02901208959519863, "kl": 0.07730042934417725, "loss": 0.9481930732727051, "rank": 0, "sequence_tokens": 4096, "stratum": "domain"}, {"answer_positions": 16, "balance_group": "domain/qasper", "balance_weight": 1.0, "ce": 0.13563667237758636, "dataset": "qasper", "example_id": "2d2b65662ec0d9b9f4f8904d310369686ad0c7223ac3b900ab6e3e3b4e670291", "hidden": 0.061255596578121185, "kl": 0.07329736649990082, "loss": 0.09894169121980667, "rank": 1, "sequence_tokens": 4096, "stratum": "domain"}, {"answer_positions": 113, "balance_group": "domain/qasper", "balance_weight": 1.0, "ce": 0.08268620818853378, "dataset": "qasper", "example_id": "1c656e6c294db617366fc59338b13e62485d5a26f6684996c64c15646d9e7d51", "hidden": 0.037430278956890106, "kl": 0.02998111955821514, "loss": 0.055188242346048355, "rank": 2, "sequence_tokens": 2846, "stratum": "domain"}, {"answer_positions": 43, "balance_group": "domain/qasper", "balance_weight": 1.0, "ce": 0.37355270981788635, "dataset": "qasper", "example_id": "8c4b9cdf331fabe2c675a9951f65aa519d8c28e11e67ebadf557ff4cb1b24dc0", "hidden": 0.03691285848617554, "kl": 0.048353660851716995, "loss": 0.1924050748348236, "rank": 3, "sequence_tokens": 4096, "stratum": "domain"}, {"answer_positions": 10, "balance_group": "domain/2wikimqa", "balance_weight": 1.0, "ce": 0.0033174254931509495, "dataset": "2wikimqa", "example_id": "bf2583dc1cdec688cde65a91f7062acc6c72e7814318c677798bfdc4ee138d33", "hidden": 0.04451953247189522, "kl": 0.0018964562332257628, "loss": 0.011060507968068123, "rank": 4, "sequence_tokens": 1025, "stratum": "domain"}, {"answer_positions": 5, "balance_group": "domain/2wikimqa", "balance_weight": 1.0, "ce": 0.6321650743484497, "dataset": "2wikimqa", "example_id": "8d8f3135b3e8123f9f360653ecccc9bab1c2b86a9cc4a12c70d3aa1737ea5b59", "hidden": 0.04272155836224556, "kl": 0.15501675009727478, "loss": 0.3472744822502136, "rank": 5, "sequence_tokens": 1164, "stratum": "domain"}, {"answer_positions": 2, "balance_group": "domain/2wikimqa", "balance_weight": 1.0, "ce": 0.004213378764688969, "dataset": "2wikimqa", "example_id": "c725dc3b4c7ae9aee08d43d6644948e47fe8ffccf87f734e866af7b28f49ab23", "hidden": 0.04587098956108093, "kl": 0.0022360426373779774, "loss": 0.011852833442389965, "rank": 6, "sequence_tokens": 1683, "stratum": "domain"}, {"answer_positions": 2, "balance_group": "domain/2wikimqa", "balance_weight": 1.0, "ce": 0.27323421835899353, "dataset": "2wikimqa", "example_id": "89261f95472dca3fbef92057d9140c6b67634dac278cbb3746fbfdabd80ed350", "hidden": 0.04850727319717407, "kl": 0.4445778727531433, "loss": 0.2882591187953949, "rank": 7, "sequence_tokens": 942, "stratum": "domain"}], "step": 46, "step_gate_recorded": null, "summary": {"by_balance_group": {"domain/2wikimqa": {"answer_positions": 19, "ce": 0.2282325242413208, "examples": 4, "hidden": 0.045404838398098946, "kl": 0.15093178043025546, "loss": 0.16461173561401665}, "domain/qasper": {"answer_positions": 224, "ce": 0.6564886663109064, "examples": 4, "hidden": 0.041152705904096365, "kl": 0.05723314406350255, "loss": 0.32368202041834593}}, "example_balanced": true, "overall": {"answer_positions": 243, "ce": 0.4423605952761136, "examples": 8, "hidden": 0.043278772151097655, "kl": 0.104082462246879, "loss": 0.2441468780161813}, "selection_direction": "min", "selection_metric": "overall.loss", "target_token_weighting_used": false, "weight_sum": 8.0}}
{"global_grad_norm_before_clip": 1.1613121032714844, "learning_rate_used": 1.5446390350150272e-05, "next_learning_rate": 1.5224985647159489e-05, "rows": [{"answer_positions": 7, "balance_group": "domain/qasper", "balance_weight": 1.0, "ce": 1.0830367803573608, "dataset": "qasper", "example_id": "5cff712bad6ddff36cdd1496684d0c2177a8516bbb19fbdcdd0bd9e7a6e88111", "hidden": 0.03344522416591644, "kl": 0.17011812329292297, "loss": 0.5535969138145447, "rank": 0, "sequence_tokens": 4096, "stratum": "domain"}, {"answer_positions": 2, "balance_group": "domain/qasper", "balance_weight": 1.0, "ce": 0.5761939883232117, "dataset": "qasper", "example_id": "6c31a67ad1b0adb4d94d4b408877b1fff0d69a80b4e11e3299f9250209c97053", "hidden": 0.02900516986846924, "kl": 0.28172966837882996, "loss": 0.3636937141418457, "rank": 1, "sequence_tokens": 2998, "stratum": "domain"}, {"answer_positions": 9, "balance_group": "domain/qasper", "balance_weight": 1.0, "ce": 1.0414507389068604, "dataset": "qasper", "example_id": "c15750d088e5d5a1b08179a0ac887ae02aee245829b9276bec3b0b9b8e2932fa", "hidden": 0.04029982537031174, "kl": 0.39235469698905945, "loss": 0.6140369176864624, "rank": 2, "sequence_tokens": 4096, "stratum": "domain"}, {"answer_positions": 12, "balance_group": "domain/qasper", "balance_weight": 1.0, "ce": 1.0456256866455078, "dataset": "qasper", "example_id": "ed1559e502f8fcf3b9c5618ec8280615027ee65d5842b4860370a01ae8468194", "hidden": 0.029500242322683334, "kl": 0.1974353790283203, "loss": 0.5455339550971985, "rank": 3, "sequence_tokens": 3003, "stratum": "domain"}, {"answer_positions": 7, "balance_group": "domain/2wikimqa", "balance_weight": 1.0, "ce": 0.04088307544589043, "dataset": "2wikimqa", "example_id": "6b4f0b38abf9db0b791d93e2355601b98ad78df054464b28a1bf2aec5deef5b5", "hidden": 0.05428190901875496, "kl": 0.27744320034980774, "loss": 0.12635888159275055, "rank": 4, "sequence_tokens": 746, "stratum": "domain"}, {"answer_positions": 6, "balance_group": "domain/2wikimqa", "balance_weight": 1.0, "ce": 0.00619273167103529, "dataset": "2wikimqa", "example_id": "b955d81473c4ba59adc0f0797425eb1dc7cf2ba5848c4127e0104bc30b1cc7c9", "hidden": 0.04122591018676758, "kl": 0.0030385293066501617, "loss": 0.012095397338271141, "rank": 5, "sequence_tokens": 718, "stratum": "domain"}, {"answer_positions": 2, "balance_group": "domain/2wikimqa", "balance_weight": 1.0, "ce": 0.38873162865638733, "dataset": "2wikimqa", "example_id": "69e5ebdbb0f77509bf7f6e4474bba24b0d709937fda922a79a91afe13c3731eb", "hidden": 0.05946812033653259, "kl": 0.32619258761405945, "loss": 0.3009902834892273, "rank": 6, "sequence_tokens": 1470, "stratum": "domain"}, {"answer_positions": 2, "balance_group": "domain/2wikimqa", "balance_weight": 1.0, "ce": 0.36142969131469727, "dataset": "2wikimqa", "example_id": "ee02e4f716c226e1e42bc3f7576f94d19e64af939683d5627d209fe7bc7a767d", "hidden": 0.04765626788139343, "kl": 0.34363678097724915, "loss": 0.2924475073814392, "rank": 7, "sequence_tokens": 834, "stratum": "domain"}], "step": 47, "step_gate_recorded": null, "summary": {"by_balance_group": {"domain/2wikimqa": {"answer_positions": 17, "ce": 0.19930928177200258, "examples": 4, "hidden": 0.05065805185586214, "kl": 0.23757777456194162, "loss": 0.18297301745042205}, "domain/qasper": {"answer_positions": 30, "ce": 0.9365767985582352, "examples": 4, "hidden": 0.03306261543184519, "kl": 0.2604094669222832, "loss": 0.5192153751850128}}, "example_balanced": true, "overall": {"answer_positions": 47, "ce": 0.5679430401651189, "examples": 8, "hidden": 0.041860333643853664, "kl": 0.2489936207421124, "loss": 0.35109419631771743}, "selection_direction": "min", "selection_metric": "overall.loss", "target_token_weighting_used": false, "weight_sum": 8.0}}
{"global_grad_norm_before_clip": 0.7420634627342224, "learning_rate_used": 1.5224985647159489e-05, "next_learning_rate": 1.5000000000000002e-05, "rows": [{"answer_positions": 2, "balance_group": "domain/qasper", "balance_weight": 1.0, "ce": 0.30435770750045776, "dataset": "qasper", "example_id": "4203c5a3893099da89764d0013b45a7331d9ba28249b59d71457472d5448a339", "hidden": 0.038054049015045166, "kl": 0.38031166791915894, "loss": 0.2776808440685272, "rank": 0, "sequence_tokens": 3711, "stratum": "domain"}, {"answer_positions": 104, "balance_group": "domain/qasper", "balance_weight": 1.0, "ce": 0.35746774077415466, "dataset": "qasper", "example_id": "2a906f21e76868fa99cc6df0efa06fd6c34ec2889375791b45a7ba4a22b0db30", "hidden": 0.01701439544558525, "kl": 0.014479282312095165, "loss": 0.16933110356330872, "rank": 1, "sequence_tokens": 2819, "stratum": "domain"}, {"answer_positions": 6, "balance_group": "domain/qasper", "balance_weight": 1.0, "ce": 0.6073797941207886, "dataset": "qasper", "example_id": "f8c3ef9f30f7d067939cf9767f042353db3aa5a1bb0066f47545864e64b031a1", "hidden": 0.05573999136686325, "kl": 0.1463920772075653, "loss": 0.3357061445713043, "rank": 2, "sequence_tokens": 2607, "stratum": "domain"}, {"answer_positions": 2, "balance_group": "domain/qasper", "balance_weight": 1.0, "ce": 0.186140239238739, "dataset": "qasper", "example_id": "8a5f8a489e56e6c7d927d634e8762ae752aca6c6631881046fae59060226b0b3", "hidden": 0.03977096080780029, "kl": 0.38300788402557373, "loss": 0.22577005624771118, "rank": 3, "sequence_tokens": 4096, "stratum": "domain"}, {"answer_positions": 3, "balance_group": "domain/2wikimqa", "balance_weight": 1.0, "ce": 0.4461894929409027, "dataset": "2wikimqa", "example_id": "76834d8a3fea87f1df2c2b3a585d1b00602cd919dbef861452b52f4eeac29873", "hidden": 0.026261508464813232, "kl": 0.21849235892295837, "loss": 0.2825098931789398, "rank": 4, "sequence_tokens": 1238, "stratum": "domain"}, {"answer_positions": 5, "balance_group": "domain/2wikimqa", "balance_weight": 1.0, "ce": 0.04867185652256012, "dataset": "2wikimqa", "example_id": "83cf445535f284536af34eb1646fdfacede9075c685aa7e38cdfa869d7e76e98", "hidden": 0.03223712369799614, "kl": 0.012787984684109688, "loss": 0.03282555192708969, "rank": 5, "sequence_tokens": 793, "stratum": "domain"}, {"answer_positions": 2, "balance_group": "domain/2wikimqa", "balance_weight": 1.0, "ce": 0.42464810609817505, "dataset": "2wikimqa", "example_id": "5c2b6f9c7ad4a28f89ce8e68c665110ddc254b51a87923d9a4b6a0126648cb24", "hidden": 0.05675148963928223, "kl": 0.2894810140132904, "loss": 0.303760290145874, "rank": 6, "sequence_tokens": 691, "stratum": "domain"}, {"answer_positions": 7, "balance_group": "domain/2wikimqa", "balance_weight": 1.0, "ce": 0.225572407245636, "dataset": "2wikimqa", "example_id": "f46c47769abbd94de9e0910b7dcb015fbed3af2be13ea08442c2ec45dacaa6cc", "hidden": 0.020004205405712128, "kl": 0.00449014687910676, "loss": 0.10707997530698776, "rank": 7, "sequence_tokens": 1206, "stratum": "domain"}], "step": 48, "step_gate_recorded": null, "summary": {"by_balance_group": {"domain/2wikimqa": {"answer_positions": 17, "ce": 0.28627046570181847, "examples": 4, "hidden": 0.03381358180195093, "kl": 0.1313128761248663, "loss": 0.18154392763972282}, "domain/qasper": {"answer_positions": 114, "ce": 0.363836370408535, "examples": 4, "hidden": 0.03764484915882349, "kl": 0.23104772786609828, "loss": 0.25212203711271286}}, "example_balanced": true, "overall": {"answer_positions": 131, "ce": 0.32505341805517673, "examples": 8, "hidden": 0.03572921548038721, "kl": 0.1811803019954823, "loss": 0.21683298237621784}, "selection_direction": "min", "selection_metric": "overall.loss", "target_token_weighting_used": false, "weight_sum": 8.0}}
{"global_grad_norm_before_clip": 1.2128682136535645, "learning_rate_used": 1.5000000000000002e-05, "next_learning_rate": 1.4771587602596085e-05, "rows": [{"answer_positions": 11, "balance_group": "domain/qasper", "balance_weight": 1.0, "ce": 0.8438563346862793, "dataset": "qasper", "example_id": "d509772c04a9b1c4e9e9f501b90d11ede5a549d2a7efac18a368ffdd1b57ee2b", "hidden": 0.03184529393911362, "kl": 0.09887430816888809, "loss": 0.42071041464805603, "rank": 0, "sequence_tokens": 4096, "stratum": "domain"}, {"answer_positions": 2, "balance_group": "domain/qasper", "balance_weight": 1.0, "ce": 0.6141754984855652, "dataset": "qasper", "example_id": "2f01340714d688b84c8f44cf07a2c09d247163e6be32912d463a57e7fa50f79e", "hidden": 0.0424044132232666, "kl": 0.3345411717891693, "loss": 0.4019492566585541, "rank": 1, "sequence_tokens": 4096, "stratum": "domain"}, {"answer_positions": 6, "balance_group": "domain/qasper", "balance_weight": 1.0, "ce": 0.21790778636932373, "dataset": "qasper", "example_id": "393384d0c631863a02671fb3ae8c407f3a5114cc790f766adb81735056f39e94", "hidden": 0.05333499237895012, "kl": 0.09857518970966339, "loss": 0.14322680234909058, "rank": 2, "sequence_tokens": 4096, "stratum": "domain"}, {"answer_positions": 8, "balance_group": "domain/qasper", "balance_weight": 1.0, "ce": 3.0124189853668213, "dataset": "qasper", "example_id": "df70a62c1727dc2b5873af140c8b11100277c6315eb13c8b1bf8fa9a5c9281d1", "hidden": 0.03209185600280762, "kl": 0.20580989122390747, "loss": 1.4340403079986572, "rank": 3, "sequence_tokens": 4096, "stratum": "domain"}, {"answer_positions": 2, "balance_group": "domain/2wikimqa", "balance_weight": 1.0, "ce": 0.4273533523082733, "dataset": "2wikimqa", "example_id": "5c882c73a0245f2bc43dad8aee542f593430df8a1a382e56be16e5e7fcc4951a", "hidden": 0.05930265784263611, "kl": 0.2958920896053314, "loss": 0.3077317476272583, "rank": 4, "sequence_tokens": 1873, "stratum": "domain"}, {"answer_positions": 3, "balance_group": "domain/2wikimqa", "balance_weight": 1.0, "ce": 0.24233663082122803, "dataset": "2wikimqa", "example_id": "f2d11b838025bb6a2dcbcc21779d7bd1e6224097f0273d5bce06dba89399cef5", "hidden": 0.038435958325862885, "kl": 0.21278980374336243, "loss": 0.19121511280536652, "rank": 5, "sequence_tokens": 1096, "stratum": "domain"}, {"answer_positions": 2, "balance_group": "domain/2wikimqa", "balance_weight": 1.0, "ce": 0.35533398389816284, "dataset": "2wikimqa", "example_id": "88bbd5b9d00fd781ca09b743fc9707ca552f537da3ca0d3f4a243d74c54c6d5b", "hidden": 0.05103352665901184, "kl": 0.34704533219337463, "loss": 0.2915728688240051, "rank": 6, "sequence_tokens": 936, "stratum": "domain"}, {"answer_positions": 5, "balance_group": "domain/2wikimqa", "balance_weight": 1.0, "ce": 0.5967093706130981, "dataset": "2wikimqa", "example_id": "3c7a7d8218e730daebd8507432194f61f503aa6d1aa5ee1f60c07f773e3b20da", "hidden": 0.0327385775744915, "kl": 0.20169587433338165, "loss": 0.3456605076789856, "rank": 7, "sequence_tokens": 653, "stratum": "domain"}], "step": 49, "step_gate_recorded": null, "summary": {"by_balance_group": {"domain/2wikimqa": {"answer_positions": 12, "ce": 0.4054333344101906, "examples": 4, "hidden": 0.045377680100500584, "kl": 0.26435577496886253, "loss": 0.2840450592339039}, "domain/qasper": {"answer_positions": 27, "ce": 1.1720896512269974, "examples": 4, "hidden": 0.03991913888603449, "kl": 0.18445014022290707, "loss": 0.5999816954135895}}, "example_balanced": true, "overall": {"answer_positions": 39, "ce": 0.788761492818594, "examples": 8, "hidden": 0.042648409493267536, "kl": 0.2244029575958848, "loss": 0.4420133773237467}, "selection_direction": "min", "selection_metric": "overall.loss", "target_token_weighting_used": false, "weight_sum": 8.0}}
{"global_grad_norm_before_clip": 1.4383063316345215, "learning_rate_used": 1.4771587602596085e-05, "next_learning_rate": 1.4539904997395468e-05, "rows": [{"answer_positions": 23, "balance_group": "domain/qasper", "balance_weight": 1.0, "ce": 0.02604323998093605, "dataset": "qasper", "example_id": "74d91425015d94b4dab9e2e7982d4c5ebf7a7e08bab3cb2aa128b048973de818", "hidden": 0.056493863463401794, "kl": 0.06348267942667007, "loss": 0.045237164944410324, "rank": 0, "sequence_tokens": 4096, "stratum": "domain"}, {"answer_positions": 20, "balance_group": "domain/qasper", "balance_weight": 1.0, "ce": 2.4946022033691406, "dataset": "qasper", "example_id": "edf29c4986611344a441900f6f47ed41b368006fa3af616e5e2bc519a99f2ed4", "hidden": 0.033210985362529755, "kl": 0.16907250881195068, "loss": 1.1883885860443115, "rank": 1, "sequence_tokens": 3370, "stratum": "domain"}, {"answer_positions": 23, "balance_group": "domain/qasper", "balance_weight": 1.0, "ce": 0.03568877652287483, "dataset": "qasper", "example_id": "421dbbda34c5fdcc1acc6df62897463dc3b809fa5bb0e08cf31b825882211044", "hidden": 0.04868200793862343, "kl": 0.026121145114302635, "loss": 0.0349387526512146, "rank": 2, "sequence_tokens": 4096, "stratum": "domain"}, {"answer_positions": 4, "balance_group": "domain/qasper", "balance_weight": 1.0, "ce": 0.7838638424873352, "dataset": "qasper", "example_id": "8a8184c57f7b4eee9b033ca1b1fef57b90b34c01da82f936863240df9b074314", "hidden": 0.057885780930519104, "kl": 0.10638183355331421, "loss": 0.4015495181083679, "rank": 3, "sequence_tokens": 4096, "stratum": "domain"}, {"answer_positions": 4, "balance_group": "domain/2wikimqa", "balance_weight": 1.0, "ce": 0.06899943202733994, "dataset": "2wikimqa", "example_id": "dc9ce67441353061d8666a6c486c27dd48b9e85de6079e84b68cc881744386d8", "hidden": 0.034568533301353455, "kl": 0.005404409021139145, "loss": 0.0398549921810627, "rank": 4, "sequence_tokens": 1285, "stratum": "domain"}, {"answer_positions": 2, "balance_group": "domain/2wikimqa", "balance_weight": 1.0, "ce": 0.49166256189346313, "dataset": "2wikimqa", "example_id": "231fec4318eb521d7053f49d84aada221bac9518f2ee19358c6beae7e5a6e9c2", "hidden": 0.05097419023513794, "kl": 0.2725191116333008, "loss": 0.3268246650695801, "rank": 5, "sequence_tokens": 551, "stratum": "domain"}, {"answer_positions": 5, "balance_group": "domain/2wikimqa", "balance_weight": 1.0, "ce": 0.0033559780567884445, "dataset": "2wikimqa", "example_id": "ac80cdd1daa7c68fab14b569813d714aa5a84a9a5c71435a0179ec7a78ac4933", "hidden": 0.0493452325463295, "kl": 0.0023049337323755026, "loss": 0.012185962870717049, "rank": 6, "sequence_tokens": 1056, "stratum": "domain"}, {"answer_positions": 2, "balance_group": "domain/2wikimqa", "balance_weight": 1.0, "ce": 0.006388335023075342, "dataset": "2wikimqa", "example_id": "93e1cdb60d221eebd528bc4ff23da880b33d6fd9b8e5da91d20874dd641edd90", "hidden": 0.04222866892814636, "kl": 0.003710550721734762, "loss": 0.01261917781084776, "rank": 7, "sequence_tokens": 1107, "stratum": "domain"}], "step": 50, "step_gate_recorded": null, "summary": {"by_balance_group": {"domain/2wikimqa": {"answer_positions": 13, "ce": 0.14260157675016671, "examples": 4, "hidden": 0.044279156252741814, "kl": 0.07098475127713755, "loss": 0.0978711994830519}, "domain/qasper": {"answer_positions": 70, "ce": 0.8350495155900717, "examples": 4, "hidden": 0.04906815942376852, "kl": 0.0912645417265594, "loss": 0.4175285054370761}}, "example_balanced": true, "overall": {"answer_positions": 83, "ce": 0.4888255461701192, "examples": 8, "hidden": 0.04667365783825517, "kl": 0.08112464650184847, "loss": 0.257699852460064}, "selection_direction": "min", "selection_metric": "overall.loss", "target_token_weighting_used": false, "weight_sum": 8.0}}
{"global_grad_norm_before_clip": 1.993003010749817, "learning_rate_used": 1.4539904997395468e-05, "next_learning_rate": 1.4305110968082953e-05, "rows": [{"answer_positions": 4, "balance_group": "domain/qasper", "balance_weight": 1.0, "ce": 0.13602785766124725, "dataset": "qasper", "example_id": "d7ddd6e563027536a30369e53c3a3a6ee869476f3719525da22bba6b1f79d5c1", "hidden": 0.04726889729499817, "kl": 0.12157135456800461, "loss": 0.11321628838777542, "rank": 0, "sequence_tokens": 4096, "stratum": "domain"}, {"answer_positions": 37, "balance_group": "domain/qasper", "balance_weight": 1.0, "ce": 1.5954580307006836, "dataset": "qasper", "example_id": "908e363c2379a3c122aeadb7445818af6a19790454cb47b54fc52321d22bbe3b", "hidden": 0.03846732899546623, "kl": 0.1675102710723877, "loss": 0.784278154373169, "rank": 1, "sequence_tokens": 4096, "stratum": "domain"}, {"answer_positions": 21, "balance_group": "domain/qasper", "balance_weight": 1.0, "ce": 1.1749821901321411, "dataset": "qasper", "example_id": "7e69a6350583fd2566f1b90328b9ea6d9c344a13698c57d3f0a2f89dbc959a4a", "hidden": 0.05095050483942032, "kl": 0.16189922392368317, "loss": 0.5955967903137207, "rank": 2, "sequence_tokens": 4096, "stratum": "domain"}, {"answer_positions": 3, "balance_group": "domain/qasper", "balance_weight": 1.0, "ce": 4.93088436126709, "dataset": "qasper", "example_id": "1b3d6ec19f413e66e5d9952290b86877d35d225a4924dd3f57d4b686c24feb00", "hidden": 0.056799113750457764, "kl": 0.43428394198417664, "loss": 2.3822572231292725, "rank": 3, "sequence_tokens": 3406, "stratum": "domain"}, {"answer_positions": 4, "balance_group": "domain/2wikimqa", "balance_weight": 1.0, "ce": 0.002331844065338373, "dataset": "2wikimqa", "example_id": "7ef88e7252622a23aefd057b0a87b061a192352465cc5f28362bad77a5531805", "hidden": 0.04088100790977478, "kl": 0.002044192748144269, "loss": 0.009940998628735542, "rank": 4, "sequence_tokens": 1274, "stratum": "domain"}, {"answer_positions": 11, "balance_group": "domain/2wikimqa", "balance_weight": 1.0, "ce": 0.003383475122973323, "dataset": "2wikimqa", "example_id": "1d88d97b68e10c99d61339198427898ca5f21c50047ce9c1c54a4c072a433686", "hidden": 0.04970571771264076, "kl": 0.0022219321690499783, "loss": 0.012241384014487267, "rank": 5, "sequence_tokens": 1155, "stratum": "domain"}, {"answer_positions": 2, "balance_group": "domain/2wikimqa", "balance_weight": 1.0, "ce": 0.07322803139686584, "dataset": "2wikimqa", "example_id": "4f47a03a01f79eda37c9761a4546cd336d8b1ddf650eadea8750c5be00ae5d4b", "hidden": 0.03709667921066284, "kl": 0.03856481611728668, "loss": 0.05386963486671448, "rank": 6, "sequence_tokens": 790, "stratum": "domain"}, {"answer_positions": 2, "balance_group": "domain/2wikimqa", "balance_weight": 1.0, "ce": 0.40679165720939636, "dataset": "2wikimqa", "example_id": "080af0be427a707407f125f7aaada550a9256549c3a2fa0b0518f8b0614584f1", "hidden": 0.0426563024520874, "kl": 0.5682275295257568, "loss": 0.3904671370983124, "rank": 7, "sequence_tokens": 564, "stratum": "domain"}], "step": 51, "step_gate_recorded": null, "summary": {"by_balance_group": {"domain/2wikimqa": {"answer_positions": 19, "ce": 0.12143375194864348, "examples": 4, "hidden": 0.04258492682129145, "kl": 0.15276461764005944, "loss": 0.11662978865206242}, "domain/qasper": {"answer_positions": 65, "ce": 1.9593381099402905, "examples": 4, "hidden": 0.04837146122008562, "kl": 0.22131619788706303, "loss": 0.9688371140509844}}, "example_balanced": true, "overall": {"answer_positions": 84, "ce": 1.040385930944467, "examples": 8, "hidden": 0.045478194020688534, "kl": 0.18704040776356123, "loss": 0.5427334513515234}, "selection_direction": "min", "selection_metric": "overall.loss", "target_token_weighting_used": false, "weight_sum": 8.0}}
{"global_grad_norm_before_clip": 0.5909536480903625, "learning_rate_used": 1.4305110968082953e-05, "next_learning_rate": 1.4067366430758004e-05, "rows": [{"answer_positions": 4, "balance_group": "domain/qasper", "balance_weight": 1.0, "ce": 0.04373904690146446, "dataset": "qasper", "example_id": "1076b844ea98842c941c5dc7d282cdd4ef1a76c409d3532015c9c4e5765a0aa5", "hidden": 0.04996490478515625, "kl": 0.03164796531200409, "loss": 0.040752340108156204, "rank": 0, "sequence_tokens": 4096, "stratum": "domain"}, {"answer_positions": 6, "balance_group": "domain/qasper", "balance_weight": 1.0, "ce": 0.9614817500114441, "dataset": "qasper", "example_id": "c71eb02281de7c1a440ee1909a3a433d45f7619fe5803d8a7721d9d6b2472482", "hidden": 0.032718341797590256, "kl": 0.2870250344276428, "loss": 0.5396692156791687, "rank": 1, "sequence_tokens": 4096, "stratum": "domain"}, {"answer_positions": 65, "balance_group": "domain/qasper", "balance_weight": 1.0, "ce": 0.20953428745269775, "dataset": "qasper", "example_id": "b505e703e396e5111ac3c87650e5efa3ed6ee9ac8dfb1ace45c58a468ce56c55", "hidden": 0.043879132717847824, "kl": 0.027161234989762306, "loss": 0.11257268488407135, "rank": 2, "sequence_tokens": 4096, "stratum": "domain"}, {"answer_positions": 12, "balance_group": "domain/qasper", "balance_weight": 1.0, "ce": 0.7486305236816406, "dataset": "qasper", "example_id": "01e3da363dfe558d7ee0df67a8875c2d9a75406ebfa9708c1d0eef3fb51bf154", "hidden": 0.035336680710315704, "kl": 0.08794164657592773, "loss": 0.3747306168079376, "rank": 3, "sequence_tokens": 2821, "stratum": "domain"}, {"answer_positions": 2, "balance_group": "domain/2wikimqa", "balance_weight": 1.0, "ce": 0.33827438950538635, "dataset": "2wikimqa", "example_id": "3b6a53b392ef8080da180d0aaa3a9d3b7dd607e05ef88211ea5278ef4c2fc9b8", "hidden": 0.05214357376098633, "kl": 0.4116557240486145, "loss": 0.3067317008972168, "rank": 4, "sequence_tokens": 1041, "stratum": "domain"}, {"answer_positions": 11, "balance_group": "domain/2wikimqa", "balance_weight": 1.0, "ce": 0.004768929909914732, "dataset": "2wikimqa", "example_id": "4b57072277616d41afba0550bffe38514102d36d487b7212d19fd03524ac40f3", "hidden": 0.041547518223524094, "kl": 0.003103004302829504, "loss": 0.011541573330760002, "rank": 5, "sequence_tokens": 2316, "stratum": "domain"}, {"answer_positions": 6, "balance_group": "domain/2wikimqa", "balance_weight": 1.0, "ce": 0.06523486226797104, "dataset": "2wikimqa", "example_id": "95c5e6572ab3dd80ecd26eda56fe9668438b0208ba8c45f894602f9ee69b92af", "hidden": 0.03239091485738754, "kl": 0.04762741178274155, "loss": 0.05250346660614014, "rank": 6, "sequence_tokens": 1252, "stratum": "domain"}, {"answer_positions": 2, "balance_group": "domain/2wikimqa", "balance_weight": 1.0, "ce": 0.46194419264793396, "dataset": "2wikimqa", "example_id": "8a260bdc6710fc0cfa6016a91905fb8dd47d215b2b90d1c2a1af7b0fbb804f0e", "hidden": 0.03725314140319824, "kl": 0.2591300904750824, "loss": 0.3060210347175598, "rank": 7, "sequence_tokens": 659, "stratum": "domain"}], "step": 52, "step_gate_recorded": null, "summary": {"by_balance_group": {"domain/2wikimqa": {"answer_positions": 21, "ce": 0.21755559358280152, "examples": 4, "hidden": 0.04083378706127405, "kl": 0.180379057652317, "loss": 0.1691994438879192}, "domain/qasper": {"answer_positions": 87, "ce": 0.49084640201181173, "examples": 4, "hidden": 0.04047476500272751, "kl": 0.10844397032633424, "loss": 0.26693121436983347}}, "example_balanced": true, "overall": {"answer_positions": 108, "ce": 0.3542009977973066, "examples": 8, "hidden": 0.04065427603200078, "kl": 0.1444115139893256, "loss": 0.21806532912887633}, "selection_direction": "min", "selection_metric": "overall.loss", "target_token_weighting_used": false, "weight_sum": 8.0}}
{"global_grad_norm_before_clip": 1.5791674852371216, "learning_rate_used": 1.4067366430758004e-05, "next_learning_rate": 1.3826834323650899e-05, "rows": [{"answer_positions": 2, "balance_group": "domain/qasper", "balance_weight": 1.0, "ce": 0.6505603194236755, "dataset": "qasper", "example_id": "b52f9b6abf2fcaa4adfd8f0d96b6cc0637bc3c18b1e7bfbf26ca054f8d69c734", "hidden": 0.04270705580711365, "kl": 0.6275567412376404, "loss": 0.5209383964538574, "rank": 0, "sequence_tokens": 4096, "stratum": "domain"}, {"answer_positions": 38, "balance_group": "domain/qasper", "balance_weight": 1.0, "ce": 0.20138707756996155, "dataset": "qasper", "example_id": "5972af7335fb9bb53fa3a53ac767d5c21de38dcd8bfc84005523dec0b994f4b0", "hidden": 0.10678311437368393, "kl": 0.37216952443122864, "loss": 0.24224014580249786, "rank": 1, "sequence_tokens": 4096, "stratum": "domain"}, {"answer_positions": 18, "balance_group": "domain/qasper", "balance_weight": 1.0, "ce": 0.7652632594108582, "dataset": "qasper", "example_id": "f895753f28b36a959e6566fff60ccc749e5f70110949dc2e8db590a781b29d9e", "hidden": 0.037749066948890686, "kl": 0.08394981920719147, "loss": 0.3813007175922394, "rank": 2, "sequence_tokens": 4096, "stratum": "domain"}, {"answer_positions": 4, "balance_group": "domain/qasper", "balance_weight": 1.0, "ce": 0.8270267248153687, "dataset": "qasper", "example_id": "9d5ba14d82fd56524aa01058e80a7df1400c44cece66422bb6630112488d3aa4", "hidden": 0.05226430296897888, "kl": 0.20851895213127136, "loss": 0.4555965065956116, "rank": 3, "sequence_tokens": 2995, "stratum": "domain"}, {"answer_positions": 9, "balance_group": "domain/2wikimqa", "balance_weight": 1.0, "ce": 0.011668382212519646, "dataset": "2wikimqa", "example_id": "60fd81144c6908836accb9b22eb0a08ae3a064bdf5a368ad73f5d8907c957be6", "hidden": 0.05062540993094444, "kl": 0.01182457897812128, "loss": 0.019514456391334534, "rank": 4, "sequence_tokens": 858, "stratum": "domain"}, {"answer_positions": 5, "balance_group": "domain/2wikimqa", "balance_weight": 1.0, "ce": 0.07538332045078278, "dataset": "2wikimqa", "example_id": "5be262a97e034b2c32e99bdda7a76369995ba08df51b7447475e52ea466be5c6", "hidden": 0.054005611687898636, "kl": 0.22993087768554688, "loss": 0.12519942224025726, "rank": 5, "sequence_tokens": 1178, "stratum": "domain"}, {"answer_positions": 3, "balance_group": "domain/2wikimqa", "balance_weight": 1.0, "ce": 0.21877971291542053, "dataset": "2wikimqa", "example_id": "7ff331ba2b2ffc6b3d0c0b89395b671f10e07abaad6578f2e67b51491e5ebb8b", "hidden": 0.028827210888266563, "kl": 0.004105737432837486, "loss": 0.1056533232331276, "rank": 6, "sequence_tokens": 898, "stratum": "domain"}, {"answer_positions": 4, "balance_group": "domain/2wikimqa", "balance_weight": 1.0, "ce": 0.14191286265850067, "dataset": "2wikimqa", "example_id": "ca5971ce732b46a570481a74e3835a83ffce3eeaf26951a97bf61581e5d8936e", "hidden": 0.03274446725845337, "kl": 0.18613581359386444, "loss": 0.13555721938610077, "rank": 7, "sequence_tokens": 1035, "stratum": "domain"}], "step": 53, "step_gate_recorded": null, "summary": {"by_balance_group": {"domain/2wikimqa": {"answer_positions": 21, "ce": 0.1119360695593059, "examples": 4, "hidden": 0.04155067494139075, "kl": 0.10799925192259252, "loss": 0.09648110531270504}, "domain/qasper": {"answer_positions": 62, "ce": 0.611059345304966, "examples": 4, "hidden": 0.059875885024666786, "kl": 0.32304875925183296, "loss": 0.40001894161105156}}, "example_balanced": true, "overall": {"answer_positions": 83, "ce": 0.36149770743213594, "examples": 8, "hidden": 0.05071327998302877, "kl": 0.21552400558721274, "loss": 0.2482500234618783}, "selection_direction": "min", "selection_metric": "overall.loss", "target_token_weighting_used": false, "weight_sum": 8.0}}
{"global_grad_norm_before_clip": 0.9978758692741394, "learning_rate_used": 1.3826834323650899e-05, "next_learning_rate": 1.3583679495453e-05, "rows": [{"answer_positions": 2, "balance_group": "domain/qasper", "balance_weight": 1.0, "ce": 0.4259929656982422, "dataset": "qasper", "example_id": "a5d7dd59822ee65c8d6a65b58cac497a055941120ce068ba52fecbeeaa142ea5", "hidden": 0.029923051595687866, "kl": 0.30353474617004395, "loss": 0.30391860008239746, "rank": 0, "sequence_tokens": 4096, "stratum": "domain"}, {"answer_positions": 21, "balance_group": "domain/qasper", "balance_weight": 1.0, "ce": 0.23388835787773132, "dataset": "qasper", "example_id": "882c1b89c22f93075bad5e75736faa2c5214efacd748efcca2bc835a482e9f79", "hidden": 0.06959838420152664, "kl": 0.06159164384007454, "loss": 0.1407265067100525, "rank": 1, "sequence_tokens": 4096, "stratum": "domain"}, {"answer_positions": 3, "balance_group": "domain/qasper", "balance_weight": 1.0, "ce": 0.8487593531608582, "dataset": "qasper", "example_id": "b4794d5a720c07e21fc5a512fed70a6213fc7494b9db5f2e87c65a1f0b8a5e77", "hidden": 0.027607977390289307, "kl": 0.13819657266139984, "loss": 0.43583211302757263, "rank": 2, "sequence_tokens": 4096, "stratum": "domain"}, {"answer_positions": 11, "balance_group": "domain/qasper", "balance_weight": 1.0, "ce": 1.3324077129364014, "dataset": "qasper", "example_id": "58fb5d25f3821dda97459d8e531809e8a344ce01d19039dd4eea9220aeebc555", "hidden": 0.01721441186964512, "kl": 0.029131077229976654, "loss": 0.6132221817970276, "rank": 3, "sequence_tokens": 4096, "stratum": "domain"}, {"answer_positions": 2, "balance_group": "domain/2wikimqa", "balance_weight": 1.0, "ce": 0.28994882106781006, "dataset": "2wikimqa", "example_id": "dbe89c50260fcba0deaa11f21cad60c941a88f4fd6f2c5c876320e757da9b724", "hidden": 0.04452618956565857, "kl": 0.45219138264656067, "loss": 0.29764917492866516, "rank": 4, "sequence_tokens": 865, "stratum": "domain"}, {"answer_positions": 5, "balance_group": "domain/2wikimqa", "balance_weight": 1.0, "ce": 0.00608585961163044, "dataset": "2wikimqa", "example_id": "9b17474cf3249245ed6aafcf705448485577db1724cb2afb46223780c6e43419", "hidden": 0.03609945997595787, "kl": 0.002061051083728671, "loss": 0.010679896920919418, "rank": 5, "sequence_tokens": 930, "stratum": "domain"}, {"answer_positions": 2, "balance_group": "domain/2wikimqa", "balance_weight": 1.0, "ce": 0.3906524181365967, "dataset": "2wikimqa", "example_id": "cb1294e8c085c02306ca3ce27134fad2d8caf940f28c2bcbeb037a803cc10a35", "hidden": 0.0495205819606781, "kl": 0.3117651641368866, "loss": 0.2948155105113983, "rank": 6, "sequence_tokens": 1228, "stratum": "domain"}, {"answer_positions": 11, "balance_group": "domain/2wikimqa", "balance_weight": 1.0, "ce": 0.01282545831054449, "dataset": "2wikimqa", "example_id": "655971767bd8ed5450dc632a1c9f0bb743f0702bf836e4db1f7cc3afea61e4de", "hidden": 0.037680886685848236, "kl": 0.0067227184772491455, "loss": 0.015660583972930908, "rank": 7, "sequence_tokens": 1148, "stratum": "domain"}], "step": 54, "step_gate_recorded": null, "summary": {"by_balance_group": {"domain/2wikimqa": {"answer_positions": 20, "ce": 0.17487813928164542, "examples": 4, "hidden": 0.041956779547035694, "kl": 0.19318507908610627, "loss": 0.15470129158347845}, "domain/qasper": {"answer_positions": 37, "ce": 0.7102620974183083, "examples": 4, "hidden": 0.03608595626428723, "kl": 0.13311350997537374, "loss": 0.37342485040426254}}, "example_balanced": true, "overall": {"answer_positions": 57, "ce": 0.44257011834997684, "examples": 8, "hidden": 0.039021367905661464, "kl": 0.16314929453074, "loss": 0.2640630709938705}, "selection_direction": "min", "selection_metric": "overall.loss", "target_token_weighting_used": false, "weight_sum": 8.0}}
{"global_grad_norm_before_clip": 1.0344570875167847, "learning_rate_used": 1.3583679495453e-05, "next_learning_rate": 1.333806859233771e-05, "rows": [{"answer_positions": 12, "balance_group": "domain/qasper", "balance_weight": 1.0, "ce": 0.40849220752716064, "dataset": "qasper", "example_id": "647fc92aa2747d8b16ddbba755a9e72896492117e8c7e2eddfbda39864d41bbc", "hidden": 0.046286821365356445, "kl": 0.10235045850276947, "loss": 0.22890150547027588, "rank": 0, "sequence_tokens": 4096, "stratum": "domain"}, {"answer_positions": 39, "balance_group": "domain/qasper", "balance_weight": 1.0, "ce": 0.7231496572494507, "dataset": "qasper", "example_id": "2e7bdee1330cf4e4be0935fd0c316e57cfff721d2f5e5b39dd7d21a77a61119d", "hidden": 0.040316082537174225, "kl": 0.07571553438901901, "loss": 0.3599810004234314, "rank": 1, "sequence_tokens": 4096, "stratum": "domain"}, {"answer_positions": 7, "balance_group": "domain/qasper", "balance_weight": 1.0, "ce": 1.7454431056976318, "dataset": "qasper", "example_id": "18bbd37e1e69ef07875a2c563cc1612b1ac8e9c6d965b2f7f2820cd49ba9b1b8", "hidden": 0.03549748659133911, "kl": 0.09841872751712799, "loss": 0.8269954323768616, "rank": 2, "sequence_tokens": 3606, "stratum": "domain"}, {"answer_positions": 3, "balance_group": "domain/qasper", "balance_weight": 1.0, "ce": 0.11480717360973358, "dataset": "qasper", "example_id": "3919301ae52408d9ae2874e6e0365020c0b2e77cfa286d42b950032266cbb854", "hidden": 0.03841392323374748, "kl": 0.07243914902210236, "loss": 0.08469971269369125, "rank": 3, "sequence_tokens": 2339, "stratum": "domain"}, {"answer_positions": 6, "balance_group": "domain/2wikimqa", "balance_weight": 1.0, "ce": 0.18839530646800995, "dataset": "2wikimqa", "example_id": "8e8db273419300bb0339d16b8fc15c33da6b8029578c15477976a9baa00e0d4e", "hidden": 0.03700197860598564, "kl": 0.1187191754579544, "loss": 0.1337299942970276, "rank": 4, "sequence_tokens": 799, "stratum": "domain"}, {"answer_positions": 9, "balance_group": "domain/2wikimqa", "balance_weight": 1.0, "ce": 0.010142155922949314, "dataset": "2wikimqa", "example_id": "8dafc01c57cb61d927eed90517d61626c73e153d1f97f04ca7f96f7feb330ee7", "hidden": 0.06797926872968674, "kl": 0.0057030231691896915, "loss": 0.020155882462859154, "rank": 5, "sequence_tokens": 861, "stratum": "domain"}, {"answer_positions": 2, "balance_group": "domain/2wikimqa", "balance_weight": 1.0, "ce": 0.3901382386684418, "dataset": "2wikimqa", "example_id": "095718450314ca8854b88d6beb763454a85cea331758ea20fe40ca4ae7a31c9c", "hidden": 0.04212796688079834, "kl": 0.30582964420318604, "loss": 0.2910281717777252, "rank": 6, "sequence_tokens": 959, "stratum": "domain"}, {"answer_positions": 2, "balance_group": "domain/2wikimqa", "balance_weight": 1.0, "ce": 0.4517585039138794, "dataset": "2wikimqa", "example_id": "d470a533aa23edbc0a6e3e4eb99da911bd588779a13d3ae5335686047b8e505d", "hidden": 0.052380114793777466, "kl": 0.2898939847946167, "loss": 0.31523025035858154, "rank": 7, "sequence_tokens": 1164, "stratum": "domain"}], "step": 55, "step_gate_recorded": null, "summary": {"by_balance_group": {"domain/2wikimqa": {"answer_positions": 19, "ce": 0.2601085512433201, "examples": 4, "hidden": 0.049872332252562046, "kl": 0.1800364569062367, "loss": 0.19003607472404838}, "domain/qasper": {"answer_positions": 61, "ce": 0.7479730360209942, "examples": 4, "hidden": 0.040128578431904316, "kl": 0.08723096735775471, "loss": 0.375144412741065}}, "example_balanced": true, "overall": {"answer_positions": 80, "ce": 0.5040407936321571, "examples": 8, "hidden": 0.04500045534223318, "kl": 0.1336337121319957, "loss": 0.2825902437325567}, "selection_direction": "min", "selection_metric": "overall.loss", "target_token_weighting_used": false, "weight_sum": 8.0}}
{"global_grad_norm_before_clip": 1.4018019437789917, "learning_rate_used": 1.333806859233771e-05, "next_learning_rate": 1.3090169943749475e-05, "rows": [{"answer_positions": 6, "balance_group": "domain/qasper", "balance_weight": 1.0, "ce": 1.6595114469528198, "dataset": "qasper", "example_id": "ca86cc0f61219fe4a752802d23116abc2dcc46b5bc59fa267d8284e83e88821f", "hidden": 0.026045313104987144, "kl": 0.07069394737482071, "loss": 0.7767321467399597, "rank": 0, "sequence_tokens": 4096, "stratum": "domain"}, {"answer_positions": 56, "balance_group": "domain/qasper", "balance_weight": 1.0, "ce": 0.45823708176612854, "dataset": "qasper", "example_id": "4802e23315d5cabd387481b838d3203bba1b735f4f2cd988bc2c7102dc928784", "hidden": 0.05407761037349701, "kl": 0.06159328669309616, "loss": 0.23857983946800232, "rank": 1, "sequence_tokens": 4096, "stratum": "domain"}, {"answer_positions": 2, "balance_group": "domain/qasper", "balance_weight": 1.0, "ce": 1.5923407077789307, "dataset": "qasper", "example_id": "cd9d4e430a01b0628698c19e4c20b8fb2cdccab2a8f7d2b96b024bd6e1660712", "hidden": 0.04764372110366821, "kl": 0.7059736847877502, "loss": 0.9731727838516235, "rank": 2, "sequence_tokens": 4096, "stratum": "domain"}, {"answer_positions": 29, "balance_group": "domain/qasper", "balance_weight": 1.0, "ce": 0.37791526317596436, "dataset": "qasper", "example_id": "7fa67550252d088f456f992b73e03e8adfc51068b735887ca341bb87692a3d01", "hidden": 0.05677100643515587, "kl": 0.08044807612895966, "loss": 0.209572896361351, "rank": 3, "sequence_tokens": 3279, "stratum": "domain"}, {"answer_positions": 6, "balance_group": "domain/2wikimqa", "balance_weight": 1.0, "ce": 0.15118801593780518, "dataset": "2wikimqa", "example_id": "1c7a6328204fee320d637866104f8890bd5f439c197d8ab70249c5aed66b7694", "hidden": 0.019991349428892136, "kl": 0.0024536859709769487, "loss": 0.07289166748523712, "rank": 4, "sequence_tokens": 681, "stratum": "domain"}, {"answer_positions": 3, "balance_group": "domain/2wikimqa", "balance_weight": 1.0, "ce": 0.14541840553283691, "dataset": "2wikimqa", "example_id": "d30fba387019d0da09b0a0262c4f395a78e4c59ce48bb0e46ebf60646ca54f4e", "hidden": 0.02401554584503174, "kl": 0.20790138840675354, "loss": 0.14300687611103058, "rank": 5, "sequence_tokens": 1226, "stratum": "domain"}, {"answer_positions": 2, "balance_group": "domain/2wikimqa", "balance_weight": 1.0, "ce": 0.3621792495250702, "dataset": "2wikimqa", "example_id": "633d0bf58c1dcc940ca9e431137e0246c29254ebf4b42985370ae7e5d978726b", "hidden": 0.05389341711997986, "kl": 0.44866466522216797, "loss": 0.33079198002815247, "rank": 6, "sequence_tokens": 1681, "stratum": "domain"}, {"answer_positions": 2, "balance_group": "domain/2wikimqa", "balance_weight": 1.0, "ce": 0.32242506742477417, "dataset": "2wikimqa", "example_id": "d1a39ef44e1b530688cc6c420158120483cb4a306c253d01f61f42128b872721", "hidden": 0.050756365060806274, "kl": 0.4095958471298218, "loss": 0.29860109090805054, "rank": 7, "sequence_tokens": 1228, "stratum": "domain"}], "step": 56, "step_gate_recorded": null, "summary": {"by_balance_group": {"domain/2wikimqa": {"answer_positions": 13, "ce": 0.2453026846051216, "examples": 4, "hidden": 0.0371641693636775, "kl": 0.26715389668243006, "loss": 0.21132290363311768}, "domain/qasper": {"answer_positions": 93, "ce": 1.0220011249184608, "examples": 4, "hidden": 0.04613441275432706, "kl": 0.2296772487461567, "loss": 0.5495144166052341}}, "example_balanced": true, "overall": {"answer_positions": 106, "ce": 0.6336519047617912, "examples": 8, "hidden": 0.04164929105900228, "kl": 0.24841557271429338, "loss": 0.3804186601191759}, "selection_direction": "min", "selection_metric": "overall.loss", "target_token_weighting_used": false, "weight_sum": 8.0}}
{"global_grad_norm_before_clip": 2.4030520915985107, "learning_rate_used": 1.3090169943749475e-05, "next_learning_rate": 1.284015344703923e-05, "rows": [{"answer_positions": 79, "balance_group": "domain/qasper", "balance_weight": 1.0, "ce": 0.16731016337871552, "dataset": "qasper", "example_id": "9b58864437835e1ba4943744cfd2543c0c91c75b9cfae27ba6fa7b17908a7684", "hidden": 0.04623819887638092, "kl": 0.07524356991052628, "loss": 0.11087245494127274, "rank": 0, "sequence_tokens": 4096, "stratum": "domain"}, {"answer_positions": 14, "balance_group": "domain/qasper", "balance_weight": 1.0, "ce": 1.2693455219268799, "dataset": "qasper", "example_id": "d42d961e833bb380357504e24d1f699765417004f647ad90ced738aee1cc05ba", "hidden": 0.026874259114265442, "kl": 0.11259032040834427, "loss": 0.6159869432449341, "rank": 1, "sequence_tokens": 2774, "stratum": "domain"}, {"answer_positions": 2, "balance_group": "domain/qasper", "balance_weight": 1.0, "ce": 1.3334295749664307, "dataset": "qasper", "example_id": "8acdd63f6aeac895722f50cb657d66447ec4c33bde26be192a7edf4f91ec5e8e", "hidden": 0.02530592679977417, "kl": 0.278889924287796, "loss": 0.7027159929275513, "rank": 2, "sequence_tokens": 4096, "stratum": "domain"}, {"answer_positions": 36, "balance_group": "domain/qasper", "balance_weight": 1.0, "ce": 0.9704318642616272, "dataset": "qasper", "example_id": "c5f3c7e04cc3a0de9f513a42fc062d32948a3e708ab0e4bf0716aef79eaf746a", "hidden": 0.031141182407736778, "kl": 0.04677198454737663, "loss": 0.45929276943206787, "rank": 3, "sequence_tokens": 1836, "stratum": "domain"}, {"answer_positions": 2, "balance_group": "domain/2wikimqa", "balance_weight": 1.0, "ce": 1.5164817571640015, "dataset": "2wikimqa", "example_id": "08c5d07e6def2b2149c0d92f71ac1e9f663056545ea9069992a6bf6b950918ab", "hidden": 0.051815181970596313, "kl": 0.31447848677635193, "loss": 0.8028473258018494, "rank": 4, "sequence_tokens": 576, "stratum": "domain"}, {"answer_positions": 2, "balance_group": "domain/2wikimqa", "balance_weight": 1.0, "ce": 0.6031196117401123, "dataset": "2wikimqa", "example_id": "c9ae924f592f2904d3727994207752aba6e9749061039d4a3db9891981ab901e", "hidden": 0.047814637422561646, "kl": 0.3570529520511627, "loss": 0.40593528747558594, "rank": 5, "sequence_tokens": 1040, "stratum": "domain"}, {"answer_positions": 2, "balance_group": "domain/2wikimqa", "balance_weight": 1.0, "ce": 0.27378737926483154, "dataset": "2wikimqa", "example_id": "68a3fe932559464be4ec89f6a832b54dc2d462d21a43dc1cdcef1a8254826d11", "hidden": 0.048710376024246216, "kl": 0.4491189122200012, "loss": 0.29013800621032715, "rank": 6, "sequence_tokens": 906, "stratum": "domain"}, {"answer_positions": 3, "balance_group": "domain/2wikimqa", "balance_weight": 1.0, "ce": 0.40016859769821167, "dataset": "2wikimqa", "example_id": "e9e06d7463980d3848ba759fca2573dbe2adf158f5ef8aa013617c984ae30262", "hidden": 0.03928748890757561, "kl": 0.0889970064163208, "loss": 0.2190823256969452, "rank": 7, "sequence_tokens": 728, "stratum": "domain"}], "step": 57, "step_gate_recorded": null, "summary": {"by_balance_group": {"domain/2wikimqa": {"answer_positions": 9, "ce": 0.6983893364667892, "examples": 4, "hidden": 0.046906921081244946, "kl": 0.30241183936595917, "loss": 0.4295007362961769}, "domain/qasper": {"answer_positions": 131, "ce": 0.9351292811334133, "examples": 4, "hidden": 0.03238989179953933, "kl": 0.1283739497885108, "loss": 0.4722170401364565}}, "example_balanced": true, "overall": {"answer_positions": 140, "ce": 0.8167593088001013, "examples": 8, "hidden": 0.03964840644039214, "kl": 0.21539289457723498, "loss": 0.4508588882163167}, "selection_direction": "min", "selection_metric": "overall.loss", "target_token_weighting_used": false, "weight_sum": 8.0}}
{"global_grad_norm_before_clip": 1.4399642944335938, "learning_rate_used": 1.284015344703923e-05, "next_learning_rate": 1.2588190451025209e-05, "rows": [{"answer_positions": 8, "balance_group": "domain/qasper", "balance_weight": 1.0, "ce": 0.16749009490013123, "dataset": "qasper", "example_id": "382ddac620875d32619ad0240a29e4fdd40dec1291a9e01980f368d781a8be12", "hidden": 0.047333791851997375, "kl": 0.0789739117026329, "loss": 0.11247817426919937, "rank": 0, "sequence_tokens": 4096, "stratum": "domain"}, {"answer_positions": 2, "balance_group": "domain/qasper", "balance_weight": 1.0, "ce": 0.7522883415222168, "dataset": "qasper", "example_id": "57f0a7fc0307297f5a6ae07fe9e162ac91ab77ac0e4f06cb82a7254de90cfa4b", "hidden": 0.038523584604263306, "kl": 0.5594850182533264, "loss": 0.5420542359352112, "rank": 1, "sequence_tokens": 2234, "stratum": "domain"}, {"answer_positions": 42, "balance_group": "domain/qasper", "balance_weight": 1.0, "ce": 1.5940682888031006, "dataset": "qasper", "example_id": "d7cec8112e6c43963e5865799f5cb0dfe3d23ae53dbbf39268c6229ffaed6ec3", "hidden": 0.030227338895201683, "kl": 0.1640317589044571, "loss": 0.7807872891426086, "rank": 2, "sequence_tokens": 4096, "stratum": "domain"}, {"answer_positions": 13, "balance_group": "domain/qasper", "balance_weight": 1.0, "ce": 1.438767433166504, "dataset": "qasper", "example_id": "45ed178bc144546ee3041206f8fe195f67304187569986f00c268a94def58d66", "hidden": 0.037684228271245956, "kl": 0.1661442369222641, "loss": 0.7131326198577881, "rank": 3, "sequence_tokens": 2342, "stratum": "domain"}, {"answer_positions": 5, "balance_group": "domain/2wikimqa", "balance_weight": 1.0, "ce": 0.1897846907377243, "dataset": "2wikimqa", "example_id": "40a94733e3de2e910238a7845219060cf6fb7b73e0d65e9939ef53deba8b58b4", "hidden": 0.030235517770051956, "kl": 0.005679972004145384, "loss": 0.09343820810317993, "rank": 4, "sequence_tokens": 784, "stratum": "domain"}, {"answer_positions": 9, "balance_group": "domain/2wikimqa", "balance_weight": 1.0, "ce": 0.010523181408643723, "dataset": "2wikimqa", "example_id": "d367827f45c3ea44482c0558ad1df1a1600159264b284bf579379db39dd92b6c", "hidden": 0.03727252036333084, "kl": 0.004636933095753193, "loss": 0.01381286233663559, "rank": 5, "sequence_tokens": 1210, "stratum": "domain"}, {"answer_positions": 2, "balance_group": "domain/2wikimqa", "balance_weight": 1.0, "ce": 0.15005387365818024, "dataset": "2wikimqa", "example_id": "5223865815311f6bbde3c3fb4a29355460fecab954b2ac4ce7900b5447a691fd", "hidden": 0.055551111698150635, "kl": 0.8013712763786316, "loss": 0.3591143786907196, "rank": 6, "sequence_tokens": 1049, "stratum": "domain"}, {"answer_positions": 2, "balance_group": "domain/2wikimqa", "balance_weight": 1.0, "ce": 0.33907774090766907, "dataset": "2wikimqa", "example_id": "af466c05d08f1eb26679fd440521c2d4e1e895f634332c83718bf5a5c93a57e2", "hidden": 0.04427918791770935, "kl": 0.41898393630981445, "loss": 0.30808520317077637, "rank": 7, "sequence_tokens": 1320, "stratum": "domain"}], "step": 58, "step_gate_recorded": null, "summary": {"by_balance_group": {"domain/2wikimqa": {"answer_positions": 18, "ce": 0.17235987167805433, "examples": 4, "hidden": 0.041834584437310696, "kl": 0.30766802944708616, "loss": 0.19361266307532787}, "domain/qasper": {"answer_positions": 65, "ce": 0.9881535395979881, "examples": 4, "hidden": 0.03844223590567708, "kl": 0.24215873144567013, "loss": 0.5371130798012018}}, "example_balanced": true, "overall": {"answer_positions": 83, "ce": 0.5802567056380212, "examples": 8, "hidden": 0.04013841017149389, "kl": 0.27491338044637814, "loss": 0.36536287143826485}, "selection_direction": "min", "selection_metric": "overall.loss", "target_token_weighting_used": false, "weight_sum": 8.0}}
{"global_grad_norm_before_clip": 0.5212119221687317, "learning_rate_used": 1.2588190451025209e-05, "next_learning_rate": 1.2334453638559057e-05, "rows": [{"answer_positions": 16, "balance_group": "domain/qasper", "balance_weight": 1.0, "ce": 0.32847675681114197, "dataset": "qasper", "example_id": "45e1714c7749b1bbdb176a239946031b0b61f2e57c5dbdc26ffccb20444a8e16", "hidden": 0.052642419934272766, "kl": 0.011066745966672897, "loss": 0.1622163951396942, "rank": 0, "sequence_tokens": 4096, "stratum": "domain"}, {"answer_positions": 2, "balance_group": "domain/qasper", "balance_weight": 1.0, "ce": 0.2267100065946579, "dataset": "qasper", "example_id": "7e1a9c30ef0ae18c111140285c7d4153da3633849917e7a1367d473c479b1df9", "hidden": 0.04103970527648926, "kl": 0.4526219069957733, "loss": 0.26864513754844666, "rank": 1, "sequence_tokens": 4096, "stratum": "domain"}, {"answer_positions": 12, "balance_group": "domain/qasper", "balance_weight": 1.0, "ce": 0.024870729073882103, "dataset": "qasper", "example_id": "53bc96b6477ca7fd1ba649d77d710373221368641f802413c8d8e58b7b8b661b", "hidden": 0.04063774272799492, "kl": 0.030304482206702232, "loss": 0.02992594614624977, "rank": 2, "sequence_tokens": 3597, "stratum": "domain"}, {"answer_positions": 2, "balance_group": "domain/qasper", "balance_weight": 1.0, "ce": 0.16473013162612915, "dataset": "qasper", "example_id": "63f32f85a0fed7b520e24092bced3d8e4c6305145d0882c22719e8f6e9f5683a", "hidden": 0.04020494222640991, "kl": 0.5247690081596375, "loss": 0.26583871245384216, "rank": 3, "sequence_tokens": 4096, "stratum": "domain"}, {"answer_positions": 5, "balance_group": "domain/2wikimqa", "balance_weight": 1.0, "ce": 0.007839382626116276, "dataset": "2wikimqa", "example_id": "3e04b42989a4ddb6396fb3cb02b9d2fc88d9294524e22c87cefa964d21dc93c5", "hidden": 0.030157124623656273, "kl": 0.005206904839724302, "loss": 0.011381564661860466, "rank": 4, "sequence_tokens": 689, "stratum": "domain"}, {"answer_positions": 3, "balance_group": "domain/2wikimqa", "balance_weight": 1.0, "ce": 0.009677703492343426, "dataset": "2wikimqa", "example_id": "0d0b55977c77b4cf855f96f16beebc7adae27bcecd3960e9c6bc82d597bc6a81", "hidden": 0.0416511707007885, "kl": 0.006173540838062763, "loss": 0.014845939353108406, "rank": 5, "sequence_tokens": 925, "stratum": "domain"}, {"answer_positions": 2, "balance_group": "domain/2wikimqa", "balance_weight": 1.0, "ce": 0.35305869579315186, "dataset": "2wikimqa", "example_id": "96199b50af0edf46fb2f3e4271ad92d7a557ec42e361f5de8a6d57ad2f9cf843", "hidden": 0.053937554359436035, "kl": 0.4334825575351715, "loss": 0.3213828206062317, "rank": 6, "sequence_tokens": 652, "stratum": "domain"}, {"answer_positions": 2, "balance_group": "domain/2wikimqa", "balance_weight": 1.0, "ce": 0.35619837045669556, "dataset": "2wikimqa", "example_id": "b3a554df9c815dcbd73383f90b23019941df3b93221f1fde78c4b3f10f5846b9", "hidden": 0.051413536071777344, "kl": 0.34426841139793396, "loss": 0.29106590151786804, "rank": 7, "sequence_tokens": 738, "stratum": "domain"}], "step": 59, "step_gate_recorded": null, "summary": {"by_balance_group": {"domain/2wikimqa": {"answer_positions": 12, "ce": 0.18169353809207678, "examples": 4, "hidden": 0.04428984643891454, "kl": 0.19728285365272313, "loss": 0.15966905653476715}, "domain/qasper": {"answer_positions": 32, "ce": 0.18619690602645278, "examples": 4, "hidden": 0.043631202541291714, "kl": 0.2546905358321965, "loss": 0.1816565478220582}}, "example_balanced": true, "overall": {"answer_positions": 44, "ce": 0.18394522205926478, "examples": 8, "hidden": 0.043960524490103126, "kl": 0.2259866947424598, "loss": 0.17066280217841268}, "selection_direction": "min", "selection_metric": "overall.loss", "target_token_weighting_used": false, "weight_sum": 8.0}}
{"global_grad_norm_before_clip": 0.6059101223945618, "learning_rate_used": 1.2334453638559057e-05, "next_learning_rate": 1.2079116908177592e-05, "rows": [{"answer_positions": 19, "balance_group": "domain/qasper", "balance_weight": 1.0, "ce": 0.3012252748012543, "dataset": "qasper", "example_id": "4cb12ea2054d3aa36361e7a1556ad9cc50fa736eabe3f87b42aa7518542f5947", "hidden": 0.03789606690406799, "kl": 0.06786549836397171, "loss": 0.16688349843025208, "rank": 0, "sequence_tokens": 4096, "stratum": "domain"}, {"answer_positions": 13, "balance_group": "domain/qasper", "balance_weight": 1.0, "ce": 0.09171055257320404, "dataset": "qasper", "example_id": "8bcf76ad7b9c5ea94d768ff32b49197710f1b97e718f1257a3808fd1a7befaf1", "hidden": 0.05282418802380562, "kl": 0.11668355762958527, "loss": 0.09267382323741913, "rank": 1, "sequence_tokens": 4096, "stratum": "domain"}, {"answer_positions": 18, "balance_group": "domain/qasper", "balance_weight": 1.0, "ce": 0.22169966995716095, "dataset": "qasper", "example_id": "66caf0a21e5de737b4319af41fe68f824c3b46f8e4cf6f6b35fdc90630f0aa46", "hidden": 0.052391763776540756, "kl": 0.04370881989598274, "loss": 0.12554128468036652, "rank": 2, "sequence_tokens": 2251, "stratum": "domain"}, {"answer_positions": 13, "balance_group": "domain/qasper", "balance_weight": 1.0, "ce": 0.34567132592201233, "dataset": "qasper", "example_id": "3091f1d7471ef64d22f2d9aab3468b6952efba92ff329e9688f814fd1a60fc6e", "hidden": 0.06251935660839081, "kl": 0.05558580532670021, "loss": 0.18751099705696106, "rank": 3, "sequence_tokens": 4096, "stratum": "domain"}, {"answer_positions": 9, "balance_group": "domain/2wikimqa", "balance_weight": 1.0, "ce": 0.003445681883022189, "dataset": "2wikimqa", "example_id": "44efbb1ef5325843ea486c1c61c2a9566001b88d813344a979f61a7636a98fb7", "hidden": 0.02870548516511917, "kl": 0.0014363725204020739, "loss": 0.007794384378939867, "rank": 4, "sequence_tokens": 864, "stratum": "domain"}, {"answer_positions": 8, "balance_group": "domain/2wikimqa", "balance_weight": 1.0, "ce": 0.01087748259305954, "dataset": "2wikimqa", "example_id": "b02f8d348a85089f8d687c7289b38b68219a1e5d35e2c331895cf0476f502bc9", "hidden": 0.03745561093091965, "kl": 0.0040519628673791885, "loss": 0.013804176822304726, "rank": 5, "sequence_tokens": 1050, "stratum": "domain"}, {"answer_positions": 9, "balance_group": "domain/2wikimqa", "balance_weight": 1.0, "ce": 0.003959367051720619, "dataset": "2wikimqa", "example_id": "0c6fa82cb2195a2e7b1720db956ac9604a4348652a4242dee8e26513b6b1161c", "hidden": 0.03197865933179855, "kl": 0.0023241713643074036, "loss": 0.008990907110273838, "rank": 6, "sequence_tokens": 2237, "stratum": "domain"}, {"answer_positions": 2, "balance_group": "domain/2wikimqa", "balance_weight": 1.0, "ce": 0.4935545325279236, "dataset": "2wikimqa", "example_id": "6ffb6d6f699390321aa63c373e792ab92173314f3f79254d69a910a6475ce546", "hidden": 0.05602961778640747, "kl": 0.24401463568210602, "loss": 0.3187105655670166, "rank": 7, "sequence_tokens": 1402, "stratum": "domain"}], "step": 60, "step_gate_recorded": null, "summary": {"by_balance_group": {"domain/2wikimqa": {"answer_positions": 28, "ce": 0.12795926601393148, "examples": 4, "hidden": 0.03854234330356121, "kl": 0.06295678560854867, "loss": 0.08732500846963376}, "domain/qasper": {"answer_positions": 63, "ce": 0.2400767058134079, "examples": 4, "hidden": 0.051407843828201294, "kl": 0.07096092030405998, "loss": 0.1431524008512497}}, "example_balanced": true, "overall": {"answer_positions": 91, "ce": 0.1840179859136697, "examples": 8, "hidden": 0.04497509356588125, "kl": 0.06695885295630433, "loss": 0.11523870466044173}, "selection_direction": "min", "selection_metric": "overall.loss", "target_token_weighting_used": false, "weight_sum": 8.0}}
{"global_grad_norm_before_clip": 0.5804873704910278, "learning_rate_used": 1.2079116908177592e-05, "next_learning_rate": 1.1822355254921478e-05, "rows": [{"answer_positions": 17, "balance_group": "domain/qasper", "balance_weight": 1.0, "ce": 1.2341086864471436, "dataset": "qasper", "example_id": "8ab11c43897a4ccb759ad337f834062525143f4a720c2bc75dabfda678b60b3e", "hidden": 0.04401375353336334, "kl": 0.2042708396911621, "loss": 0.6356464624404907, "rank": 0, "sequence_tokens": 3264, "stratum": "domain"}, {"answer_positions": 2, "balance_group": "domain/qasper", "balance_weight": 1.0, "ce": 0.279300719499588, "dataset": "qasper", "example_id": "dc9efe4e214d1f988d81afca15815133d49582bfc38ae9283175a3e6fcc333d7", "hidden": 0.03340253233909607, "kl": 0.4336870312690735, "loss": 0.28415629267692566, "rank": 1, "sequence_tokens": 4096, "stratum": "domain"}, {"answer_positions": 2, "balance_group": "domain/qasper", "balance_weight": 1.0, "ce": 0.36912161111831665, "dataset": "qasper", "example_id": "2a31c1ed49268b48ca43c1fdcafc4aff37165342bcbcf38dd35891192a463e08", "hidden": 0.03940314054489136, "kl": 0.29559531807899475, "loss": 0.27744370698928833, "rank": 2, "sequence_tokens": 4096, "stratum": "domain"}, {"answer_positions": 25, "balance_group": "domain/qasper", "balance_weight": 1.0, "ce": 1.6574304103851318, "dataset": "qasper", "example_id": "e94bf4c144631b3e9d5cd253145110f673db3a3e2927c7d879dd4e83e067c702", "hidden": 0.042751338332891464, "kl": 0.15282857418060303, "loss": 0.8078839182853699, "rank": 3, "sequence_tokens": 4096, "stratum": "domain"}, {"answer_positions": 8, "balance_group": "domain/2wikimqa", "balance_weight": 1.0, "ce": 0.08117694407701492, "dataset": "2wikimqa", "example_id": "84c5fb8ae263842e626235b4b712d0be9b396492289b6823ebaf2f4286a2f6b7", "hidden": 0.03973939269781113, "kl": 0.058189015835523605, "loss": 0.06484365463256836, "rank": 4, "sequence_tokens": 1549, "stratum": "domain"}, {"answer_positions": 2, "balance_group": "domain/2wikimqa", "balance_weight": 1.0, "ce": 0.3253963589668274, "dataset": "2wikimqa", "example_id": "338d5eb27d12a5a153481baca919ec2a2732cdb6750bbb88286a1db883e58bdb", "hidden": 0.04432329535484314, "kl": 0.3785216808319092, "loss": 0.28777560591697693, "rank": 5, "sequence_tokens": 855, "stratum": "domain"}, {"answer_positions": 4, "balance_group": "domain/2wikimqa", "balance_weight": 1.0, "ce": 0.0072674741968512535, "dataset": "2wikimqa", "example_id": "618459fd7e5843e93e9ac4e7979fa11543d3797b457fa4637b4e0458265b9b74", "hidden": 0.031999170780181885, "kl": 0.003578563453629613, "loss": 0.010922694578766823, "rank": 6, "sequence_tokens": 737, "stratum": "domain"}, {"answer_positions": 11, "balance_group": "domain/2wikimqa", "balance_weight": 1.0, "ce": 0.004280156455934048, "dataset": "2wikimqa", "example_id": "62928c0125dbbc17ea45ed907b714512336a2d99cdef8540f1c9feaac94610f4", "hidden": 0.03431501239538193, "kl": 0.0029472489841282368, "loss": 0.009820610284805298, "rank": 7, "sequence_tokens": 1338, "stratum": "domain"}], "step": 61, "step_gate_recorded": null, "summary": {"by_balance_group": {"domain/2wikimqa": {"answer_positions": 25, "ce": 0.1045302334241569, "examples": 4, "hidden": 0.03759421780705452, "kl": 0.11080912727629766, "loss": 0.09334064135327935}, "domain/qasper": {"answer_positions": 46, "ce": 0.884990356862545, "examples": 4, "hidden": 0.03989269118756056, "kl": 0.27159544080495834, "loss": 0.5012825950980186}}, "example_balanced": true, "overall": {"answer_positions": 71, "ce": 0.49476029514335096, "examples": 8, "hidden": 0.03874345449730754, "kl": 0.191202284040628, "loss": 0.297311618225649}, "selection_direction": "min", "selection_metric": "overall.loss", "target_token_weighting_used": false, "weight_sum": 8.0}}
{"global_grad_norm_before_clip": 1.560479760169983, "learning_rate_used": 1.1822355254921478e-05, "next_learning_rate": 1.156434465040231e-05, "rows": [{"answer_positions": 88, "balance_group": "domain/qasper", "balance_weight": 1.0, "ce": 0.0693068876862526, "dataset": "qasper", "example_id": "518549c8689f5070fb39489883df2487afb95ffdf782805cbedc73020c830475", "hidden": 0.034526724368333817, "kl": 0.07213246822357178, "loss": 0.06333980709314346, "rank": 0, "sequence_tokens": 4096, "stratum": "domain"}, {"answer_positions": 2, "balance_group": "domain/qasper", "balance_weight": 1.0, "ce": 0.6729981303215027, "dataset": "qasper", "example_id": "c16850663ca6e99a589a369fe512ba118eca95c83f4224caf9dc26de2696cff3", "hidden": 0.04782140254974365, "kl": 0.479285329580307, "loss": 0.4801632761955261, "rank": 1, "sequence_tokens": 3857, "stratum": "domain"}, {"answer_positions": 2, "balance_group": "domain/qasper", "balance_weight": 1.0, "ce": 0.16209663450717926, "dataset": "qasper", "example_id": "59b31963e206afbf9eee6f1c7c78d58f8e2992feb14b3be689a7bf19e60fd56f", "hidden": 0.03648582100868225, "kl": 0.3387502133846283, "loss": 0.19880321621894836, "rank": 2, "sequence_tokens": 1880, "stratum": "domain"}, {"answer_positions": 4, "balance_group": "domain/qasper", "balance_weight": 1.0, "ce": 0.08593794703483582, "dataset": "qasper", "example_id": "2df5513fa4e8bbc25b864e92a1feb83940b9b8235635d4b36122b2e0d8dd17e6", "hidden": 0.059163615107536316, "kl": 0.04926464334130287, "loss": 0.06774742156267166, "rank": 3, "sequence_tokens": 4096, "stratum": "domain"}, {"answer_positions": 2, "balance_group": "domain/2wikimqa", "balance_weight": 1.0, "ce": 0.3582637906074524, "dataset": "2wikimqa", "example_id": "50a829d1315637e7f4b2c88d5fd56cdb255051b2808df71b50e3878b883f7379", "hidden": 0.05677574872970581, "kl": 0.34533193707466125, "loss": 0.293440043926239, "rank": 4, "sequence_tokens": 847, "stratum": "domain"}, {"answer_positions": 2, "balance_group": "domain/2wikimqa", "balance_weight": 1.0, "ce": 0.00958557240664959, "dataset": "2wikimqa", "example_id": "0a2b9baca9dd584c54e41d270eb960fe7dc04c13750b7f2c4b8921fe88d3537a", "hidden": 0.03282317519187927, "kl": 0.026553791016340256, "loss": 0.02017197012901306, "rank": 5, "sequence_tokens": 1656, "stratum": "domain"}, {"answer_positions": 2, "balance_group": "domain/2wikimqa", "balance_weight": 1.0, "ce": 0.35164517164230347, "dataset": "2wikimqa", "example_id": "58ac37423adc1ff631ad07dc3102929e4ee393eb64f9fd07633036681a3954a4", "hidden": 0.05352464318275452, "kl": 0.41630348563194275, "loss": 0.3146514892578125, "rank": 6, "sequence_tokens": 662, "stratum": "domain"}, {"answer_positions": 2, "balance_group": "domain/2wikimqa", "balance_weight": 1.0, "ce": 1.3860944509506226, "dataset": "2wikimqa", "example_id": "3fa63b1c5809705e2c2d830c57d9dddae6360a91ee358d70cc6e0e54b535eb83", "hidden": 0.04228058457374573, "kl": 0.475837767124176, "loss": 0.7987418174743652, "rank": 7, "sequence_tokens": 721, "stratum": "domain"}], "step": 62, "step_gate_recorded": null, "summary": {"by_balance_group": {"domain/2wikimqa": {"answer_positions": 8, "ce": 0.526397246401757, "examples": 4, "hidden": 0.04635103791952133, "kl": 0.31600674521178007, "loss": 0.35675133019685745}, "domain/qasper": {"answer_positions": 96, "ce": 0.2475848998874426, "examples": 4, "hidden": 0.04449939075857401, "kl": 0.2348581636324525, "loss": 0.2025134302675724}}, "example_balanced": true, "overall": {"answer_positions": 104, "ce": 0.3869910731445998, "examples": 8, "hidden": 0.04542521433904767, "kl": 0.2754324544221163, "loss": 0.2796323802322149}, "selection_direction": "min", "selection_metric": "overall.loss", "target_token_weighting_used": false, "weight_sum": 8.0}}
{"global_grad_norm_before_clip": 0.5561261773109436, "learning_rate_used": 1.156434465040231e-05, "next_learning_rate": 1.130526192220052e-05, "rows": [{"answer_positions": 2, "balance_group": "domain/qasper", "balance_weight": 1.0, "ce": 0.1316308081150055, "dataset": "qasper", "example_id": "6cfcfb891b20c92c10a8e158f0749f086fc059a7cae192c0855a3f6916d42f73", "hidden": 0.043609023094177246, "kl": 0.475959450006485, "loss": 0.23454146087169647, "rank": 0, "sequence_tokens": 4096, "stratum": "domain"}, {"answer_positions": 2, "balance_group": "domain/qasper", "balance_weight": 1.0, "ce": 0.1999700665473938, "dataset": "qasper", "example_id": "22fba6214c786bb8ce30037f64c4b4fb43d490c1174505cca81aef00a3dd17d8", "hidden": 0.03105899691581726, "kl": 0.4550647735595703, "loss": 0.25547099113464355, "rank": 1, "sequence_tokens": 3115, "stratum": "domain"}, {"answer_positions": 39, "balance_group": "domain/qasper", "balance_weight": 1.0, "ce": 0.9255138635635376, "dataset": "qasper", "example_id": "520066e31e0d7d6cf72be91085dff9e115c88052b6b299b477610400597518a7", "hidden": 0.029549451544880867, "kl": 0.07835826277732849, "loss": 0.44981649518013, "rank": 2, "sequence_tokens": 4096, "stratum": "domain"}, {"answer_positions": 49, "balance_group": "domain/qasper", "balance_weight": 1.0, "ce": 2.728165626525879, "dataset": "qasper", "example_id": "980823e50454443dc1b08430a44d54a66032b986b40432b672142c3b2e8d774b", "hidden": 0.014101497828960419, "kl": 0.06126372888684273, "loss": 1.2519370317459106, "rank": 3, "sequence_tokens": 1273, "stratum": "domain"}, {"answer_positions": 10, "balance_group": "domain/2wikimqa", "balance_weight": 1.0, "ce": 0.010692314244806767, "dataset": "2wikimqa", "example_id": "7260b702dfd48da7bb147f2e698e81a9e71e4c6aa5c9cb37372fe3c6de76709b", "hidden": 0.028783882036805153, "kl": 0.007143490016460419, "loss": 0.013068538159132004, "rank": 4, "sequence_tokens": 1934, "stratum": "domain"}, {"answer_positions": 2, "balance_group": "domain/2wikimqa", "balance_weight": 1.0, "ce": 0.21811515092849731, "dataset": "2wikimqa", "example_id": "57cd2cae2c3bcc296380cf0d847b4c909c9b4ba55f7e6dd862946dcbe504da2a", "hidden": 0.03002876043319702, "kl": 0.45938840508461, "loss": 0.26494354009628296, "rank": 5, "sequence_tokens": 701, "stratum": "domain"}, {"answer_positions": 11, "balance_group": "domain/2wikimqa", "balance_weight": 1.0, "ce": 0.005174882709980011, "dataset": "2wikimqa", "example_id": "6e332e00cd1e76fe4024f9d4437a0b669257a18cdf35a8166fd4a906fd8e630b", "hidden": 0.030913911759853363, "kl": 0.0021056700497865677, "loss": 0.009248463436961174, "rank": 6, "sequence_tokens": 842, "stratum": "domain"}, {"answer_positions": 2, "balance_group": "domain/2wikimqa", "balance_weight": 1.0, "ce": 0.33148911595344543, "dataset": "2wikimqa", "example_id": "640e446df1844b8a38ac52538adbf44b73fc1cd76cfd099d50483559f4595e08", "hidden": 0.05105012655258179, "kl": 0.3803066313266754, "loss": 0.2924874424934387, "rank": 7, "sequence_tokens": 1098, "stratum": "domain"}], "step": 63, "step_gate_recorded": null, "summary": {"by_balance_group": {"domain/2wikimqa": {"answer_positions": 25, "ce": 0.14136786595918238, "examples": 4, "hidden": 0.03519417019560933, "kl": 0.2122360491193831, "loss": 0.14493699604645371}, "domain/qasper": {"answer_positions": 92, "ce": 0.996320091187954, "examples": 4, "hidden": 0.029579742345958948, "kl": 0.26766155380755663, "loss": 0.5479414947330952}}, "example_balanced": true, "overall": {"answer_positions": 117, "ce": 0.5688439785735682, "examples": 8, "hidden": 0.03238695627078414, "kl": 0.23994880146346986, "loss": 0.34643924538977444}, "selection_direction": "min", "selection_metric": "overall.loss", "target_token_weighting_used": false, "weight_sum": 8.0}}
{"global_grad_norm_before_clip": 1.0920987129211426, "learning_rate_used": 1.130526192220052e-05, "next_learning_rate": 1.1045284632676535e-05, "rows": [{"answer_positions": 19, "balance_group": "domain/qasper", "balance_weight": 1.0, "ce": 1.8122538328170776, "dataset": "qasper", "example_id": "442ffe04c3bc11c0f9b974d4bd43505d29e0ef03b069bea3f6ab7db0a23d19e3", "hidden": 0.048625338822603226, "kl": 0.2892051935195923, "loss": 0.9264611005783081, "rank": 0, "sequence_tokens": 4096, "stratum": "domain"}, {"answer_positions": 28, "balance_group": "domain/qasper", "balance_weight": 1.0, "ce": 1.3385522365570068, "dataset": "qasper", "example_id": "d78578c458a1f585d45310ee19afeed48dd594d0295a4c483c5da75c3d443f61", "hidden": 0.02945137768983841, "kl": 0.07896623015403748, "loss": 0.6358769536018372, "rank": 1, "sequence_tokens": 3652, "stratum": "domain"}, {"answer_positions": 2, "balance_group": "domain/qasper", "balance_weight": 1.0, "ce": 0.6065200567245483, "dataset": "qasper", "example_id": "8836d46acdd0292cdce61b60fe2763480f3591a58d0404ba76e1221932c9dfdd", "hidden": 0.03452464938163757, "kl": 0.48447585105895996, "loss": 0.4494054913520813, "rank": 2, "sequence_tokens": 4096, "stratum": "domain"}, {"answer_positions": 2, "balance_group": "domain/qasper", "balance_weight": 1.0, "ce": 0.784795343875885, "dataset": "qasper", "example_id": "1656ad1e151fb96c350a1428700f4de900ec447dabab85db6115e330a0b53864", "hidden": 0.035827428102493286, "kl": 0.3877835273742676, "loss": 0.49604761600494385, "rank": 3, "sequence_tokens": 4096, "stratum": "domain"}, {"answer_positions": 5, "balance_group": "domain/2wikimqa", "balance_weight": 1.0, "ce": 0.23347912728786469, "dataset": "2wikimqa", "example_id": "6964a26b72903b32c757238d00e1a7dccff4fb418fdbea217ccc0b31e552eba9", "hidden": 0.02792574279010296, "kl": 0.10807795822620392, "loss": 0.14847804605960846, "rank": 4, "sequence_tokens": 1577, "stratum": "domain"}, {"answer_positions": 10, "balance_group": "domain/2wikimqa", "balance_weight": 1.0, "ce": 0.008404168300330639, "dataset": "2wikimqa", "example_id": "6319d647132aba9f1e5780c68538da7a3486dae228878f7e3a18959927295166", "hidden": 0.03299477696418762, "kl": 0.0028274324722588062, "loss": 0.011370432563126087, "rank": 5, "sequence_tokens": 1755, "stratum": "domain"}, {"answer_positions": 2, "balance_group": "domain/2wikimqa", "balance_weight": 1.0, "ce": 0.2673698663711548, "dataset": "2wikimqa", "example_id": "a32dd727f7c5b56cef4e28e01a6a99c19b8e55ccb1fa527d017c3fd9b408c49c", "hidden": 0.06435346603393555, "kl": 0.45425066351890564, "loss": 0.2921748757362366, "rank": 6, "sequence_tokens": 526, "stratum": "domain"}, {"answer_positions": 2, "balance_group": "domain/2wikimqa", "balance_weight": 1.0, "ce": 0.22058644890785217, "dataset": "2wikimqa", "example_id": "127b7465346e820975b4a18ccb24462df08534c77f29c0958f92cff6e83ff6ce", "hidden": 0.037369608879089355, "kl": 0.40575969219207764, "loss": 0.24875369668006897, "rank": 7, "sequence_tokens": 1043, "stratum": "domain"}], "step": 64, "step_gate_recorded": null, "summary": {"by_balance_group": {"domain/2wikimqa": {"answer_positions": 19, "ce": 0.18245990271680057, "examples": 4, "hidden": 0.04066089866682887, "kl": 0.2427289366023615, "loss": 0.17519426275976002}, "domain/qasper": {"answer_positions": 51, "ce": 1.1355303674936295, "examples": 4, "hidden": 0.037107198499143124, "kl": 0.3101077005267143, "loss": 0.6269477903842926}}, "example_balanced": true, "overall": {"answer_positions": 70, "ce": 0.658995135105215, "examples": 8, "hidden": 0.038884048582986, "kl": 0.2764183185645379, "loss": 0.4010710265720263}, "selection_direction": "min", "selection_metric": "overall.loss", "target_token_weighting_used": false, "weight_sum": 8.0}}
{"phase": "heldout", "step": 64, "overall": {"examples": 26, "answer_positions": 206, "loss": 0.3745566097620344, "ce": 0.6108829067975641, "kl": 0.2611509632912377, "hidden": 0.0412823620163614}, "by_balance_group": {"domain/2wikimqa": {"examples": 14, "answer_positions": 49, "loss": 0.31559939190213165, "ce": 0.46906501786517235, "kl": 0.27478224286876085, "hidden": 0.04173176709030355}, "domain/qasper": {"examples": 12, "answer_positions": 157, "loss": 0.4335138276219367, "ce": 0.7527007957299549, "kl": 0.2475196837137142, "hidden": 0.0408329569424192}}, "selection_metric": "overall.loss", "selection_direction": "min", "example_balanced": true, "target_token_weighting_used": false, "weight_sum": 25.99999999999999}
{"global_grad_norm_before_clip": 1.0003855228424072, "learning_rate_used": 1.1045284632676535e-05, "next_learning_rate": 1.0784590957278452e-05, "rows": [{"answer_positions": 37, "balance_group": "domain/qasper", "balance_weight": 1.0, "ce": 1.2640444040298462, "dataset": "qasper", "example_id": "617104910ebfd548d0eb5e493373eaa29bb842edcabaa025ee9308f329aaf7aa", "hidden": 0.016218794509768486, "kl": 0.037384022027254105, "loss": 0.5851480960845947, "rank": 0, "sequence_tokens": 4096, "stratum": "domain"}, {"answer_positions": 63, "balance_group": "domain/qasper", "balance_weight": 1.0, "ce": 0.2615535259246826, "dataset": "qasper", "example_id": "382dd924f21c8ed573fdbe845cc83c07341c57f96307e21d42656b7e74d22587", "hidden": 0.04910460114479065, "kl": 0.06663604080677032, "loss": 0.15084262192249298, "rank": 1, "sequence_tokens": 4096, "stratum": "domain"}, {"answer_positions": 2, "balance_group": "domain/qasper", "balance_weight": 1.0, "ce": 0.9085653424263, "dataset": "qasper", "example_id": "947260cf5e064275a720b0793327dd8ac60135b63d028be8a9dad4d3f5ffa8d5", "hidden": 0.03990933299064636, "kl": 0.1479843109846115, "loss": 0.46863076090812683, "rank": 2, "sequence_tokens": 4096, "stratum": "domain"}, {"answer_positions": 16, "balance_group": "domain/qasper", "balance_weight": 1.0, "ce": 0.12925872206687927, "dataset": "qasper", "example_id": "2d2b65662ec0d9b9f4f8904d310369686ad0c7223ac3b900ab6e3e3b4e670291", "hidden": 0.06385806947946548, "kl": 0.08264849334955215, "loss": 0.09986501187086105, "rank": 3, "sequence_tokens": 4096, "stratum": "domain"}, {"answer_positions": 2, "balance_group": "domain/2wikimqa", "balance_weight": 1.0, "ce": 0.4549672603607178, "dataset": "2wikimqa", "example_id": "5a5ddc291f22a524bdb6908acdf44f96cfc8aa17ac56f922f0248cc1261548ed", "hidden": 0.05737572908401489, "kl": 0.26429539918899536, "loss": 0.30871379375457764, "rank": 4, "sequence_tokens": 1203, "stratum": "domain"}, {"answer_positions": 6, "balance_group": "domain/2wikimqa", "balance_weight": 1.0, "ce": 0.03950496017932892, "dataset": "2wikimqa", "example_id": "71c158adad7bb70cfca38c9ca3687112a2057ba093369ccfbef8189eccc60227", "hidden": 0.022798290476202965, "kl": 0.0017058415105566382, "loss": 0.02293393574655056, "rank": 5, "sequence_tokens": 948, "stratum": "domain"}, {"answer_positions": 4, "balance_group": "domain/2wikimqa", "balance_weight": 1.0, "ce": 0.020191743969917297, "dataset": "2wikimqa", "example_id": "e23c6138c24cf5dbf5e187a15d70d86fdd3c27513197b55d92056e4b7a325d7a", "hidden": 0.039927199482917786, "kl": 0.008832992985844612, "loss": 0.020163271576166153, "rank": 6, "sequence_tokens": 1042, "stratum": "domain"}, {"answer_positions": 5, "balance_group": "domain/2wikimqa", "balance_weight": 1.0, "ce": 0.21579411625862122, "dataset": "2wikimqa", "example_id": "6e4b44bad02ebdd21988bfea3a90cd1dc67599a4445b50c91889aac2845a8870", "hidden": 0.030938362702727318, "kl": 0.08032917231321335, "loss": 0.13141024112701416, "rank": 7, "sequence_tokens": 1043, "stratum": "domain"}], "step": 65, "step_gate_recorded": null, "summary": {"by_balance_group": {"domain/2wikimqa": {"answer_positions": 17, "ce": 0.1826145201921463, "examples": 4, "hidden": 0.03775989543646574, "kl": 0.08879085149965249, "loss": 0.12080531055107713}, "domain/qasper": {"answer_positions": 118, "ce": 0.640855498611927, "examples": 4, "hidden": 0.042272699531167746, "kl": 0.08366321679204702, "loss": 0.3261216226965189}}, "example_balanced": true, "overall": {"answer_positions": 135, "ce": 0.41173500940203667, "examples": 8, "hidden": 0.04001629748381674, "kl": 0.08622703414584976, "loss": 0.223463466623798}, "selection_direction": "min", "selection_metric": "overall.loss", "target_token_weighting_used": false, "weight_sum": 8.0}}
{"global_grad_norm_before_clip": 0.8463003039360046, "learning_rate_used": 1.0784590957278452e-05, "next_learning_rate": 1.0523359562429441e-05, "rows": [{"answer_positions": 39, "balance_group": "domain/qasper", "balance_weight": 1.0, "ce": 0.5230150818824768, "dataset": "qasper", "example_id": "4c09137e7d3c5c5bcf51c0df5c6554a707331a1162b4adffd78cd412ecc26353", "hidden": 0.0389578714966774, "kl": 0.04603374004364014, "loss": 0.2592601776123047, "rank": 0, "sequence_tokens": 4096, "stratum": "domain"}, {"answer_positions": 12, "balance_group": "domain/qasper", "balance_weight": 1.0, "ce": 1.0136626958847046, "dataset": "qasper", "example_id": "ed1559e502f8fcf3b9c5618ec8280615027ee65d5842b4860370a01ae8468194", "hidden": 0.0315195769071579, "kl": 0.1763349175453186, "loss": 0.5241693258285522, "rank": 1, "sequence_tokens": 3003, "stratum": "domain"}, {"answer_positions": 2, "balance_group": "domain/qasper", "balance_weight": 1.0, "ce": 0.3539023995399475, "dataset": "qasper", "example_id": "986eba372c6b356f740ee84f7abaee65143585705b9ac0fd478e5a1a4dad71c1", "hidden": 0.0354790985584259, "kl": 0.31457051634788513, "loss": 0.27645155787467957, "rank": 2, "sequence_tokens": 3240, "stratum": "domain"}, {"answer_positions": 2, "balance_group": "domain/qasper", "balance_weight": 1.0, "ce": 0.33522748947143555, "dataset": "qasper", "example_id": "36474462eaed97c3d08d8611ce6b1ef4e44474a1b3868566fbff0541d26dd187", "hidden": 0.03763410449028015, "kl": 0.34783440828323364, "loss": 0.28012120723724365, "rank": 3, "sequence_tokens": 4096, "stratum": "domain"}, {"answer_positions": 9, "balance_group": "domain/2wikimqa", "balance_weight": 1.0, "ce": 0.00629627238959074, "dataset": "2wikimqa", "example_id": "42c1b9d61581124d5371b54e971ecc5d429382ea08380740b2653a60b8c5ff3d", "hidden": 0.026011493057012558, "kl": 0.002401455771178007, "loss": 0.008876129984855652, "rank": 4, "sequence_tokens": 1225, "stratum": "domain"}, {"answer_positions": 2, "balance_group": "domain/2wikimqa", "balance_weight": 1.0, "ce": 0.6011219620704651, "dataset": "2wikimqa", "example_id": "1b0fd9588d649a7a3c4d1a67f3ce0e7269413d267c870b23ce5c4cbd748876ac", "hidden": 0.051928937435150146, "kl": 0.5487490296363831, "loss": 0.47295281291007996, "rank": 5, "sequence_tokens": 1114, "stratum": "domain"}, {"answer_positions": 4, "balance_group": "domain/2wikimqa", "balance_weight": 1.0, "ce": 0.24292607605457306, "dataset": "2wikimqa", "example_id": "caaf7fbb3281c0a48815ded786377a943e54f99b55c664afca462e54e73626f5", "hidden": 0.032349467277526855, "kl": 0.08927027881145477, "loss": 0.14703121781349182, "rank": 6, "sequence_tokens": 819, "stratum": "domain"}, {"answer_positions": 2, "balance_group": "domain/2wikimqa", "balance_weight": 1.0, "ce": 0.2881835103034973, "dataset": "2wikimqa", "example_id": "17f34348d3cd39be7d46cb6183ee8cb2ca13f571071623a430a9f3035be54f7e", "hidden": 0.04967331886291504, "kl": 0.4488615393638611, "loss": 0.2967187762260437, "rank": 7, "sequence_tokens": 871, "stratum": "domain"}], "step": 66, "step_gate_recorded": null, "summary": {"by_balance_group": {"domain/2wikimqa": {"answer_positions": 17, "ce": 0.28463195520453155, "examples": 4, "hidden": 0.03999080415815115, "kl": 0.27232057589571923, "loss": 0.23139473423361778}, "domain/qasper": {"answer_positions": 55, "ce": 0.5564519166946411, "examples": 4, "hidden": 0.03589766286313534, "kl": 0.22119339555501938, "loss": 0.33500056713819504}}, "example_balanced": true, "overall": {"answer_positions": 72, "ce": 0.42054193594958633, "examples": 8, "hidden": 0.037944233510643244, "kl": 0.2467569857253693, "loss": 0.2831976506859064}, "selection_direction": "min", "selection_metric": "overall.loss", "target_token_weighting_used": false, "weight_sum": 8.0}}
{"global_grad_norm_before_clip": 0.8682398796081543, "learning_rate_used": 1.0523359562429441e-05, "next_learning_rate": 1.0261769483078734e-05, "rows": [{"answer_positions": 4, "balance_group": "domain/qasper", "balance_weight": 1.0, "ce": 0.42824408411979675, "dataset": "qasper", "example_id": "c6ab0f5096d59a2c9f71b1be9df8447acdff05ac51be378589f8ab224d043be1", "hidden": 0.05387735366821289, "kl": 0.1183079183101654, "loss": 0.24489307403564453, "rank": 0, "sequence_tokens": 2802, "stratum": "domain"}, {"answer_positions": 19, "balance_group": "domain/qasper", "balance_weight": 1.0, "ce": 1.8173308372497559, "dataset": "qasper", "example_id": "442ffe04c3bc11c0f9b974d4bd43505d29e0ef03b069bea3f6ab7db0a23d19e3", "hidden": 0.048267874866724014, "kl": 0.27316954731941223, "loss": 0.923061728477478, "rank": 1, "sequence_tokens": 4096, "stratum": "domain"}, {"answer_positions": 34, "balance_group": "domain/qasper", "balance_weight": 1.0, "ce": 0.46180614829063416, "dataset": "qasper", "example_id": "22533018c11e8ab3971f6e8508c77accf4a3b5102db76adc81e94db323e70c36", "hidden": 0.03636696934700012, "kl": 0.10012880712747574, "loss": 0.2501312494277954, "rank": 2, "sequence_tokens": 2836, "stratum": "domain"}, {"answer_positions": 32, "balance_group": "domain/qasper", "balance_weight": 1.0, "ce": 1.5153005123138428, "dataset": "qasper", "example_id": "afac85ad0b2618b4866fb36a823ad19904a4aeb1f9803e2f8677ce2bfe386fcf", "hidden": 0.03437946364283562, "kl": 0.09476335346698761, "loss": 0.7219282388687134, "rank": 3, "sequence_tokens": 4096, "stratum": "domain"}, {"answer_positions": 11, "balance_group": "domain/2wikimqa", "balance_weight": 1.0, "ce": 0.010267462581396103, "dataset": "2wikimqa", "example_id": "cf5073f6656fc2a40a41a644b59bb3302c3d0f8607922b27ae4e30d673682257", "hidden": 0.036747075617313385, "kl": 0.0033621410839259624, "loss": 0.013146522454917431, "rank": 4, "sequence_tokens": 821, "stratum": "domain"}, {"answer_positions": 2, "balance_group": "domain/2wikimqa", "balance_weight": 1.0, "ce": 0.22288218140602112, "dataset": "2wikimqa", "example_id": "ca01ca57e34a13506dc360ef849c27552d4e05d72ee765c27afd2711a312c6c4", "hidden": 0.04718753695487976, "kl": 0.5013335943222046, "loss": 0.2852012515068054, "rank": 5, "sequence_tokens": 1156, "stratum": "domain"}, {"answer_positions": 6, "balance_group": "domain/2wikimqa", "balance_weight": 1.0, "ce": 0.00574864074587822, "dataset": "2wikimqa", "example_id": "850ca209c808af279dd2594c512fe359e1827df9cfa9e46085bbc1496abb4fd4", "hidden": 0.026948412880301476, "kl": 0.001791206537745893, "loss": 0.008603492751717567, "rank": 6, "sequence_tokens": 951, "stratum": "domain"}, {"answer_positions": 2, "balance_group": "domain/2wikimqa", "balance_weight": 1.0, "ce": 0.39791545271873474, "dataset": "2wikimqa", "example_id": "f6e0726d4d44adb520ebc2d7af3fab8d4141f7d64ae0283be7e63398ff1c6a2e", "hidden": 0.0511917769908905, "kl": 0.32521048188209534, "loss": 0.30312395095825195, "rank": 7, "sequence_tokens": 729, "stratum": "domain"}], "step": 67, "step_gate_recorded": null, "summary": {"by_balance_group": {"domain/2wikimqa": {"answer_positions": 21, "ce": 0.15920343436300755, "examples": 4, "hidden": 0.04051870061084628, "kl": 0.20792435595649295, "loss": 0.1525188044179231}, "domain/qasper": {"answer_positions": 89, "ce": 1.0556703954935074, "examples": 4, "hidden": 0.04322291538119316, "kl": 0.14659240655601025, "loss": 0.5350035727024078}}, "example_balanced": true, "overall": {"answer_positions": 110, "ce": 0.6074369149282575, "examples": 8, "hidden": 0.04187080799601972, "kl": 0.1772583812562516, "loss": 0.34376118856016546}, "selection_direction": "min", "selection_metric": "overall.loss", "target_token_weighting_used": false, "weight_sum": 8.0}}
{"global_grad_norm_before_clip": 2.3804783821105957, "learning_rate_used": 1.0261769483078734e-05, "next_learning_rate": 1e-05, "rows": [{"answer_positions": 19, "balance_group": "domain/qasper", "balance_weight": 1.0, "ce": 0.920019268989563, "dataset": "qasper", "example_id": "2e097a3800fa5de907e29424f0e3df25d9bd8d96f1b0ee215a14b9ea65cc46b3", "hidden": 0.028662778437137604, "kl": 0.06785862147808075, "loss": 0.44349172711372375, "rank": 0, "sequence_tokens": 4096, "stratum": "domain"}, {"answer_positions": 11, "balance_group": "domain/qasper", "balance_weight": 1.0, "ce": 1.1780462265014648, "dataset": "qasper", "example_id": "58fb5d25f3821dda97459d8e531809e8a344ce01d19039dd4eea9220aeebc555", "hidden": 0.01718617044389248, "kl": 0.03169893100857735, "loss": 0.5446526408195496, "rank": 1, "sequence_tokens": 4096, "stratum": "domain"}, {"answer_positions": 4, "balance_group": "domain/qasper", "balance_weight": 1.0, "ce": 1.137430191040039, "dataset": "qasper", "example_id": "94ffc6cb4cf7cc46cd8c0db8e9eea15cf8112a77cd3f23bcb3ac82d90a75ee4a", "hidden": 0.04633818566799164, "kl": 0.1789371818304062, "loss": 0.5837392210960388, "rank": 2, "sequence_tokens": 1877, "stratum": "domain"}, {"answer_positions": 4, "balance_group": "domain/qasper", "balance_weight": 1.0, "ce": 0.6747978925704956, "dataset": "qasper", "example_id": "7589c8ce222549be959152f1222f70de0f1539a7243dbcad621391aaf7a8256f", "hidden": 0.028768271207809448, "kl": 0.22522835433483124, "loss": 0.38824263215065, "rank": 3, "sequence_tokens": 3506, "stratum": "domain"}, {"answer_positions": 2, "balance_group": "domain/2wikimqa", "balance_weight": 1.0, "ce": 0.004310479387640953, "dataset": "2wikimqa", "example_id": "0d9c38ce89c7ba55f0cecaba1470165f95033a4a5d96e4afd827218f0b974e19", "hidden": 0.03935956954956055, "kl": 0.0038367880042642355, "loss": 0.011154505424201488, "rank": 4, "sequence_tokens": 631, "stratum": "domain"}, {"answer_positions": 7, "balance_group": "domain/2wikimqa", "balance_weight": 1.0, "ce": 0.10638634860515594, "dataset": "2wikimqa", "example_id": "6ec40aceadbaf07feaab5992362d246944c8bf1c09581dcc850e99c842ca4017", "hidden": 0.02980649657547474, "kl": 0.02163037285208702, "loss": 0.061405785381793976, "rank": 5, "sequence_tokens": 928, "stratum": "domain"}, {"answer_positions": 2, "balance_group": "domain/2wikimqa", "balance_weight": 1.0, "ce": 0.3225262463092804, "dataset": "2wikimqa", "example_id": "574977c3bc902834a4d7f9516ef35a3ef2ad75450dc5bb554f4d497dce3d84ad", "hidden": 0.04213261604309082, "kl": 0.4666605591773987, "loss": 0.3168945014476776, "rank": 6, "sequence_tokens": 1177, "stratum": "domain"}, {"answer_positions": 2, "balance_group": "domain/2wikimqa", "balance_weight": 1.0, "ce": 0.24545085430145264, "dataset": "2wikimqa", "example_id": "1ff89ed1d3503ab1f8635aa6eeb2a69dfc210618566ea25d151b3eac799d0a45", "hidden": 0.05220279097557068, "kl": 0.48140567541122437, "loss": 0.28938543796539307, "rank": 7, "sequence_tokens": 823, "stratum": "domain"}], "step": 68, "step_gate_recorded": null, "summary": {"by_balance_group": {"domain/2wikimqa": {"answer_positions": 13, "ce": 0.16966848215088248, "examples": 4, "hidden": 0.040875368285924196, "kl": 0.24338334886124358, "loss": 0.16971005755476654}, "domain/qasper": {"answer_positions": 38, "ce": 0.9775733947753906, "examples": 4, "hidden": 0.030238851439207792, "kl": 0.12593077216297388, "loss": 0.49003155529499054}}, "example_balanced": true, "overall": {"answer_positions": 51, "ce": 0.5736209384631366, "examples": 8, "hidden": 0.035557109862565994, "kl": 0.18465706051210873, "loss": 0.32987080642487854}, "selection_direction": "min", "selection_metric": "overall.loss", "target_token_weighting_used": false, "weight_sum": 8.0}}
{"global_grad_norm_before_clip": 1.039788842201233, "learning_rate_used": 1e-05, "next_learning_rate": 9.738230516921272e-06, "rows": [{"answer_positions": 25, "balance_group": "domain/qasper", "balance_weight": 1.0, "ce": 0.1814073920249939, "dataset": "qasper", "example_id": "3f3abece10ae8c7229e97548b043e7e1286b6179458c9fa5d3da3abd0c297143", "hidden": 0.0787031278014183, "kl": 0.028729600831866264, "loss": 0.10742931067943573, "rank": 0, "sequence_tokens": 4096, "stratum": "domain"}, {"answer_positions": 19, "balance_group": "domain/qasper", "balance_weight": 1.0, "ce": 0.2931850850582123, "dataset": "qasper", "example_id": "4cb12ea2054d3aa36361e7a1556ad9cc50fa736eabe3f87b42aa7518542f5947", "hidden": 0.03734881803393364, "kl": 0.07132507860660553, "loss": 0.16436682641506195, "rank": 1, "sequence_tokens": 4096, "stratum": "domain"}, {"answer_positions": 4, "balance_group": "domain/qasper", "balance_weight": 1.0, "ce": 0.027912616729736328, "dataset": "qasper", "example_id": "dd9c1d65feefc9b3952030f9479006ea6f91a020e179c733d34526bb2efa5479", "hidden": 0.0681181401014328, "kl": 0.023013493046164513, "loss": 0.0342390276491642, "rank": 2, "sequence_tokens": 4061, "stratum": "domain"}, {"answer_positions": 2, "balance_group": "domain/qasper", "balance_weight": 1.0, "ce": 1.155800700187683, "dataset": "qasper", "example_id": "bf23956b637f133f5842c5c94b484efef444cbb5252d4853e0bfb908b970d60c", "hidden": 0.04061484336853027, "kl": 0.6281386613845825, "loss": 0.7480818033218384, "rank": 3, "sequence_tokens": 4096, "stratum": "domain"}, {"answer_positions": 5, "balance_group": "domain/2wikimqa", "balance_weight": 1.0, "ce": 0.2813909351825714, "dataset": "2wikimqa", "example_id": "038ec805d88f92abe4d1956cb2675de84723e524cfccbeb827c2d3d6ec49c24a", "hidden": 0.02573700062930584, "kl": 0.028614619746804237, "loss": 0.14178842306137085, "rank": 4, "sequence_tokens": 727, "stratum": "domain"}, {"answer_positions": 2, "balance_group": "domain/2wikimqa", "balance_weight": 1.0, "ce": 0.27057012915611267, "dataset": "2wikimqa", "example_id": "7f23b7edfb299084e8baf75d11310dc0b79c7afc6667150efae524997471af26", "hidden": 0.048393040895462036, "kl": 0.27890610694885254, "loss": 0.22905229032039642, "rank": 5, "sequence_tokens": 780, "stratum": "domain"}, {"answer_positions": 4, "balance_group": "domain/2wikimqa", "balance_weight": 1.0, "ce": 0.20128995180130005, "dataset": "2wikimqa", "example_id": "9bbc7e86748b08701f83973905543113d307349f70d1a8e79fda394e2b3f5f77", "hidden": 0.03225754201412201, "kl": 0.10922130197286606, "loss": 0.13525943458080292, "rank": 6, "sequence_tokens": 868, "stratum": "domain"}, {"answer_positions": 4, "balance_group": "domain/2wikimqa", "balance_weight": 1.0, "ce": 0.012651648372411728, "dataset": "2wikimqa", "example_id": "12a33cd9ec4e0469e56284ccd95575a02753456e784383a3f9f1acaf1b1cec23", "hidden": 0.028792575001716614, "kl": 0.022273151203989983, "loss": 0.019247358664870262, "rank": 7, "sequence_tokens": 824, "stratum": "domain"}], "step": 69, "step_gate_recorded": null, "summary": {"by_balance_group": {"domain/2wikimqa": {"answer_positions": 15, "ce": 0.19147566612809896, "examples": 4, "hidden": 0.033795039635151625, "kl": 0.1097537949681282, "loss": 0.1313368766568601}, "domain/qasper": {"answer_positions": 50, "ce": 0.4145764485001564, "examples": 4, "hidden": 0.056196232326328754, "kl": 0.1878017084673047, "loss": 0.26352924201637506}}, "example_balanced": true, "overall": {"answer_positions": 65, "ce": 0.3030260573141277, "examples": 8, "hidden": 0.04499563598074019, "kl": 0.14877775171771646, "loss": 0.1974330593366176}, "selection_direction": "min", "selection_metric": "overall.loss", "target_token_weighting_used": false, "weight_sum": 8.0}}
{"global_grad_norm_before_clip": 0.945361316204071, "learning_rate_used": 9.738230516921272e-06, "next_learning_rate": 9.476640437570562e-06, "rows": [{"answer_positions": 2, "balance_group": "domain/qasper", "balance_weight": 1.0, "ce": 0.1268215924501419, "dataset": "qasper", "example_id": "cd504f48796bf47b64845f80bee434c24d41d5e166522b27546f8972c96f0a76", "hidden": 0.038495659828186035, "kl": 0.42066818475723267, "loss": 0.2120027095079422, "rank": 0, "sequence_tokens": 2408, "stratum": "domain"}, {"answer_positions": 49, "balance_group": "domain/qasper", "balance_weight": 1.0, "ce": 0.17981155216693878, "dataset": "qasper", "example_id": "81b1ab8f1a1cf487720f358f1b6f6db74c712e089cc66999415370a9e193cbc5", "hidden": 0.044968146830797195, "kl": 0.1019708439707756, "loss": 0.12559862434864044, "rank": 1, "sequence_tokens": 4096, "stratum": "domain"}, {"answer_positions": 159, "balance_group": "domain/qasper", "balance_weight": 1.0, "ce": 0.144247904419899, "dataset": "qasper", "example_id": "b1818e459e65037b0f484287d114337106ca1ee50e6cd3d58a7869dadd6a7f67", "hidden": 0.03830086812376976, "kl": 0.055929966270923615, "loss": 0.09214720875024796, "rank": 2, "sequence_tokens": 4096, "stratum": "domain"}, {"answer_positions": 12, "balance_group": "domain/qasper", "balance_weight": 1.0, "ce": 0.37825262546539307, "dataset": "qasper", "example_id": "647fc92aa2747d8b16ddbba755a9e72896492117e8c7e2eddfbda39864d41bbc", "hidden": 0.04583687335252762, "kl": 0.10102862119674683, "loss": 0.214741051197052, "rank": 3, "sequence_tokens": 4096, "stratum": "domain"}, {"answer_positions": 8, "balance_group": "domain/2wikimqa", "balance_weight": 1.0, "ce": 0.005036447197198868, "dataset": "2wikimqa", "example_id": "0e4012e7e80301542f8de70632854740939d22b98609c4092e81e914215cfc26", "hidden": 0.03053934872150421, "kl": 0.001385870506055653, "loss": 0.008859326131641865, "rank": 4, "sequence_tokens": 835, "stratum": "domain"}, {"answer_positions": 9, "balance_group": "domain/2wikimqa", "balance_weight": 1.0, "ce": 0.01517956331372261, "dataset": "2wikimqa", "example_id": "d7050d72d8e93661b12fdb365d12735bc47d55e34f70a1cbe9232b935d4d6e98", "hidden": 0.04060119390487671, "kl": 0.009411873295903206, "loss": 0.01824519783258438, "rank": 5, "sequence_tokens": 1373, "stratum": "domain"}, {"answer_positions": 4, "balance_group": "domain/2wikimqa", "balance_weight": 1.0, "ce": 0.09921342879533768, "dataset": "2wikimqa", "example_id": "d04bd366f81ba11105bb3b163c617c46a190df382bbf16039eb3ec666b8cfa42", "hidden": 0.10222013294696808, "kl": 0.6602694988250732, "loss": 0.29618439078330994, "rank": 6, "sequence_tokens": 1432, "stratum": "domain"}, {"answer_positions": 5, "balance_group": "domain/2wikimqa", "balance_weight": 1.0, "ce": 0.24623242020606995, "dataset": "2wikimqa", "example_id": "80414965ccf6c01d85b3d6302447829d4fbfeef0dc412cff50658a729460dfc9", "hidden": 0.028662538155913353, "kl": 0.0032726500649005175, "loss": 0.11768252402544022, "rank": 7, "sequence_tokens": 993, "stratum": "domain"}], "step": 70, "step_gate_recorded": null, "summary": {"by_balance_group": {"domain/2wikimqa": {"answer_positions": 26, "ce": 0.09141546487808228, "examples": 4, "hidden": 0.05050580343231559, "kl": 0.16858497317298315, "loss": 0.1102428596932441}, "domain/qasper": {"answer_positions": 222, "ce": 0.20728341862559319, "examples": 4, "hidden": 0.04190038703382015, "kl": 0.16989940404891968, "loss": 0.16112239845097065}}, "example_balanced": true, "overall": {"answer_positions": 248, "ce": 0.14934944175183773, "examples": 8, "hidden": 0.04620309523306787, "kl": 0.16924218861095142, "loss": 0.13568262907210737}, "selection_direction": "min", "selection_metric": "overall.loss", "target_token_weighting_used": false, "weight_sum": 8.0}}
{"global_grad_norm_before_clip": 1.2136461734771729, "learning_rate_used": 9.476640437570562e-06, "next_learning_rate": 9.215409042721553e-06, "rows": [{"answer_positions": 6, "balance_group": "domain/qasper", "balance_weight": 1.0, "ce": 1.591557264328003, "dataset": "qasper", "example_id": "ca86cc0f61219fe4a752802d23116abc2dcc46b5bc59fa267d8284e83e88821f", "hidden": 0.02773229405283928, "kl": 0.0739196315407753, "loss": 0.747619092464447, "rank": 0, "sequence_tokens": 4096, "stratum": "domain"}, {"answer_positions": 3, "balance_group": "domain/qasper", "balance_weight": 1.0, "ce": 0.7889695167541504, "dataset": "qasper", "example_id": "f74d27aa508903b88b7502045eaf478574034d81566918b0a6ffbbcfe36191ea", "hidden": 0.036579132080078125, "kl": 0.3549960255622864, "loss": 0.48660069704055786, "rank": 1, "sequence_tokens": 3226, "stratum": "domain"}, {"answer_positions": 4, "balance_group": "domain/qasper", "balance_weight": 1.0, "ce": 0.062355104833841324, "dataset": "qasper", "example_id": "e01ae5d2ac2b5d4badbaef159f400433f90ef6857324ea18a5a7e21de12563d4", "hidden": 0.04444935917854309, "kl": 0.021929748356342316, "loss": 0.04462508112192154, "rank": 2, "sequence_tokens": 4096, "stratum": "domain"}, {"answer_positions": 2, "balance_group": "domain/qasper", "balance_weight": 1.0, "ce": 0.1874130368232727, "dataset": "qasper", "example_id": "63f32f85a0fed7b520e24092bced3d8e4c6305145d0882c22719e8f6e9f5683a", "hidden": 0.03901797533035278, "kl": 0.44223517179489136, "loss": 0.24692176282405853, "rank": 3, "sequence_tokens": 4096, "stratum": "domain"}, {"answer_positions": 3, "balance_group": "domain/2wikimqa", "balance_weight": 1.0, "ce": 0.21793286502361298, "dataset": "2wikimqa", "example_id": "d759f6532f566bc3c7545ca93c5475e7c5231bb3b674532f48985fbd6e8abb3a", "hidden": 0.023991763591766357, "kl": 0.1460837721824646, "loss": 0.15399745106697083, "rank": 4, "sequence_tokens": 761, "stratum": "domain"}, {"answer_positions": 2, "balance_group": "domain/2wikimqa", "balance_weight": 1.0, "ce": 0.2711641490459442, "dataset": "2wikimqa", "example_id": "9738bf2182a62875e7f8823ead8608d2d4d9553d1576b8c93e4fd8639d460089", "hidden": 0.043754518032073975, "kl": 0.4391123056411743, "loss": 0.2844640910625458, "rank": 5, "sequence_tokens": 741, "stratum": "domain"}, {"answer_positions": 6, "balance_group": "domain/2wikimqa", "balance_weight": 1.0, "ce": 0.061774205416440964, "dataset": "2wikimqa", "example_id": "d4e979a70f2850701822bb13231ed7e16fc477903493a894292a6351af3ed84f", "hidden": 0.02498168870806694, "kl": 0.003916342277079821, "loss": 0.03416544944047928, "rank": 6, "sequence_tokens": 943, "stratum": "domain"}, {"answer_positions": 4, "balance_group": "domain/2wikimqa", "balance_weight": 1.0, "ce": 0.07787631452083588, "dataset": "2wikimqa", "example_id": "64569a222fc43f07ef0ac187c8039a3c0ce67be7c48b003dad38c3dc249c262a", "hidden": 0.024683311581611633, "kl": 0.002766228513792157, "loss": 0.04094918444752693, "rank": 7, "sequence_tokens": 846, "stratum": "domain"}], "step": 71, "step_gate_recorded": null, "summary": {"by_balance_group": {"domain/2wikimqa": {"answer_positions": 15, "ce": 0.1571868835017085, "examples": 4, "hidden": 0.029352820478379726, "kl": 0.14796966215362772, "loss": 0.1283940440043807}, "domain/qasper": {"answer_positions": 15, "ce": 0.6575737306848168, "examples": 4, "hidden": 0.03694469016045332, "kl": 0.22327014431357384, "loss": 0.38144165836274624}}, "example_balanced": true, "overall": {"answer_positions": 30, "ce": 0.4073803070932627, "examples": 8, "hidden": 0.03314875531941652, "kl": 0.18561990323360078, "loss": 0.25491785118356347}, "selection_direction": "min", "selection_metric": "overall.loss", "target_token_weighting_used": false, "weight_sum": 8.0}}
{"global_grad_norm_before_clip": 0.9310551285743713, "learning_rate_used": 9.215409042721553e-06, "next_learning_rate": 8.954715367323468e-06, "rows": [{"answer_positions": 21, "balance_group": "domain/qasper", "balance_weight": 1.0, "ce": 1.1380641460418701, "dataset": "qasper", "example_id": "7e69a6350583fd2566f1b90328b9ea6d9c344a13698c57d3f0a2f89dbc959a4a", "hidden": 0.04099186882376671, "kl": 0.12564490735530853, "loss": 0.564302921295166, "rank": 0, "sequence_tokens": 4096, "stratum": "domain"}, {"answer_positions": 2, "balance_group": "domain/qasper", "balance_weight": 1.0, "ce": 0.2875936031341553, "dataset": "qasper", "example_id": "dc9efe4e214d1f988d81afca15815133d49582bfc38ae9283175a3e6fcc333d7", "hidden": 0.030055642127990723, "kl": 0.3911455571651459, "loss": 0.2723292112350464, "rank": 1, "sequence_tokens": 4096, "stratum": "domain"}, {"answer_positions": 56, "balance_group": "domain/qasper", "balance_weight": 1.0, "ce": 0.4470750689506531, "dataset": "qasper", "example_id": "4802e23315d5cabd387481b838d3203bba1b735f4f2cd988bc2c7102dc928784", "hidden": 0.052672047168016434, "kl": 0.05280202254652977, "loss": 0.23019888997077942, "rank": 2, "sequence_tokens": 4096, "stratum": "domain"}, {"answer_positions": 10, "balance_group": "domain/qasper", "balance_weight": 1.0, "ce": 0.08144043385982513, "dataset": "qasper", "example_id": "3dcacafb5d7eac57bb43e716e6d06f47be4331fa675d7d129ecbc0427c1ae94c", "hidden": 0.055367738008499146, "kl": 0.08475708961486816, "loss": 0.07738672196865082, "rank": 3, "sequence_tokens": 4096, "stratum": "domain"}, {"answer_positions": 5, "balance_group": "domain/2wikimqa", "balance_weight": 1.0, "ce": 0.005249546375125647, "dataset": "2wikimqa", "example_id": "10b5c56e7736307fbeab867403a59af7ac0bc3d10c92abfef5cf549ea2a38328", "hidden": 0.03236234188079834, "kl": 0.0016032105777412653, "loss": 0.009395888075232506, "rank": 4, "sequence_tokens": 1215, "stratum": "domain"}, {"answer_positions": 10, "balance_group": "domain/2wikimqa", "balance_weight": 1.0, "ce": 0.00460028275847435, "dataset": "2wikimqa", "example_id": "73a0663a6a742867b72c648c481b55b56cd6646bc5aca588fa063a9728fcda95", "hidden": 0.04701660946011543, "kl": 0.0019832777325063944, "loss": 0.012167596258223057, "rank": 5, "sequence_tokens": 845, "stratum": "domain"}, {"answer_positions": 3, "balance_group": "domain/2wikimqa", "balance_weight": 1.0, "ce": 0.5480358600616455, "dataset": "2wikimqa", "example_id": "0a168284f67628d2179f80b30e70e3cd742ed903ca994ed8940421386e7c4127", "hidden": 0.01914624497294426, "kl": 0.057546310126781464, "loss": 0.2705865800380707, "rank": 6, "sequence_tokens": 610, "stratum": "domain"}, {"answer_positions": 3, "balance_group": "domain/2wikimqa", "balance_weight": 1.0, "ce": 0.1786493957042694, "dataset": "2wikimqa", "example_id": "945e943601054f8e972750d09caf2d26c70d2928675480f9b64495a4c7938ff8", "hidden": 0.02994018793106079, "kl": 0.005205368623137474, "loss": 0.08820214122533798, "rank": 7, "sequence_tokens": 1500, "stratum": "domain"}], "step": 72, "step_gate_recorded": null, "summary": {"by_balance_group": {"domain/2wikimqa": {"answer_positions": 21, "ce": 0.18413377122487873, "examples": 4, "hidden": 0.032116346061229706, "kl": 0.01658454176504165, "loss": 0.09508805139921606}, "domain/qasper": {"answer_positions": 89, "ce": 0.4885433129966259, "examples": 4, "hidden": 0.04477182403206825, "kl": 0.16358739417046309, "loss": 0.28605443611741066}}, "example_balanced": true, "overall": {"answer_positions": 110, "ce": 0.3363385421107523, "examples": 8, "hidden": 0.03844408504664898, "kl": 0.09008596796775237, "loss": 0.19057124375831336}, "selection_direction": "min", "selection_metric": "overall.loss", "target_token_weighting_used": false, "weight_sum": 8.0}}
{"global_grad_norm_before_clip": 1.4876315593719482, "learning_rate_used": 8.954715367323468e-06, "next_learning_rate": 8.694738077799487e-06, "rows": [{"answer_positions": 2, "balance_group": "domain/qasper", "balance_weight": 1.0, "ce": 1.2140014171600342, "dataset": "qasper", "example_id": "2893ad47fc00a8813bc25398b792841abdbd30bcfb05a7ba45be960b3247a418", "hidden": 0.029705971479415894, "kl": 0.3027351200580597, "loss": 0.6581991314888, "rank": 0, "sequence_tokens": 4096, "stratum": "domain"}, {"answer_positions": 16, "balance_group": "domain/qasper", "balance_weight": 1.0, "ce": 0.3160324692726135, "dataset": "qasper", "example_id": "45e1714c7749b1bbdb176a239946031b0b61f2e57c5dbdc26ffccb20444a8e16", "hidden": 0.049240849912166595, "kl": 0.015471033751964569, "loss": 0.15747764706611633, "rank": 1, "sequence_tokens": 4096, "stratum": "domain"}, {"answer_positions": 18, "balance_group": "domain/qasper", "balance_weight": 1.0, "ce": 0.7837900519371033, "dataset": "qasper", "example_id": "66184fdd7d781dfdb50f659d841252d866aa738e1ebdc55a8033ef665e6611fb", "hidden": 0.05266542360186577, "kl": 0.029346618801355362, "loss": 0.3735099136829376, "rank": 2, "sequence_tokens": 2980, "stratum": "domain"}, {"answer_positions": 25, "balance_group": "domain/qasper", "balance_weight": 1.0, "ce": 1.6171270608901978, "dataset": "qasper", "example_id": "e94bf4c144631b3e9d5cd253145110f673db3a3e2927c7d879dd4e83e067c702", "hidden": 0.03971116989850998, "kl": 0.12340933829545975, "loss": 0.7788426876068115, "rank": 3, "sequence_tokens": 4096, "stratum": "domain"}, {"answer_positions": 2, "balance_group": "domain/2wikimqa", "balance_weight": 1.0, "ce": 0.7075054049491882, "dataset": "2wikimqa", "example_id": "348df5c5dcafa8059fef9edbafe88caff208aee9ad6247e4a5b031f77d6f0000", "hidden": 0.04898589849472046, "kl": 0.555198073387146, "loss": 0.5224938988685608, "rank": 4, "sequence_tokens": 602, "stratum": "domain"}, {"answer_positions": 4, "balance_group": "domain/2wikimqa", "balance_weight": 1.0, "ce": 0.30524128675460815, "dataset": "2wikimqa", "example_id": "ee07e1ab6a8462237da3738e8979025d82d22dff62521c5a84902ec0563ac859", "hidden": 0.023682743310928345, "kl": 0.14500167965888977, "loss": 0.19284570217132568, "rank": 5, "sequence_tokens": 737, "stratum": "domain"}, {"answer_positions": 11, "balance_group": "domain/2wikimqa", "balance_weight": 1.0, "ce": 0.0049517336301505566, "dataset": "2wikimqa", "example_id": "c3244da4f03c5d50d2ba2b4475d98e7154de689b2884c8014670c3abf5c12348", "hidden": 0.060643669217824936, "kl": 0.0030754543840885162, "loss": 0.015433423221111298, "rank": 6, "sequence_tokens": 1448, "stratum": "domain"}, {"answer_positions": 9, "balance_group": "domain/2wikimqa", "balance_weight": 1.0, "ce": 0.0024634450674057007, "dataset": "2wikimqa", "example_id": "b0190f778c828270096684a5d0daf7be7072ea665ced102947cb59bda6188613", "hidden": 0.028284145519137383, "kl": 0.0010626104194670916, "loss": 0.007137292996048927, "rank": 7, "sequence_tokens": 969, "stratum": "domain"}], "step": 73, "step_gate_recorded": null, "summary": {"by_balance_group": {"domain/2wikimqa": {"answer_positions": 26, "ce": 0.25504046760033816, "examples": 4, "hidden": 0.04039911413565278, "kl": 0.17608445446239784, "loss": 0.18447757931426167}, "domain/qasper": {"answer_positions": 61, "ce": 0.9827377498149872, "examples": 4, "hidden": 0.04283085372298956, "kl": 0.11774052772670984, "loss": 0.4920073449611664}}, "example_balanced": true, "overall": {"answer_positions": 87, "ce": 0.6188891087076627, "examples": 8, "hidden": 0.04161498392932117, "kl": 0.14691249109455384, "loss": 0.33824246213771403}, "selection_direction": "min", "selection_metric": "overall.loss", "target_token_weighting_used": false, "weight_sum": 8.0}}
{"global_grad_norm_before_clip": 0.4366878867149353, "learning_rate_used": 8.694738077799487e-06, "next_learning_rate": 8.43565534959769e-06, "rows": [{"answer_positions": 32, "balance_group": "domain/qasper", "balance_weight": 1.0, "ce": 0.2024514526128769, "dataset": "qasper", "example_id": "bfd0da137729b3f5f93ecda82ee95ce9091c9fab8d15cc0ffdb4fa9d9cd6371f", "hidden": 0.05055990815162659, "kl": 0.06962241977453232, "loss": 0.1255829781293869, "rank": 0, "sequence_tokens": 4096, "stratum": "domain"}, {"answer_positions": 14, "balance_group": "domain/qasper", "balance_weight": 1.0, "ce": 0.43825069069862366, "dataset": "qasper", "example_id": "6fd03229502cc2bc0b5c50b1046b322421073423467cc8e8807d99499b8bb9b4", "hidden": 0.05081532523036003, "kl": 0.06275518983602524, "loss": 0.22934018075466156, "rank": 1, "sequence_tokens": 2927, "stratum": "domain"}, {"answer_positions": 13, "balance_group": "domain/qasper", "balance_weight": 1.0, "ce": 1.4188013076782227, "dataset": "qasper", "example_id": "45ed178bc144546ee3041206f8fe195f67304187569986f00c268a94def58d66", "hidden": 0.03618595376610756, "kl": 0.16325439512729645, "loss": 0.702836811542511, "rank": 2, "sequence_tokens": 2342, "stratum": "domain"}, {"answer_positions": 39, "balance_group": "domain/qasper", "balance_weight": 1.0, "ce": 0.9102286696434021, "dataset": "qasper", "example_id": "520066e31e0d7d6cf72be91085dff9e115c88052b6b299b477610400597518a7", "hidden": 0.02814890258014202, "kl": 0.0729755237698555, "loss": 0.4407740831375122, "rank": 3, "sequence_tokens": 4096, "stratum": "domain"}, {"answer_positions": 4, "balance_group": "domain/2wikimqa", "balance_weight": 1.0, "ce": 0.01752263307571411, "dataset": "2wikimqa", "example_id": "377376be85a53ac98659d43b86ec615ed5a6190bf76d5f023434bfda49299ade", "hidden": 0.027649372816085815, "kl": 0.004673228599131107, "loss": 0.01505068875849247, "rank": 4, "sequence_tokens": 1050, "stratum": "domain"}, {"answer_positions": 5, "balance_group": "domain/2wikimqa", "balance_weight": 1.0, "ce": 0.009614529088139534, "dataset": "2wikimqa", "example_id": "0f28af9d42a91317615da66202bc015b0ceab11e3e70c8b8c2e01aa28855e01c", "hidden": 0.02448747120797634, "kl": 0.005059329327195883, "loss": 0.010994797572493553, "rank": 5, "sequence_tokens": 1380, "stratum": "domain"}, {"answer_positions": 2, "balance_group": "domain/2wikimqa", "balance_weight": 1.0, "ce": 0.2523317039012909, "dataset": "2wikimqa", "example_id": "d9b0c3a088b32666aaf21394fa2a99cc7848521f6f622eb55b947647f454a927", "hidden": 0.04945725202560425, "kl": 0.4845975637435913, "loss": 0.2930498719215393, "rank": 6, "sequence_tokens": 873, "stratum": "domain"}, {"answer_positions": 2, "balance_group": "domain/2wikimqa", "balance_weight": 1.0, "ce": 0.04964054748415947, "dataset": "2wikimqa", "example_id": "4c1bc1ba5df922c6483795da1e6f85047b97987639b4a2f993dc0c4efd59845f", "hidden": 0.04091387987136841, "kl": 0.020830249413847923, "loss": 0.037811607122421265, "rank": 7, "sequence_tokens": 851, "stratum": "domain"}], "step": 74, "step_gate_recorded": null, "summary": {"by_balance_group": {"domain/2wikimqa": {"answer_positions": 13, "ce": 0.082277353387326, "examples": 4, "hidden": 0.0356269939802587, "kl": 0.12879009277094156, "loss": 0.08922674134373665}, "domain/qasper": {"answer_positions": 98, "ce": 0.7424330301582813, "examples": 4, "hidden": 0.04142752243205905, "kl": 0.09215188212692738, "loss": 0.3746335133910179}}, "example_balanced": true, "overall": {"answer_positions": 111, "ce": 0.41235519177280366, "examples": 8, "hidden": 0.038527258206158876, "kl": 0.11047098744893447, "loss": 0.23193012736737728}, "selection_direction": "min", "selection_metric": "overall.loss", "target_token_weighting_used": false, "weight_sum": 8.0}}
{"global_grad_norm_before_clip": 0.7415897846221924, "learning_rate_used": 8.43565534959769e-06, "next_learning_rate": 8.177644745078525e-06, "rows": [{"answer_positions": 37, "balance_group": "domain/qasper", "balance_weight": 1.0, "ce": 1.569748044013977, "dataset": "qasper", "example_id": "908e363c2379a3c122aeadb7445818af6a19790454cb47b54fc52321d22bbe3b", "hidden": 0.03565245866775513, "kl": 0.14947515726089478, "loss": 0.7658334374427795, "rank": 0, "sequence_tokens": 4096, "stratum": "domain"}, {"answer_positions": 19, "balance_group": "domain/qasper", "balance_weight": 1.0, "ce": 1.9859031438827515, "dataset": "qasper", "example_id": "4e63408c6ca86fe8d922a282684280f31f9f652bab92fb4c881e6aa4bc4ea486", "hidden": 0.021092578768730164, "kl": 0.05885038897395134, "loss": 0.9184725284576416, "rank": 1, "sequence_tokens": 4096, "stratum": "domain"}, {"answer_positions": 43, "balance_group": "domain/qasper", "balance_weight": 1.0, "ce": 0.36366942524909973, "dataset": "qasper", "example_id": "8c4b9cdf331fabe2c675a9951f65aa519d8c28e11e67ebadf557ff4cb1b24dc0", "hidden": 0.04021838679909706, "kl": 0.0563599169254303, "loss": 0.19142088294029236, "rank": 2, "sequence_tokens": 4096, "stratum": "domain"}, {"answer_positions": 4, "balance_group": "domain/qasper", "balance_weight": 1.0, "ce": 0.27725744247436523, "dataset": "qasper", "example_id": "82e21e7a4d85768928ce3ded2ed0cf7eddaf73521d0d40d93170b8e2862a2e27", "hidden": 0.04376383125782013, "kl": 0.08057878166437149, "loss": 0.16172118484973907, "rank": 3, "sequence_tokens": 4096, "stratum": "domain"}, {"answer_positions": 5, "balance_group": "domain/2wikimqa", "balance_weight": 1.0, "ce": 0.09541330486536026, "dataset": "2wikimqa", "example_id": "7c681c51fb8dd020252a2eeb6fc0e54b51ec35758c055ff3b3a073094155f1f2", "hidden": 0.03395277261734009, "kl": 0.04010598734021187, "loss": 0.06376363337039948, "rank": 4, "sequence_tokens": 1787, "stratum": "domain"}, {"answer_positions": 2, "balance_group": "domain/2wikimqa", "balance_weight": 1.0, "ce": 0.42077571153640747, "dataset": "2wikimqa", "example_id": "599892847926049e9ef955235d53a258bf7c3fd67c29d2db9bb65e86d86a9425", "hidden": 0.04819342494010925, "kl": 0.38282522559165955, "loss": 0.3329766094684601, "rank": 5, "sequence_tokens": 1389, "stratum": "domain"}, {"answer_positions": 2, "balance_group": "domain/2wikimqa", "balance_weight": 1.0, "ce": 0.3503563702106476, "dataset": "2wikimqa", "example_id": "4ae5a7aa3188e141d9a0a57cc42f3e4e6781d015fd95b940e91b7d6315fdbcf4", "hidden": 0.05352747440338135, "kl": 0.3796539306640625, "loss": 0.30124473571777344, "rank": 6, "sequence_tokens": 1155, "stratum": "domain"}, {"answer_positions": 7, "balance_group": "domain/2wikimqa", "balance_weight": 1.0, "ce": 0.013706238940358162, "dataset": "2wikimqa", "example_id": "693bf0aeca48bdc54a4e0eaf5d7777296a0f069a7707d1285366127d55154986", "hidden": 0.02717234566807747, "kl": 0.0009331594919785857, "loss": 0.011928882449865341, "rank": 7, "sequence_tokens": 1200, "stratum": "domain"}], "step": 75, "step_gate_recorded": null, "summary": {"by_balance_group": {"domain/2wikimqa": {"answer_positions": 16, "ce": 0.22006290638819337, "examples": 4, "hidden": 0.04071150440722704, "kl": 0.20087957577197812, "loss": 0.17747846525162458}, "domain/qasper": {"answer_positions": 103, "ce": 1.0491445139050484, "examples": 4, "hidden": 0.03518181387335062, "kl": 0.08631606120616198, "loss": 0.5093620084226131}}, "example_balanced": true, "overall": {"answer_positions": 119, "ce": 0.6346037101466209, "examples": 8, "hidden": 0.03794665914028883, "kl": 0.14359781848907005, "loss": 0.34342023683711886}, "selection_direction": "min", "selection_metric": "overall.loss", "target_token_weighting_used": false, "weight_sum": 8.0}}
{"global_grad_norm_before_clip": 0.5933437347412109, "learning_rate_used": 8.177644745078525e-06, "next_learning_rate": 7.92088309182241e-06, "rows": [{"answer_positions": 14, "balance_group": "domain/qasper", "balance_weight": 1.0, "ce": 0.48198309540748596, "dataset": "qasper", "example_id": "e2752e45e0e4e256ccb6fb653d448e619c87541cb243f79de6719d6854635a4c", "hidden": 0.03915683552622795, "kl": 0.027473757043480873, "loss": 0.23433956503868103, "rank": 0, "sequence_tokens": 4096, "stratum": "domain"}, {"answer_positions": 67, "balance_group": "domain/qasper", "balance_weight": 1.0, "ce": 2.08693528175354, "dataset": "qasper", "example_id": "616aabd51a64e9a6449bd0d04603007bcbd2b114de972c73a5f2e14ef878d2a6", "hidden": 0.016771333292126656, "kl": 0.038419418036937714, "loss": 0.9559218883514404, "rank": 1, "sequence_tokens": 2607, "stratum": "domain"}, {"answer_positions": 46, "balance_group": "domain/qasper", "balance_weight": 1.0, "ce": 1.3274574279785156, "dataset": "qasper", "example_id": "203f93a449d582b83ddd60fd27cbc2e007aca00e1e77b96eb84c0f91503ecad1", "hidden": 0.02193901129066944, "kl": 0.02076592482626438, "loss": 0.609011709690094, "rank": 2, "sequence_tokens": 4096, "stratum": "domain"}, {"answer_positions": 29, "balance_group": "domain/qasper", "balance_weight": 1.0, "ce": 0.5392699837684631, "dataset": "qasper", "example_id": "1fed49bd6fabce6dc2413e8ee8e2d5aed02e1fc1bdce16828be3ebda4f8c4ffa", "hidden": 0.02844078093767166, "kl": 0.04420360177755356, "loss": 0.26383090019226074, "rank": 3, "sequence_tokens": 2941, "stratum": "domain"}, {"answer_positions": 6, "balance_group": "domain/2wikimqa", "balance_weight": 1.0, "ce": 0.003408468095585704, "dataset": "2wikimqa", "example_id": "4e9e97aabe86cb8f47efb03bd663a840a754cb4415f75a3bde16c57c52a4d513", "hidden": 0.03623615950345993, "kl": 0.001958828652277589, "loss": 0.009466632269322872, "rank": 4, "sequence_tokens": 673, "stratum": "domain"}, {"answer_positions": 4, "balance_group": "domain/2wikimqa", "balance_weight": 1.0, "ce": 0.013315895572304726, "dataset": "2wikimqa", "example_id": "89ed4949557ced9cedd83804c0e387aa657e4b130f8a5b1e02cd60c6f8aa1378", "hidden": 0.02784954011440277, "kl": 0.05288698896765709, "loss": 0.03007250651717186, "rank": 5, "sequence_tokens": 624, "stratum": "domain"}, {"answer_positions": 7, "balance_group": "domain/2wikimqa", "balance_weight": 1.0, "ce": 0.07641903311014175, "dataset": "2wikimqa", "example_id": "be0f521faef9fda0648a754c01a2f6b9e8a73e4fe0dfdc302b38c41d217530fd", "hidden": 0.028842534869909286, "kl": 0.004419020842760801, "loss": 0.0417037308216095, "rank": 6, "sequence_tokens": 781, "stratum": "domain"}, {"answer_positions": 6, "balance_group": "domain/2wikimqa", "balance_weight": 1.0, "ce": 0.028086861595511436, "dataset": "2wikimqa", "example_id": "a64bf2dc61e26460f86af9828457ce2fc02fec27c549007e165a7f6d9dbd8982", "hidden": 0.02839689515531063, "kl": 0.008377010934054852, "loss": 0.021250419318675995, "rank": 7, "sequence_tokens": 2564, "stratum": "domain"}], "step": 76, "step_gate_recorded": null, "summary": {"by_balance_group": {"domain/2wikimqa": {"answer_positions": 23, "ce": 0.030307564593385905, "examples": 4, "hidden": 0.030331282410770655, "kl": 0.016910462349187583, "loss": 0.025623322231695056}, "domain/qasper": {"answer_positions": 156, "ce": 1.1089114472270012, "examples": 4, "hidden": 0.026576990261673927, "kl": 0.03271567542105913, "loss": 0.515776015818119}}, "example_balanced": true, "overall": {"answer_positions": 179, "ce": 0.5696095059101935, "examples": 8, "hidden": 0.02845413633622229, "kl": 0.024813068885123357, "loss": 0.27069966902490705}, "selection_direction": "min", "selection_metric": "overall.loss", "target_token_weighting_used": false, "weight_sum": 8.0}}
{"global_grad_norm_before_clip": 0.5933202505111694, "learning_rate_used": 7.92088309182241e-06, "next_learning_rate": 7.66554636144095e-06, "rows": [{"answer_positions": 38, "balance_group": "domain/qasper", "balance_weight": 1.0, "ce": 0.22377486526966095, "dataset": "qasper", "example_id": "5972af7335fb9bb53fa3a53ac767d5c21de38dcd8bfc84005523dec0b994f4b0", "hidden": 0.09883807599544525, "kl": 0.3074794113636017, "loss": 0.22808408737182617, "rank": 0, "sequence_tokens": 4096, "stratum": "domain"}, {"answer_positions": 88, "balance_group": "domain/qasper", "balance_weight": 1.0, "ce": 0.06875918805599213, "dataset": "qasper", "example_id": "518549c8689f5070fb39489883df2487afb95ffdf782805cbedc73020c830475", "hidden": 0.03191414475440979, "kl": 0.06897634267807007, "loss": 0.06146618351340294, "rank": 1, "sequence_tokens": 4096, "stratum": "domain"}, {"answer_positions": 12, "balance_group": "domain/qasper", "balance_weight": 1.0, "ce": 0.46731293201446533, "dataset": "qasper", "example_id": "f40bdcff969f001fbf242ff8ac5b841b4275c7bb5ef49b0b79d698ad35b117f9", "hidden": 0.037763580679893494, "kl": 0.0521986149251461, "loss": 0.236113041639328, "rank": 2, "sequence_tokens": 3139, "stratum": "domain"}, {"answer_positions": 2, "balance_group": "domain/qasper", "balance_weight": 1.0, "ce": 0.38626518845558167, "dataset": "qasper", "example_id": "6c31a67ad1b0adb4d94d4b408877b1fff0d69a80b4e11e3299f9250209c97053", "hidden": 0.03627371788024902, "kl": 0.3729665279388428, "loss": 0.3116123676300049, "rank": 3, "sequence_tokens": 2998, "stratum": "domain"}, {"answer_positions": 2, "balance_group": "domain/2wikimqa", "balance_weight": 1.0, "ce": 0.32311075925827026, "dataset": "2wikimqa", "example_id": "55b01f187b14271e06d6efb8440929c8f11bf34d636edd9e89dee432dc4ac7d2", "hidden": 0.055293649435043335, "kl": 0.37785089015960693, "loss": 0.28870636224746704, "rank": 4, "sequence_tokens": 1257, "stratum": "domain"}, {"answer_positions": 9, "balance_group": "domain/2wikimqa", "balance_weight": 1.0, "ce": 0.02655663527548313, "dataset": "2wikimqa", "example_id": "b9a5b1c35552f6b9bcdf1cb3de9666b32dd6bd52c65b921c282e82cb74eb1908", "hidden": 0.026310762390494347, "kl": 0.006347340065985918, "loss": 0.019434208050370216, "rank": 5, "sequence_tokens": 1292, "stratum": "domain"}, {"answer_positions": 2, "balance_group": "domain/2wikimqa", "balance_weight": 1.0, "ce": 0.03868938609957695, "dataset": "2wikimqa", "example_id": "abf9e0fedcd707cf61d13693985c672ea8453a2e4bca31c8afaf3dd1213318ce", "hidden": 0.02809205651283264, "kl": 0.01220131479203701, "loss": 0.027299094945192337, "rank": 6, "sequence_tokens": 1205, "stratum": "domain"}, {"answer_positions": 2, "balance_group": "domain/2wikimqa", "balance_weight": 1.0, "ce": 0.34435850381851196, "dataset": "2wikimqa", "example_id": "6fbd69b9020114a0421f45c20bc2b236215723f65ce54ccde42f7525d880eef8", "hidden": 0.05748414993286133, "kl": 0.3839661180973053, "loss": 0.30084627866744995, "rank": 7, "sequence_tokens": 1152, "stratum": "domain"}], "step": 77, "step_gate_recorded": null, "summary": {"by_balance_group": {"domain/2wikimqa": {"answer_positions": 15, "ce": 0.18317882111296058, "examples": 4, "hidden": 0.04179515456780791, "kl": 0.1950914157787338, "loss": 0.1590714859776199}, "domain/qasper": {"answer_positions": 140, "ce": 0.286528043448925, "examples": 4, "hidden": 0.05119737982749939, "kl": 0.20040522422641516, "loss": 0.2093189200386405}}, "example_balanced": true, "overall": {"answer_positions": 155, "ce": 0.2348534322809428, "examples": 8, "hidden": 0.04649626719765365, "kl": 0.19774832000257447, "loss": 0.1841952030081302}, "selection_direction": "min", "selection_metric": "overall.loss", "target_token_weighting_used": false, "weight_sum": 8.0}}
{"global_grad_norm_before_clip": 0.4337378144264221, "learning_rate_used": 7.66554636144095e-06, "next_learning_rate": 7.411809548974792e-06, "rows": [{"answer_positions": 18, "balance_group": "domain/qasper", "balance_weight": 1.0, "ce": 1.201983094215393, "dataset": "qasper", "example_id": "17705af422c0698dc2c5ef21d072c8f2d6b27cac06fcbbaf4054015936683693", "hidden": 0.04964781552553177, "kl": 0.21429525315761566, "loss": 0.6258252263069153, "rank": 0, "sequence_tokens": 1923, "stratum": "domain"}, {"answer_positions": 18, "balance_group": "domain/qasper", "balance_weight": 1.0, "ce": 0.4766988158226013, "dataset": "qasper", "example_id": "6b55af32cd9ee66f3cf660110d4c19c10d3d1589b4cedb83c1830ee1f90697fb", "hidden": 0.032831236720085144, "kl": 0.04659875109791756, "loss": 0.23739026486873627, "rank": 1, "sequence_tokens": 3809, "stratum": "domain"}, {"answer_positions": 4, "balance_group": "domain/qasper", "balance_weight": 1.0, "ce": 0.02651749551296234, "dataset": "qasper", "example_id": "53553ab4c5aa4001d19bc10f5c143b0f2dd6121622443caa56b7e20365525523", "hidden": 0.034940749406814575, "kl": 0.00836564227938652, "loss": 0.021848997101187706, "rank": 2, "sequence_tokens": 4096, "stratum": "domain"}, {"answer_positions": 7, "balance_group": "domain/qasper", "balance_weight": 1.0, "ce": 0.09919063746929169, "dataset": "qasper", "example_id": "0d0537a27452b5e74128c07d4f37b24fc191a87d8e0205295ba362e7b2f3d299", "hidden": 0.034248754382133484, "kl": 0.02124442718923092, "loss": 0.05892108380794525, "rank": 3, "sequence_tokens": 4096, "stratum": "domain"}, {"answer_positions": 5, "balance_group": "domain/2wikimqa", "balance_weight": 1.0, "ce": 0.0057048313319683075, "dataset": "2wikimqa", "example_id": "10b5c56e7736307fbeab867403a59af7ac0bc3d10c92abfef5cf549ea2a38328", "hidden": 0.031598784029483795, "kl": 0.0018543703481554985, "loss": 0.009535960853099823, "rank": 4, "sequence_tokens": 1215, "stratum": "domain"}, {"answer_positions": 5, "balance_group": "domain/2wikimqa", "balance_weight": 1.0, "ce": 0.053097110241651535, "dataset": "2wikimqa", "example_id": "1f5a0ca4bdf4b75d0897732b77596cb141a2f1aa4c8ed0d5990d07e1ca4e3cb1", "hidden": 0.02805878035724163, "kl": 0.009154155850410461, "loss": 0.032709408551454544, "rank": 5, "sequence_tokens": 1012, "stratum": "domain"}, {"answer_positions": 2, "balance_group": "domain/2wikimqa", "balance_weight": 1.0, "ce": 0.35503172874450684, "dataset": "2wikimqa", "example_id": "4ae5a7aa3188e141d9a0a57cc42f3e4e6781d015fd95b940e91b7d6315fdbcf4", "hidden": 0.054359257221221924, "kl": 0.37958696484565735, "loss": 0.3034915626049042, "rank": 6, "sequence_tokens": 1155, "stratum": "domain"}, {"answer_positions": 8, "balance_group": "domain/2wikimqa", "balance_weight": 1.0, "ce": 0.07455261051654816, "dataset": "2wikimqa", "example_id": "84c5fb8ae263842e626235b4b712d0be9b396492289b6823ebaf2f4286a2f6b7", "hidden": 0.04950214922428131, "kl": 0.05542303994297981, "loss": 0.06284716725349426, "rank": 7, "sequence_tokens": 1549, "stratum": "domain"}], "step": 78, "step_gate_recorded": null, "summary": {"by_balance_group": {"domain/2wikimqa": {"answer_positions": 20, "ce": 0.12209657020866871, "examples": 4, "hidden": 0.040879742708057165, "kl": 0.11150463274680078, "loss": 0.1021460248157382}, "domain/qasper": {"answer_positions": 47, "ce": 0.4510975107550621, "examples": 4, "hidden": 0.03791713900864124, "kl": 0.07262601843103766, "loss": 0.23599639302119613}}, "example_balanced": true, "overall": {"answer_positions": 67, "ce": 0.2865970404818654, "examples": 8, "hidden": 0.039398440858349204, "kl": 0.09206532558891922, "loss": 0.16907120891846716}, "selection_direction": "min", "selection_metric": "overall.loss", "target_token_weighting_used": false, "weight_sum": 8.0}}
{"global_grad_norm_before_clip": 0.7115247845649719, "learning_rate_used": 7.411809548974792e-06, "next_learning_rate": 7.159846552960774e-06, "rows": [{"answer_positions": 2, "balance_group": "domain/qasper", "balance_weight": 1.0, "ce": 0.4503830373287201, "dataset": "qasper", "example_id": "2f01340714d688b84c8f44cf07a2c09d247163e6be32912d463a57e7fa50f79e", "hidden": 0.04385915398597717, "kl": 0.47562381625175476, "loss": 0.3779125213623047, "rank": 0, "sequence_tokens": 4096, "stratum": "domain"}, {"answer_positions": 56, "balance_group": "domain/qasper", "balance_weight": 1.0, "ce": 0.4792852997779846, "dataset": "qasper", "example_id": "03556c5fc2059380890f2c9aa34634c4aebffc7c097c697461dfcef80522768e", "hidden": 0.025101760402321815, "kl": 0.04218121990561485, "loss": 0.23546215891838074, "rank": 1, "sequence_tokens": 4096, "stratum": "domain"}, {"answer_positions": 2, "balance_group": "domain/qasper", "balance_weight": 1.0, "ce": 0.664165198802948, "dataset": "qasper", "example_id": "1656ad1e151fb96c350a1428700f4de900ec447dabab85db6115e330a0b53864", "hidden": 0.032669663429260254, "kl": 0.2818319797515869, "loss": 0.40404942631721497, "rank": 2, "sequence_tokens": 4096, "stratum": "domain"}, {"answer_positions": 20, "balance_group": "domain/qasper", "balance_weight": 1.0, "ce": 2.57474684715271, "dataset": "qasper", "example_id": "94176142ac22f64926a2b2dbd379da93584e65159e23b007f152e9aedb3f5968", "hidden": 0.04544762521982193, "kl": 0.15379905700683594, "loss": 1.221555233001709, "rank": 3, "sequence_tokens": 4096, "stratum": "domain"}, {"answer_positions": 4, "balance_group": "domain/2wikimqa", "balance_weight": 1.0, "ce": 0.012004640884697437, "dataset": "2wikimqa", "example_id": "89ed4949557ced9cedd83804c0e387aa657e4b130f8a5b1e02cd60c6f8aa1378", "hidden": 0.028773710131645203, "kl": 0.05845469981431961, "loss": 0.0316159762442112, "rank": 4, "sequence_tokens": 624, "stratum": "domain"}, {"answer_positions": 2, "balance_group": "domain/2wikimqa", "balance_weight": 1.0, "ce": 0.24720288813114166, "dataset": "2wikimqa", "example_id": "ca01ca57e34a13506dc360ef849c27552d4e05d72ee765c27afd2711a312c6c4", "hidden": 0.05121731758117676, "kl": 0.46341708302497864, "loss": 0.2836807370185852, "rank": 5, "sequence_tokens": 1156, "stratum": "domain"}, {"answer_positions": 2, "balance_group": "domain/2wikimqa", "balance_weight": 1.0, "ce": 0.05301707983016968, "dataset": "2wikimqa", "example_id": "4f47a03a01f79eda37c9761a4546cd336d8b1ddf650eadea8750c5be00ae5d4b", "hidden": 0.031073957681655884, "kl": 0.03566785901784897, "loss": 0.04255622625350952, "rank": 6, "sequence_tokens": 790, "stratum": "domain"}, {"answer_positions": 2, "balance_group": "domain/2wikimqa", "balance_weight": 1.0, "ce": 0.2430974841117859, "dataset": "2wikimqa", "example_id": "ee02e4f716c226e1e42bc3f7576f94d19e64af939683d5627d209fe7bc7a767d", "hidden": 0.04794281721115112, "kl": 0.47749149799346924, "loss": 0.2861044704914093, "rank": 7, "sequence_tokens": 834, "stratum": "domain"}], "step": 79, "step_gate_recorded": null, "summary": {"by_balance_group": {"domain/2wikimqa": {"answer_positions": 10, "ce": 0.13883052323944867, "examples": 4, "hidden": 0.03975195065140724, "kl": 0.2587577849626541, "loss": 0.1609893525019288}, "domain/qasper": {"answer_positions": 80, "ce": 1.0421450957655907, "examples": 4, "hidden": 0.03676955075934529, "kl": 0.23835901822894812, "loss": 0.5597448348999023}}, "example_balanced": true, "overall": {"answer_positions": 90, "ce": 0.5904878095025197, "examples": 8, "hidden": 0.03826075070537627, "kl": 0.24855840159580112, "loss": 0.3603670937009156}, "selection_direction": "min", "selection_metric": "overall.loss", "target_token_weighting_used": false, "weight_sum": 8.0}}
{"global_grad_norm_before_clip": 0.8068811893463135, "learning_rate_used": 7.159846552960774e-06, "next_learning_rate": 6.909830056250527e-06, "rows": [{"answer_positions": 14, "balance_group": "domain/qasper", "balance_weight": 1.0, "ce": 0.2760436236858368, "dataset": "qasper", "example_id": "0d6ac64cec0675e97885811158b45b64e61dfd45db11523a55d151098eb38dcf", "hidden": 0.047590579837560654, "kl": 0.05355961620807648, "loss": 0.15248361229896545, "rank": 0, "sequence_tokens": 4096, "stratum": "domain"}, {"answer_positions": 4, "balance_group": "domain/qasper", "balance_weight": 1.0, "ce": 0.07490601390600204, "dataset": "qasper", "example_id": "efa48118f7938d90bb2dc97ee6fd733c5ea56b5954fa095018bf08ce1022c580", "hidden": 0.0508512407541275, "kl": 0.0428549088537693, "loss": 0.05887717008590698, "rank": 1, "sequence_tokens": 3980, "stratum": "domain"}, {"answer_positions": 7, "balance_group": "domain/qasper", "balance_weight": 1.0, "ce": 0.9155895709991455, "dataset": "qasper", "example_id": "5cff712bad6ddff36cdd1496684d0c2177a8516bbb19fbdcdd0bd9e7a6e88111", "hidden": 0.032525788992643356, "kl": 0.1947719156742096, "loss": 0.48669061064720154, "rank": 2, "sequence_tokens": 4096, "stratum": "domain"}, {"answer_positions": 2, "balance_group": "domain/qasper", "balance_weight": 1.0, "ce": 0.22002601623535156, "dataset": "qasper", "example_id": "6cfcfb891b20c92c10a8e158f0749f086fc059a7cae192c0855a3f6916d42f73", "hidden": 0.0339813232421875, "kl": 0.29346510767936707, "loss": 0.208520770072937, "rank": 3, "sequence_tokens": 4096, "stratum": "domain"}, {"answer_positions": 8, "balance_group": "domain/2wikimqa", "balance_weight": 1.0, "ce": 0.026165608316659927, "dataset": "2wikimqa", "example_id": "712b10223c96adf44a0d0142b59ea2f02375884306bd6384c0ec9232988a9ce2", "hidden": 0.02649848163127899, "kl": 0.001939697889611125, "loss": 0.01775311306118965, "rank": 4, "sequence_tokens": 896, "stratum": "domain"}, {"answer_positions": 11, "balance_group": "domain/2wikimqa", "balance_weight": 1.0, "ce": 0.008533789776265621, "dataset": "2wikimqa", "example_id": "cf5073f6656fc2a40a41a644b59bb3302c3d0f8607922b27ae4e30d673682257", "hidden": 0.03477312996983528, "kl": 0.002374249277636409, "loss": 0.011625818908214569, "rank": 5, "sequence_tokens": 821, "stratum": "domain"}, {"answer_positions": 3, "balance_group": "domain/2wikimqa", "balance_weight": 1.0, "ce": 0.9202102422714233, "dataset": "2wikimqa", "example_id": "bd818c8360ce500668f17bc9f340a43897d0348a48d13096689047b298e17100", "hidden": 0.031729958951473236, "kl": 0.08704962581396103, "loss": 0.45090794563293457, "rank": 6, "sequence_tokens": 1161, "stratum": "domain"}, {"answer_positions": 5, "balance_group": "domain/2wikimqa", "balance_weight": 1.0, "ce": 0.23165450990200043, "dataset": "2wikimqa", "example_id": "6e4b44bad02ebdd21988bfea3a90cd1dc67599a4445b50c91889aac2845a8870", "hidden": 0.028814589604735374, "kl": 0.07155005633831024, "loss": 0.135049968957901, "rank": 7, "sequence_tokens": 1043, "stratum": "domain"}], "step": 80, "step_gate_recorded": null, "summary": {"by_balance_group": {"domain/2wikimqa": {"answer_positions": 27, "ce": 0.29664103756658733, "examples": 4, "hidden": 0.03045404003933072, "kl": 0.0407284073298797, "loss": 0.15383421164005995}, "domain/qasper": {"answer_positions": 27, "ce": 0.371641306206584, "examples": 4, "hidden": 0.04123723320662975, "kl": 0.1461628871038556, "loss": 0.22664304077625275}}, "example_balanced": true, "overall": {"answer_positions": 54, "ce": 0.33414117188658565, "examples": 8, "hidden": 0.03584563662298024, "kl": 0.09344564721686766, "loss": 0.19023862620815635}, "selection_direction": "min", "selection_metric": "overall.loss", "target_token_weighting_used": false, "weight_sum": 8.0}}
{"global_grad_norm_before_clip": 0.8838080763816833, "learning_rate_used": 6.909830056250527e-06, "next_learning_rate": 6.661931407662292e-06, "rows": [{"answer_positions": 4, "balance_group": "domain/qasper", "balance_weight": 1.0, "ce": 0.1698303371667862, "dataset": "qasper", "example_id": "d7ddd6e563027536a30369e53c3a3a6ee869476f3719525da22bba6b1f79d5c1", "hidden": 0.04412396252155304, "kl": 0.15453281998634338, "loss": 0.13933493196964264, "rank": 0, "sequence_tokens": 4096, "stratum": "domain"}, {"answer_positions": 14, "balance_group": "domain/qasper", "balance_weight": 1.0, "ce": 4.6202392578125, "dataset": "qasper", "example_id": "0a121e02184c4764c9bcd47945d796699ecc7d9d1903ade9606eddb1961fdeda", "hidden": 0.034595467150211334, "kl": 0.2790491282939911, "loss": 2.1836938858032227, "rank": 1, "sequence_tokens": 4096, "stratum": "domain"}, {"answer_positions": 18, "balance_group": "domain/qasper", "balance_weight": 1.0, "ce": 0.23320214450359344, "dataset": "qasper", "example_id": "66caf0a21e5de737b4319af41fe68f824c3b46f8e4cf6f6b35fdc90630f0aa46", "hidden": 0.0565001554787159, "kl": 0.04842493310570717, "loss": 0.13318972289562225, "rank": 2, "sequence_tokens": 2251, "stratum": "domain"}, {"answer_positions": 29, "balance_group": "domain/qasper", "balance_weight": 1.0, "ce": 0.3608146011829376, "dataset": "qasper", "example_id": "7fa67550252d088f456f992b73e03e8adfc51068b735887ca341bb87692a3d01", "hidden": 0.040551308542490005, "kl": 0.05885536968708038, "loss": 0.19107620418071747, "rank": 3, "sequence_tokens": 3279, "stratum": "domain"}, {"answer_positions": 2, "balance_group": "domain/2wikimqa", "balance_weight": 1.0, "ce": 0.2752673029899597, "dataset": "2wikimqa", "example_id": "d9b0c3a088b32666aaf21394fa2a99cc7848521f6f622eb55b947647f454a927", "hidden": 0.045634567737579346, "kl": 0.44647353887557983, "loss": 0.28926292061805725, "rank": 4, "sequence_tokens": 873, "stratum": "domain"}, {"answer_positions": 2, "balance_group": "domain/2wikimqa", "balance_weight": 1.0, "ce": 0.266753226518631, "dataset": "2wikimqa", "example_id": "a32dd727f7c5b56cef4e28e01a6a99c19b8e55ccb1fa527d017c3fd9b408c49c", "hidden": 0.06141403317451477, "kl": 0.45324379205703735, "loss": 0.29095709323883057, "rank": 5, "sequence_tokens": 526, "stratum": "domain"}, {"answer_positions": 2, "balance_group": "domain/2wikimqa", "balance_weight": 1.0, "ce": 0.2946259379386902, "dataset": "2wikimqa", "example_id": "af466c05d08f1eb26679fd440521c2d4e1e895f634332c83718bf5a5c93a57e2", "hidden": 0.04203459620475769, "kl": 0.4408673346042633, "loss": 0.2952921390533447, "rank": 6, "sequence_tokens": 1320, "stratum": "domain"}, {"answer_positions": 2, "balance_group": "domain/2wikimqa", "balance_weight": 1.0, "ce": 0.2415001392364502, "dataset": "2wikimqa", "example_id": "3b6a53b392ef8080da180d0aaa3a9d3b7dd607e05ef88211ea5278ef4c2fc9b8", "hidden": 0.04961073398590088, "kl": 0.5144848823547363, "loss": 0.29866689443588257, "rank": 7, "sequence_tokens": 1041, "stratum": "domain"}], "step": 81, "step_gate_recorded": null, "summary": {"by_balance_group": {"domain/2wikimqa": {"answer_positions": 8, "ce": 0.26953665167093277, "examples": 4, "hidden": 0.04967348277568817, "kl": 0.4637673869729042, "loss": 0.2935447618365288}, "domain/qasper": {"answer_positions": 65, "ce": 1.3460215851664543, "examples": 4, "hidden": 0.04394272342324257, "kl": 0.1352155627682805, "loss": 0.6618236862123013}}, "example_balanced": true, "overall": {"answer_positions": 73, "ce": 0.8077791184186935, "examples": 8, "hidden": 0.04680810309946537, "kl": 0.29949147487059236, "loss": 0.477684224024415}, "selection_direction": "min", "selection_metric": "overall.loss", "target_token_weighting_used": false, "weight_sum": 8.0}}
{"global_grad_norm_before_clip": 1.061711072921753, "learning_rate_used": 6.661931407662292e-06, "next_learning_rate": 6.4163205045469975e-06, "rows": [{"answer_positions": 47, "balance_group": "domain/qasper", "balance_weight": 1.0, "ce": 0.47885429859161377, "dataset": "qasper", "example_id": "2dc4441b0bd9fe61e04b09b5d75c8c903f92ca198b048a797aeae30ce9547bc2", "hidden": 0.03902696073055267, "kl": 0.08025933802127838, "loss": 0.2513805627822876, "rank": 0, "sequence_tokens": 4096, "stratum": "domain"}, {"answer_positions": 11, "balance_group": "domain/qasper", "balance_weight": 1.0, "ce": 0.7145786881446838, "dataset": "qasper", "example_id": "d509772c04a9b1c4e9e9f501b90d11ede5a549d2a7efac18a368ffdd1b57ee2b", "hidden": 0.02796568162739277, "kl": 0.09496623277664185, "loss": 0.3603917360305786, "rank": 1, "sequence_tokens": 4096, "stratum": "domain"}, {"answer_positions": 18, "balance_group": "domain/qasper", "balance_weight": 1.0, "ce": 0.7459872364997864, "dataset": "qasper", "example_id": "f895753f28b36a959e6566fff60ccc749e5f70110949dc2e8db590a781b29d9e", "hidden": 0.03476899117231369, "kl": 0.06891576200723648, "loss": 0.36676856875419617, "rank": 2, "sequence_tokens": 4096, "stratum": "domain"}, {"answer_positions": 2, "balance_group": "domain/qasper", "balance_weight": 1.0, "ce": 1.2555676698684692, "dataset": "qasper", "example_id": "cd9d4e430a01b0628698c19e4c20b8fb2cdccab2a8f7d2b96b024bd6e1660712", "hidden": 0.04915091395378113, "kl": 0.5034596920013428, "loss": 0.7510464787483215, "rank": 3, "sequence_tokens": 4096, "stratum": "domain"}, {"answer_positions": 9, "balance_group": "domain/2wikimqa", "balance_weight": 1.0, "ce": 0.0025437071453779936, "dataset": "2wikimqa", "example_id": "44efbb1ef5325843ea486c1c61c2a9566001b88d813344a979f61a7636a98fb7", "hidden": 0.024212142452597618, "kl": 0.001221371698193252, "loss": 0.0064145768992602825, "rank": 4, "sequence_tokens": 864, "stratum": "domain"}, {"answer_positions": 9, "balance_group": "domain/2wikimqa", "balance_weight": 1.0, "ce": 0.007897858507931232, "dataset": "2wikimqa", "example_id": "8dafc01c57cb61d927eed90517d61626c73e153d1f97f04ca7f96f7feb330ee7", "hidden": 0.05992962419986725, "kl": 0.0038114869967103004, "loss": 0.016873981803655624, "rank": 5, "sequence_tokens": 861, "stratum": "domain"}, {"answer_positions": 11, "balance_group": "domain/2wikimqa", "balance_weight": 1.0, "ce": 0.008020833134651184, "dataset": "2wikimqa", "example_id": "655971767bd8ed5450dc632a1c9f0bb743f0702bf836e4db1f7cc3afea61e4de", "hidden": 0.030538516119122505, "kl": 0.00368790072388947, "loss": 0.011007843539118767, "rank": 6, "sequence_tokens": 1148, "stratum": "domain"}, {"answer_positions": 5, "balance_group": "domain/2wikimqa", "balance_weight": 1.0, "ce": 0.07808404415845871, "dataset": "2wikimqa", "example_id": "3cd29f3f7750f3c40a6361eb0e90de78bb628e9b9fd590ad3e09f42161391622", "hidden": 0.03175468370318413, "kl": 0.2464747428894043, "loss": 0.12775491178035736, "rank": 7, "sequence_tokens": 1074, "stratum": "domain"}], "step": 82, "step_gate_recorded": null, "summary": {"by_balance_group": {"domain/2wikimqa": {"answer_positions": 34, "ce": 0.02413661073660478, "examples": 4, "hidden": 0.036608741618692875, "kl": 0.06379887557704933, "loss": 0.04051282850559801}, "domain/qasper": {"answer_positions": 78, "ce": 0.7987469732761383, "examples": 4, "hidden": 0.037728136871010065, "kl": 0.18690025620162487, "loss": 0.432396836578846}}, "example_balanced": true, "overall": {"answer_positions": 112, "ce": 0.41144179200637154, "examples": 8, "hidden": 0.03716843924485147, "kl": 0.1253495658893371, "loss": 0.236454832542222}, "selection_direction": "min", "selection_metric": "overall.loss", "target_token_weighting_used": false, "weight_sum": 8.0}}
{"global_grad_norm_before_clip": 0.6787396669387817, "learning_rate_used": 6.4163205045469975e-06, "next_learning_rate": 6.173165676349103e-06, "rows": [{"answer_positions": 30, "balance_group": "domain/qasper", "balance_weight": 1.0, "ce": 0.6582690477371216, "dataset": "qasper", "example_id": "dab32a526b1d4b7857b943a7090c04bd5b5765c67295f80fc768b72257237ffa", "hidden": 0.044133350253105164, "kl": 0.13043805956840515, "loss": 0.35070106387138367, "rank": 0, "sequence_tokens": 4096, "stratum": "domain"}, {"answer_positions": 2, "balance_group": "domain/qasper", "balance_weight": 1.0, "ce": 0.41375723481178284, "dataset": "qasper", "example_id": "75114c5135385b37214cb6185134f8183ec3d6718db26d46d01ec34a41852b5c", "hidden": 0.033483415842056274, "kl": 0.2593781352043152, "loss": 0.28366976976394653, "rank": 1, "sequence_tokens": 2655, "stratum": "domain"}, {"answer_positions": 3, "balance_group": "domain/qasper", "balance_weight": 1.0, "ce": 0.1299525946378708, "dataset": "qasper", "example_id": "3919301ae52408d9ae2874e6e0365020c0b2e77cfa286d42b950032266cbb854", "hidden": 0.037736814469099045, "kl": 0.08307397365570068, "loss": 0.09510192275047302, "rank": 2, "sequence_tokens": 2339, "stratum": "domain"}, {"answer_positions": 2, "balance_group": "domain/qasper", "balance_weight": 1.0, "ce": 0.3702285587787628, "dataset": "qasper", "example_id": "2a31c1ed49268b48ca43c1fdcafc4aff37165342bcbcf38dd35891192a463e08", "hidden": 0.035047709941864014, "kl": 0.319397896528244, "loss": 0.2854016423225403, "rank": 3, "sequence_tokens": 4096, "stratum": "domain"}, {"answer_positions": 2, "balance_group": "domain/2wikimqa", "balance_weight": 1.0, "ce": 0.33507928252220154, "dataset": "2wikimqa", "example_id": "47e47f359b48bff1f907c2fd8441d5d4a9786c7fcf21547d9cf8e5db2b7f4e05", "hidden": 0.05548331141471863, "kl": 0.376273512840271, "loss": 0.29357805848121643, "rank": 4, "sequence_tokens": 1881, "stratum": "domain"}, {"answer_positions": 9, "balance_group": "domain/2wikimqa", "balance_weight": 1.0, "ce": 0.01010975707322359, "dataset": "2wikimqa", "example_id": "97a746b66f4aba49d4c53564842d8c0510777a3a8114ab475124e18c5c68b0c8", "hidden": 0.03736530989408493, "kl": 0.00346513744443655, "loss": 0.013235250487923622, "rank": 5, "sequence_tokens": 973, "stratum": "domain"}, {"answer_positions": 2, "balance_group": "domain/2wikimqa", "balance_weight": 1.0, "ce": 0.0940457135438919, "dataset": "2wikimqa", "example_id": "a10a30f9510e456a9b589f0c125d1f1463249daff8045e42031d3d0aa58f7c29", "hidden": 0.026970982551574707, "kl": 0.16707003116607666, "loss": 0.10618927329778671, "rank": 6, "sequence_tokens": 601, "stratum": "domain"}, {"answer_positions": 7, "balance_group": "domain/2wikimqa", "balance_weight": 1.0, "ce": 0.17966879904270172, "dataset": "2wikimqa", "example_id": "f46c47769abbd94de9e0910b7dcb015fbed3af2be13ea08442c2ec45dacaa6cc", "hidden": 0.016282295808196068, "kl": 0.011413377709686756, "loss": 0.08810210227966309, "rank": 7, "sequence_tokens": 1206, "stratum": "domain"}], "step": 83, "step_gate_recorded": null, "summary": {"by_balance_group": {"domain/2wikimqa": {"answer_positions": 20, "ce": 0.1547258880455047, "examples": 4, "hidden": 0.03402547491714358, "kl": 0.13955551479011774, "loss": 0.12527617113664746}, "domain/qasper": {"answer_positions": 37, "ce": 0.3930518589913845, "examples": 4, "hidden": 0.037600322626531124, "kl": 0.19807201623916626, "loss": 0.2537185996770859}}, "example_balanced": true, "overall": {"answer_positions": 57, "ce": 0.2738888735184446, "examples": 8, "hidden": 0.035812898771837354, "kl": 0.168813765514642, "loss": 0.18949738540686667}, "selection_direction": "min", "selection_metric": "overall.loss", "target_token_weighting_used": false, "weight_sum": 8.0}}
{"global_grad_norm_before_clip": 1.0232737064361572, "learning_rate_used": 6.173165676349103e-06, "next_learning_rate": 5.932633569242e-06, "rows": [{"answer_positions": 2, "balance_group": "domain/qasper", "balance_weight": 1.0, "ce": 0.5061304569244385, "dataset": "qasper", "example_id": "8c5d0fd43ee212ca38a5b58caad4bebcbce661d0115c42a6fa00c3d40bf36bf6", "hidden": 0.042955219745635986, "kl": 0.49521929025650024, "loss": 0.4096764922142029, "rank": 0, "sequence_tokens": 2719, "stratum": "domain"}, {"answer_positions": 10, "balance_group": "domain/qasper", "balance_weight": 1.0, "ce": 0.6611555218696594, "dataset": "qasper", "example_id": "a73b9954f1751420f3a4b6a25fcd0c54d7d610df9c2733fd02f5362ddb93daa2", "hidden": 0.033330317586660385, "kl": 0.11802686750888824, "loss": 0.34549546241760254, "rank": 1, "sequence_tokens": 3637, "stratum": "domain"}, {"answer_positions": 3, "balance_group": "domain/qasper", "balance_weight": 1.0, "ce": 0.07707037031650543, "dataset": "qasper", "example_id": "24c6d5879d3524db685dc8ea8ccacb731e98d789897f590340041cfdd4c2cfe8", "hidden": 0.030550818890333176, "kl": 0.008488329127430916, "loss": 0.04376274719834328, "rank": 2, "sequence_tokens": 3850, "stratum": "domain"}, {"answer_positions": 4, "balance_group": "domain/qasper", "balance_weight": 1.0, "ce": 0.6483237743377686, "dataset": "qasper", "example_id": "9d5ba14d82fd56524aa01058e80a7df1400c44cece66422bb6630112488d3aa4", "hidden": 0.04350605607032776, "kl": 0.20620957016944885, "loss": 0.37262025475502014, "rank": 3, "sequence_tokens": 2995, "stratum": "domain"}, {"answer_positions": 2, "balance_group": "domain/2wikimqa", "balance_weight": 1.0, "ce": 0.32536211609840393, "dataset": "2wikimqa", "example_id": "58ac37423adc1ff631ad07dc3102929e4ee393eb64f9fd07633036681a3954a4", "hidden": 0.053421586751937866, "kl": 0.4510601758956909, "loss": 0.3149683177471161, "rank": 4, "sequence_tokens": 662, "stratum": "domain"}, {"answer_positions": 7, "balance_group": "domain/2wikimqa", "balance_weight": 1.0, "ce": 0.06688497215509415, "dataset": "2wikimqa", "example_id": "6b4f0b38abf9db0b791d93e2355601b98ad78df054464b28a1bf2aec5deef5b5", "hidden": 0.04451733082532883, "kl": 0.1627967357635498, "loss": 0.09598056226968765, "rank": 5, "sequence_tokens": 746, "stratum": "domain"}, {"answer_positions": 11, "balance_group": "domain/2wikimqa", "balance_weight": 1.0, "ce": 0.004932280629873276, "dataset": "2wikimqa", "example_id": "6e332e00cd1e76fe4024f9d4437a0b669257a18cdf35a8166fd4a906fd8e630b", "hidden": 0.026682469993829727, "kl": 0.0018714267062023282, "loss": 0.00821102038025856, "rank": 6, "sequence_tokens": 842, "stratum": "domain"}, {"answer_positions": 7, "balance_group": "domain/2wikimqa", "balance_weight": 1.0, "ce": 0.015003909356892109, "dataset": "2wikimqa", "example_id": "693bf0aeca48bdc54a4e0eaf5d7777296a0f069a7707d1285366127d55154986", "hidden": 0.0267932265996933, "kl": 0.001099723274819553, "loss": 0.012495307251811028, "rank": 7, "sequence_tokens": 1200, "stratum": "domain"}], "step": 84, "step_gate_recorded": null, "summary": {"by_balance_group": {"domain/2wikimqa": {"answer_positions": 27, "ce": 0.10304581956006587, "examples": 4, "hidden": 0.03785365354269743, "kl": 0.15420701541006565, "loss": 0.10791380191221833}, "domain/qasper": {"answer_positions": 19, "ce": 0.47317003086209297, "examples": 4, "hidden": 0.037585603073239326, "kl": 0.20698601426556706, "loss": 0.2928887391462922}}, "example_balanced": true, "overall": {"answer_positions": 46, "ce": 0.2881079252110794, "examples": 8, "hidden": 0.03771962830796838, "kl": 0.18059651483781636, "loss": 0.20040127052925527}, "selection_direction": "min", "selection_metric": "overall.loss", "target_token_weighting_used": false, "weight_sum": 8.0}}
{"global_grad_norm_before_clip": 0.5996885299682617, "learning_rate_used": 5.932633569242e-06, "next_learning_rate": 5.694889031917047e-06, "rows": [{"answer_positions": 2, "balance_group": "domain/qasper", "balance_weight": 1.0, "ce": 0.20342250168323517, "dataset": "qasper", "example_id": "8a5f8a489e56e6c7d927d634e8762ae752aca6c6631881046fae59060226b0b3", "hidden": 0.03597205877304077, "kl": 0.3456299602985382, "loss": 0.2197050303220749, "rank": 0, "sequence_tokens": 4096, "stratum": "domain"}, {"answer_positions": 18, "balance_group": "domain/qasper", "balance_weight": 1.0, "ce": 2.0311977863311768, "dataset": "qasper", "example_id": "04f991f7bb85bfa5a7a28e4711e175fd883df6af3a2b884541e5d7f14f019560", "hidden": 0.021724412217736244, "kl": 0.0636596530675888, "loss": 0.9406647086143494, "rank": 1, "sequence_tokens": 4096, "stratum": "domain"}, {"answer_positions": 6, "balance_group": "domain/qasper", "balance_weight": 1.0, "ce": 0.2168245166540146, "dataset": "qasper", "example_id": "437adec5ed58c38f2b4f31f3cb809133a196d6235f1ba5e8e315a5307f41c6b3", "hidden": 0.033822380006313324, "kl": 0.0681137889623642, "loss": 0.12817533314228058, "rank": 2, "sequence_tokens": 4096, "stratum": "domain"}, {"answer_positions": 20, "balance_group": "domain/qasper", "balance_weight": 1.0, "ce": 2.4786183834075928, "dataset": "qasper", "example_id": "edf29c4986611344a441900f6f47ed41b368006fa3af616e5e2bc519a99f2ed4", "hidden": 0.03196936100721359, "kl": 0.14153121411800385, "loss": 1.1713080406188965, "rank": 3, "sequence_tokens": 3370, "stratum": "domain"}, {"answer_positions": 2, "balance_group": "domain/2wikimqa", "balance_weight": 1.0, "ce": 0.24228064715862274, "dataset": "2wikimqa", "example_id": "89261f95472dca3fbef92057d9140c6b67634dac278cbb3746fbfdabd80ed350", "hidden": 0.04003816843032837, "kl": 0.4773513078689575, "loss": 0.28410688042640686, "rank": 4, "sequence_tokens": 942, "stratum": "domain"}, {"answer_positions": 6, "balance_group": "domain/2wikimqa", "balance_weight": 1.0, "ce": 0.0028425920754671097, "dataset": "2wikimqa", "example_id": "4e9e97aabe86cb8f47efb03bd663a840a754cb4415f75a3bde16c57c52a4d513", "hidden": 0.032803893089294434, "kl": 0.00156691437587142, "loss": 0.008388364687561989, "rank": 5, "sequence_tokens": 673, "stratum": "domain"}, {"answer_positions": 5, "balance_group": "domain/2wikimqa", "balance_weight": 1.0, "ce": 0.09271695464849472, "dataset": "2wikimqa", "example_id": "1ba5a2414f96bd71155d05c59cce962099673e8da907f443f38868e140ca61e0", "hidden": 0.02120121754705906, "kl": 0.002100901445373893, "loss": 0.0466981902718544, "rank": 6, "sequence_tokens": 1046, "stratum": "domain"}, {"answer_positions": 3, "balance_group": "domain/2wikimqa", "balance_weight": 1.0, "ce": 0.33235377073287964, "dataset": "2wikimqa", "example_id": "f2d11b838025bb6a2dcbcc21779d7bd1e6224097f0273d5bce06dba89399cef5", "hidden": 0.033059120178222656, "kl": 0.1417127251625061, "loss": 0.20577047765254974, "rank": 7, "sequence_tokens": 1096, "stratum": "domain"}], "step": 85, "step_gate_recorded": null, "summary": {"by_balance_group": {"domain/2wikimqa": {"answer_positions": 16, "ce": 0.16754849115386605, "examples": 4, "hidden": 0.03177559981122613, "kl": 0.15568296221317723, "loss": 0.13624097825959325}, "domain/qasper": {"answer_positions": 46, "ce": 1.2325157970190048, "examples": 4, "hidden": 0.030872053001075983, "kl": 0.15473365411162376, "loss": 0.6149632781744003}}, "example_balanced": true, "overall": {"answer_positions": 62, "ce": 0.7000321440864354, "examples": 8, "hidden": 0.031323826406151056, "kl": 0.1552083081624005, "loss": 0.3756021282169968}, "selection_direction": "min", "selection_metric": "overall.loss", "target_token_weighting_used": false, "weight_sum": 8.0}}
{"global_grad_norm_before_clip": 0.8622767925262451, "learning_rate_used": 5.694889031917047e-06, "next_learning_rate": 5.460095002604533e-06, "rows": [{"answer_positions": 30, "balance_group": "domain/qasper", "balance_weight": 1.0, "ce": 0.5827597379684448, "dataset": "qasper", "example_id": "38155e2eebf67ec1317669a93f87aaad4e08993dfe676b740fd483f97f2ccc91", "hidden": 0.030483609065413475, "kl": 0.05006276071071625, "loss": 0.2858605682849884, "rank": 0, "sequence_tokens": 4096, "stratum": "domain"}, {"answer_positions": 4, "balance_group": "domain/qasper", "balance_weight": 1.0, "ce": 0.13602793216705322, "dataset": "qasper", "example_id": "90c0c57d2564517aa75d019f2f34f485b89e42668b7738c63292fe647d9dd708", "hidden": 0.03801602125167847, "kl": 0.045222457498311996, "loss": 0.0846436396241188, "rank": 1, "sequence_tokens": 4096, "stratum": "domain"}, {"answer_positions": 4, "balance_group": "domain/qasper", "balance_weight": 1.0, "ce": 0.35225579142570496, "dataset": "qasper", "example_id": "1ccac58eea036c78711cf0c945cbe8072dbe2908d21be1151f2714a18b166760", "hidden": 0.04170680046081543, "kl": 0.15560342371463776, "loss": 0.22131764888763428, "rank": 2, "sequence_tokens": 4023, "stratum": "domain"}, {"answer_positions": 2, "balance_group": "domain/qasper", "balance_weight": 1.0, "ce": 0.1527940034866333, "dataset": "qasper", "example_id": "9916619f8607837d24500cc35b0bba5d8a8047f8a986116b20e243687afae98e", "hidden": 0.02778923511505127, "kl": 0.1638951450586319, "loss": 0.13167844712734222, "rank": 3, "sequence_tokens": 2415, "stratum": "domain"}, {"answer_positions": 6, "balance_group": "domain/2wikimqa", "balance_weight": 1.0, "ce": 0.004445943981409073, "dataset": "2wikimqa", "example_id": "b955d81473c4ba59adc0f0797425eb1dc7cf2ba5848c4127e0104bc30b1cc7c9", "hidden": 0.032344233244657516, "kl": 0.0016852805856615305, "loss": 0.009059369564056396, "rank": 4, "sequence_tokens": 718, "stratum": "domain"}, {"answer_positions": 5, "balance_group": "domain/2wikimqa", "balance_weight": 1.0, "ce": 0.17381279170513153, "dataset": "2wikimqa", "example_id": "40a94733e3de2e910238a7845219060cf6fb7b73e0d65e9939ef53deba8b58b4", "hidden": 0.02594318427145481, "kl": 0.007423310074955225, "loss": 0.08600255101919174, "rank": 5, "sequence_tokens": 784, "stratum": "domain"}, {"answer_positions": 2, "balance_group": "domain/2wikimqa", "balance_weight": 1.0, "ce": 0.383575439453125, "dataset": "2wikimqa", "example_id": "55b01f187b14271e06d6efb8440929c8f11bf34d636edd9e89dee432dc4ac7d2", "hidden": 0.05191850662231445, "kl": 0.31481125950813293, "loss": 0.2931765615940094, "rank": 6, "sequence_tokens": 1257, "stratum": "domain"}, {"answer_positions": 5, "balance_group": "domain/2wikimqa", "balance_weight": 1.0, "ce": 0.16403551399707794, "dataset": "2wikimqa", "example_id": "6964a26b72903b32c757238d00e1a7dccff4fb418fdbea217ccc0b31e552eba9", "hidden": 0.026260649785399437, "kl": 0.10501307249069214, "loss": 0.1158226802945137, "rank": 7, "sequence_tokens": 1577, "stratum": "domain"}], "step": 86, "step_gate_recorded": null, "summary": {"by_balance_group": {"domain/2wikimqa": {"answer_positions": 18, "ce": 0.1814674222841859, "examples": 4, "hidden": 0.034116643480956554, "kl": 0.10723323066486046, "loss": 0.1260152906179428}, "domain/qasper": {"answer_positions": 40, "ce": 0.3059593662619591, "examples": 4, "hidden": 0.03449891647323966, "kl": 0.10369594674557447, "loss": 0.18087507598102093}}, "example_balanced": true, "overall": {"answer_positions": 58, "ce": 0.24371339427307248, "examples": 8, "hidden": 0.03430777997709811, "kl": 0.10546458870521747, "loss": 0.15344518329948187}, "selection_direction": "min", "selection_metric": "overall.loss", "target_token_weighting_used": false, "weight_sum": 8.0}}
{"global_grad_norm_before_clip": 0.7862739562988281, "learning_rate_used": 5.460095002604533e-06, "next_learning_rate": 5.228412397403916e-06, "rows": [{"answer_positions": 26, "balance_group": "domain/qasper", "balance_weight": 1.0, "ce": 1.0857248306274414, "dataset": "qasper", "example_id": "74c357bc5a361043f4f1278f56cd8e3e02238ad7bc24a0a42aa71561818ef697", "hidden": 0.03533093258738518, "kl": 0.07228852808475494, "loss": 0.5209433436393738, "rank": 0, "sequence_tokens": 4034, "stratum": "domain"}, {"answer_positions": 62, "balance_group": "domain/qasper", "balance_weight": 1.0, "ce": 0.26922082901000977, "dataset": "qasper", "example_id": "9e292fd4034dcf2bcb1b02b75204772737d453b1d1318746c2321a89a4f1e619", "hidden": 0.03968711942434311, "kl": 0.046986646950244904, "loss": 0.14553213119506836, "rank": 1, "sequence_tokens": 4096, "stratum": "domain"}, {"answer_positions": 4, "balance_group": "domain/qasper", "balance_weight": 1.0, "ce": 1.6013624668121338, "dataset": "qasper", "example_id": "87d800b7c46b0024590fef74fd4e43cf3a6fa1c96ca68de30a362e37eab50ca9", "hidden": 0.03410996496677399, "kl": 0.10457616299390793, "loss": 0.7640367150306702, "rank": 2, "sequence_tokens": 1835, "stratum": "domain"}, {"answer_positions": 3, "balance_group": "domain/qasper", "balance_weight": 1.0, "ce": 0.01809975504875183, "dataset": "qasper", "example_id": "047c00195c99b844896dff0333254f777a9eb6febe9cc470dc7cd6c39a077239", "hidden": 0.043170612305402756, "kl": 0.01185210607945919, "loss": 0.020927250385284424, "rank": 3, "sequence_tokens": 4096, "stratum": "domain"}, {"answer_positions": 6, "balance_group": "domain/2wikimqa", "balance_weight": 1.0, "ce": 0.046973805874586105, "dataset": "2wikimqa", "example_id": "95c5e6572ab3dd80ecd26eda56fe9668438b0208ba8c45f894602f9ee69b92af", "hidden": 0.028076093643903732, "kl": 0.032991327345371246, "loss": 0.038300395011901855, "rank": 4, "sequence_tokens": 1252, "stratum": "domain"}, {"answer_positions": 2, "balance_group": "domain/2wikimqa", "balance_weight": 1.0, "ce": 0.26129278540611267, "dataset": "2wikimqa", "example_id": "17f34348d3cd39be7d46cb6183ee8cb2ca13f571071623a430a9f3035be54f7e", "hidden": 0.048334747552871704, "kl": 0.4846344590187073, "loss": 0.29687076807022095, "rank": 5, "sequence_tokens": 871, "stratum": "domain"}, {"answer_positions": 11, "balance_group": "domain/2wikimqa", "balance_weight": 1.0, "ce": 0.003244405845180154, "dataset": "2wikimqa", "example_id": "62928c0125dbbc17ea45ed907b714512336a2d99cdef8540f1c9feaac94610f4", "hidden": 0.02711382880806923, "kl": 0.0020529688335955143, "loss": 0.007601287215948105, "rank": 6, "sequence_tokens": 1338, "stratum": "domain"}, {"answer_positions": 2, "balance_group": "domain/2wikimqa", "balance_weight": 1.0, "ce": 0.44278398156166077, "dataset": "2wikimqa", "example_id": "1b0fd9588d649a7a3c4d1a67f3ce0e7269413d267c870b23ce5c4cbd748876ac", "hidden": 0.05435377359390259, "kl": 0.7054810523986816, "loss": 0.4570419192314148, "rank": 7, "sequence_tokens": 1114, "stratum": "domain"}], "step": 87, "step_gate_recorded": null, "summary": {"by_balance_group": {"domain/2wikimqa": {"answer_positions": 21, "ce": 0.18857374467188492, "examples": 4, "hidden": 0.03946961089968681, "kl": 0.3062899518990889, "loss": 0.19995359238237143}, "domain/qasper": {"answer_positions": 95, "ce": 0.7436019703745842, "examples": 4, "hidden": 0.03807465732097626, "kl": 0.05892586102709174, "loss": 0.3628598600625992}}, "example_balanced": true, "overall": {"answer_positions": 116, "ce": 0.46608785752323456, "examples": 8, "hidden": 0.038772134110331535, "kl": 0.18260790646309033, "loss": 0.2814067262224853}, "selection_direction": "min", "selection_metric": "overall.loss", "target_token_weighting_used": false, "weight_sum": 8.0}}
{"global_grad_norm_before_clip": 0.8530285954475403, "learning_rate_used": 5.228412397403916e-06, "next_learning_rate": 5.000000000000003e-06, "rows": [{"answer_positions": 2, "balance_group": "domain/qasper", "balance_weight": 1.0, "ce": 0.42096567153930664, "dataset": "qasper", "example_id": "a5d7dd59822ee65c8d6a65b58cac497a055941120ce068ba52fecbeeaa142ea5", "hidden": 0.02767851948738098, "kl": 0.19126741588115692, "loss": 0.26191383600234985, "rank": 0, "sequence_tokens": 4096, "stratum": "domain"}, {"answer_positions": 36, "balance_group": "domain/qasper", "balance_weight": 1.0, "ce": 0.9653340578079224, "dataset": "qasper", "example_id": "c5f3c7e04cc3a0de9f513a42fc062d32948a3e708ab0e4bf0716aef79eaf746a", "hidden": 0.028302868828177452, "kl": 0.03858653083443642, "loss": 0.45356616377830505, "rank": 1, "sequence_tokens": 1836, "stratum": "domain"}, {"answer_positions": 18, "balance_group": "domain/qasper", "balance_weight": 1.0, "ce": 1.5806154012680054, "dataset": "qasper", "example_id": "bbf83080e80ff42c5a68e8a580bf9d669a6397de3ae494e6d73abc090421a7e5", "hidden": 0.04454658553004265, "kl": 0.1936543583869934, "loss": 0.7879652380943298, "rank": 2, "sequence_tokens": 3238, "stratum": "domain"}, {"answer_positions": 4, "balance_group": "domain/qasper", "balance_weight": 1.0, "ce": 0.4164995849132538, "dataset": "qasper", "example_id": "3f382be4220f1e84303a53f2d344c0d64ecd03e76bed7e9f3ddf5ba3469ef699", "hidden": 0.04525682330131531, "kl": 0.1199812963604927, "loss": 0.23846963047981262, "rank": 3, "sequence_tokens": 4059, "stratum": "domain"}, {"answer_positions": 2, "balance_group": "domain/2wikimqa", "balance_weight": 1.0, "ce": 0.2486514449119568, "dataset": "2wikimqa", "example_id": "68a3fe932559464be4ec89f6a832b54dc2d462d21a43dc1cdcef1a8254826d11", "hidden": 0.045472294092178345, "kl": 0.4816056787967682, "loss": 0.2895495593547821, "rank": 4, "sequence_tokens": 906, "stratum": "domain"}, {"answer_positions": 6, "balance_group": "domain/2wikimqa", "balance_weight": 1.0, "ce": 0.1482955366373062, "dataset": "2wikimqa", "example_id": "8e8db273419300bb0339d16b8fc15c33da6b8029578c15477976a9baa00e0d4e", "hidden": 0.028525155037641525, "kl": 0.08528786897659302, "loss": 0.10228876769542694, "rank": 5, "sequence_tokens": 799, "stratum": "domain"}, {"answer_positions": 2, "balance_group": "domain/2wikimqa", "balance_weight": 1.0, "ce": 0.29508519172668457, "dataset": "2wikimqa", "example_id": "cb1294e8c085c02306ca3ce27134fad2d8caf940f28c2bcbeb037a803cc10a35", "hidden": 0.04522630572319031, "kl": 0.40497809648513794, "loss": 0.2835759222507477, "rank": 6, "sequence_tokens": 1228, "stratum": "domain"}, {"answer_positions": 5, "balance_group": "domain/2wikimqa", "balance_weight": 1.0, "ce": 0.22274242341518402, "dataset": "2wikimqa", "example_id": "038ec805d88f92abe4d1956cb2675de84723e524cfccbeb827c2d3d6ec49c24a", "hidden": 0.020183181390166283, "kl": 0.05052364990115166, "loss": 0.12195400148630142, "rank": 7, "sequence_tokens": 727, "stratum": "domain"}], "step": 88, "step_gate_recorded": null, "summary": {"by_balance_group": {"domain/2wikimqa": {"answer_positions": 15, "ce": 0.2286936491727829, "examples": 4, "hidden": 0.034851734060794115, "kl": 0.2555988235399127, "loss": 0.19934206269681454}, "domain/qasper": {"answer_positions": 60, "ce": 0.845853678882122, "examples": 4, "hidden": 0.0364461992867291, "kl": 0.13587240036576986, "loss": 0.43547871708869934}}, "example_balanced": true, "overall": {"answer_positions": 75, "ce": 0.5372736640274525, "examples": 8, "hidden": 0.035648966673761606, "kl": 0.19573561195284128, "loss": 0.31741038989275694}, "selection_direction": "min", "selection_metric": "overall.loss", "target_token_weighting_used": false, "weight_sum": 8.0}}
{"global_grad_norm_before_clip": 0.951196551322937, "learning_rate_used": 5.000000000000003e-06, "next_learning_rate": 4.775014352840512e-06, "rows": [{"answer_positions": 19, "balance_group": "domain/qasper", "balance_weight": 1.0, "ce": 0.5203268527984619, "dataset": "qasper", "example_id": "a4effe534ddf5ab3bf8931f75e1f75db2bfd73201a95ea738f2bff71b5398944", "hidden": 0.03306848928332329, "kl": 0.05939200147986412, "loss": 0.2615479826927185, "rank": 0, "sequence_tokens": 2992, "stratum": "domain"}, {"answer_positions": 36, "balance_group": "domain/qasper", "balance_weight": 1.0, "ce": 1.5746818780899048, "dataset": "qasper", "example_id": "8e0354f8c093a016555058ddd31431b9259426f2aa213a6f43491fda429f9463", "hidden": 0.02771640755236149, "kl": 0.08336140960454941, "loss": 0.7433266043663025, "rank": 1, "sequence_tokens": 4096, "stratum": "domain"}, {"answer_positions": 11, "balance_group": "domain/qasper", "balance_weight": 1.0, "ce": 0.24078872799873352, "dataset": "qasper", "example_id": "fd8863f3fdcc1a2c6fcd24b462e642d8cb8b4cc959c45b0930d63433b6bcbd95", "hidden": 0.0281508956104517, "kl": 0.07362333685159683, "loss": 0.13975326716899872, "rank": 2, "sequence_tokens": 4096, "stratum": "domain"}, {"answer_positions": 4, "balance_group": "domain/qasper", "balance_weight": 1.0, "ce": 0.2814398407936096, "dataset": "qasper", "example_id": "92bb67207ad7280781f8b22eba3af6a3ca1432528b8f83611834fe69c91bddd6", "hidden": 0.04391375184059143, "kl": 0.13023658096790314, "loss": 0.18101346492767334, "rank": 3, "sequence_tokens": 4096, "stratum": "domain"}, {"answer_positions": 11, "balance_group": "domain/2wikimqa", "balance_weight": 1.0, "ce": 0.002020664047449827, "dataset": "2wikimqa", "example_id": "1d88d97b68e10c99d61339198427898ca5f21c50047ce9c1c54a4c072a433686", "hidden": 0.03839438781142235, "kl": 0.0010680651757866144, "loss": 0.008961998857557774, "rank": 4, "sequence_tokens": 1155, "stratum": "domain"}, {"answer_positions": 6, "balance_group": "domain/2wikimqa", "balance_weight": 1.0, "ce": 0.019767915830016136, "dataset": "2wikimqa", "example_id": "a64bf2dc61e26460f86af9828457ce2fc02fec27c549007e165a7f6d9dbd8982", "hidden": 0.025814861059188843, "kl": 0.004719830118119717, "loss": 0.01571047492325306, "rank": 5, "sequence_tokens": 2564, "stratum": "domain"}, {"answer_positions": 5, "balance_group": "domain/2wikimqa", "balance_weight": 1.0, "ce": 0.13103677332401276, "dataset": "2wikimqa", "example_id": "8d8f3135b3e8123f9f360653ecccc9bab1c2b86a9cc4a12c70d3aa1737ea5b59", "hidden": 0.03741732984781265, "kl": 0.3683437705039978, "loss": 0.19537033140659332, "rank": 6, "sequence_tokens": 1164, "stratum": "domain"}, {"answer_positions": 9, "balance_group": "domain/2wikimqa", "balance_weight": 1.0, "ce": 0.0027920976281166077, "dataset": "2wikimqa", "example_id": "ed2659bb4e651b479a51184bee3f8fb908a25cf90dffa87d889783e7abbdcb02", "hidden": 0.026106297969818115, "kl": 0.0032966025173664093, "loss": 0.007631514687091112, "rank": 7, "sequence_tokens": 943, "stratum": "domain"}], "step": 89, "step_gate_recorded": null, "summary": {"by_balance_group": {"domain/2wikimqa": {"answer_positions": 31, "ce": 0.03890436270739883, "examples": 4, "hidden": 0.03193321917206049, "kl": 0.09435706707881764, "loss": 0.05691857996862382}, "domain/qasper": {"answer_positions": 70, "ce": 0.6543093249201775, "examples": 4, "hidden": 0.033212386071681976, "kl": 0.08665333222597837, "loss": 0.33141032978892326}}, "example_balanced": true, "overall": {"answer_positions": 101, "ce": 0.34660684381378815, "examples": 8, "hidden": 0.03257280262187123, "kl": 0.090505199652398, "loss": 0.19416445487877354}, "selection_direction": "min", "selection_metric": "overall.loss", "target_token_weighting_used": false, "weight_sum": 8.0}}
{"global_grad_norm_before_clip": 0.6171556711196899, "learning_rate_used": 4.775014352840512e-06, "next_learning_rate": 4.5536096498497295e-06, "rows": [{"answer_positions": 10, "balance_group": "domain/qasper", "balance_weight": 1.0, "ce": 0.6455569267272949, "dataset": "qasper", "example_id": "d7b3dc6954a6b192a35aaf0bd1a96d546e325c0b2eb12534c4381c6fd1f4e23f", "hidden": 0.05003628134727478, "kl": 0.16924427449703217, "loss": 0.3597433567047119, "rank": 0, "sequence_tokens": 4096, "stratum": "domain"}, {"answer_positions": 42, "balance_group": "domain/qasper", "balance_weight": 1.0, "ce": 1.6173909902572632, "dataset": "qasper", "example_id": "d7cec8112e6c43963e5865799f5cb0dfe3d23ae53dbbf39268c6229ffaed6ec3", "hidden": 0.026152323931455612, "kl": 0.1286775916814804, "loss": 0.7780935764312744, "rank": 1, "sequence_tokens": 4096, "stratum": "domain"}, {"answer_positions": 4, "balance_group": "domain/qasper", "balance_weight": 1.0, "ce": 0.07879682630300522, "dataset": "qasper", "example_id": "2df5513fa4e8bbc25b864e92a1feb83940b9b8235635d4b36122b2e0d8dd17e6", "hidden": 0.044055476784706116, "kl": 0.034482963383197784, "loss": 0.056338705122470856, "rank": 2, "sequence_tokens": 4096, "stratum": "domain"}, {"answer_positions": 2, "balance_group": "domain/qasper", "balance_weight": 1.0, "ce": 0.32289597392082214, "dataset": "qasper", "example_id": "e1ab7e657632b3bfd1f78d00b6891b8f789ed3b8393de2a8b324e0b18a728d71", "hidden": 0.034700870513916016, "kl": 0.4224390387535095, "loss": 0.3000970482826233, "rank": 3, "sequence_tokens": 4096, "stratum": "domain"}, {"answer_positions": 2, "balance_group": "domain/2wikimqa", "balance_weight": 1.0, "ce": 0.3575931489467621, "dataset": "2wikimqa", "example_id": "50a829d1315637e7f4b2c88d5fd56cdb255051b2808df71b50e3878b883f7379", "hidden": 0.04903852939605713, "kl": 0.34427255392074585, "loss": 0.2912200093269348, "rank": 4, "sequence_tokens": 847, "stratum": "domain"}, {"answer_positions": 2, "balance_group": "domain/2wikimqa", "balance_weight": 1.0, "ce": 0.32141953706741333, "dataset": "2wikimqa", "example_id": "633d0bf58c1dcc940ca9e431137e0246c29254ebf4b42985370ae7e5d978726b", "hidden": 0.04940488934516907, "kl": 0.47999486327171326, "loss": 0.3225179612636566, "rank": 5, "sequence_tokens": 1681, "stratum": "domain"}, {"answer_positions": 2, "balance_group": "domain/2wikimqa", "balance_weight": 1.0, "ce": 0.32113513350486755, "dataset": "2wikimqa", "example_id": "5c2b6f9c7ad4a28f89ce8e68c665110ddc254b51a87923d9a4b6a0126648cb24", "hidden": 0.05212560296058655, "kl": 0.37461403012275696, "loss": 0.28605082631111145, "rank": 6, "sequence_tokens": 691, "stratum": "domain"}, {"answer_positions": 3, "balance_group": "domain/2wikimqa", "balance_weight": 1.0, "ce": 0.16977064311504364, "dataset": "2wikimqa", "example_id": "d30fba387019d0da09b0a0262c4f395a78e4c59ce48bb0e46ebf60646ca54f4e", "hidden": 0.022293806076049805, "kl": 0.1625596284866333, "loss": 0.13775141537189484, "rank": 7, "sequence_tokens": 1226, "stratum": "domain"}], "step": 90, "step_gate_recorded": null, "summary": {"by_balance_group": {"domain/2wikimqa": {"answer_positions": 9, "ce": 0.29247961565852165, "examples": 4, "hidden": 0.04321570694446564, "kl": 0.34036026895046234, "loss": 0.25938505306839943}, "domain/qasper": {"answer_positions": 58, "ce": 0.6661601793020964, "examples": 4, "hidden": 0.03873623814433813, "kl": 0.18871096707880497, "loss": 0.3735681716352701}}, "example_balanced": true, "overall": {"answer_positions": 67, "ce": 0.479319897480309, "examples": 8, "hidden": 0.040975972544401884, "kl": 0.26453561801463366, "loss": 0.3164766123518348}, "selection_direction": "min", "selection_metric": "overall.loss", "target_token_weighting_used": false, "weight_sum": 8.0}}
{"global_grad_norm_before_clip": 1.2073765993118286, "learning_rate_used": 4.5536096498497295e-06, "next_learning_rate": 4.335937630751675e-06, "rows": [{"answer_positions": 15, "balance_group": "domain/qasper", "balance_weight": 1.0, "ce": 2.007840871810913, "dataset": "qasper", "example_id": "fefb3c0182b929e899d5aa4694e13b88b344a9ec206707423d6507a1b071c41b", "hidden": 0.044407159090042114, "kl": 0.24670305848121643, "loss": 0.998755931854248, "rank": 0, "sequence_tokens": 4096, "stratum": "domain"}, {"answer_positions": 9, "balance_group": "domain/qasper", "balance_weight": 1.0, "ce": 0.9753367304801941, "dataset": "qasper", "example_id": "952f31116f83e8aee66fbd398b9b5ba85a0d4a66d1e5cd6d59f24f44c2d0d951", "hidden": 0.0360071137547493, "kl": 0.1149175688624382, "loss": 0.48632410168647766, "rank": 1, "sequence_tokens": 4096, "stratum": "domain"}, {"answer_positions": 3, "balance_group": "domain/qasper", "balance_weight": 1.0, "ce": 0.7220309972763062, "dataset": "qasper", "example_id": "b4794d5a720c07e21fc5a512fed70a6213fc7494b9db5f2e87c65a1f0b8a5e77", "hidden": 0.023781081661581993, "kl": 0.1258753538131714, "loss": 0.3737265467643738, "rank": 2, "sequence_tokens": 4096, "stratum": "domain"}, {"answer_positions": 10, "balance_group": "domain/qasper", "balance_weight": 1.0, "ce": 1.0127692222595215, "dataset": "qasper", "example_id": "cfbce800bd783046c3a295adf107e0f6f1e872088be37821b37ea7a749cd6d1f", "hidden": 0.02251802198588848, "kl": 0.025116095319390297, "loss": 0.4690403938293457, "rank": 3, "sequence_tokens": 2815, "stratum": "domain"}, {"answer_positions": 4, "balance_group": "domain/2wikimqa", "balance_weight": 1.0, "ce": 0.021432826295495033, "dataset": "2wikimqa", "example_id": "12a33cd9ec4e0469e56284ccd95575a02753456e784383a3f9f1acaf1b1cec23", "hidden": 0.025019139051437378, "kl": 0.007988041266798973, "loss": 0.017444415017962456, "rank": 4, "sequence_tokens": 824, "stratum": "domain"}, {"answer_positions": 2, "balance_group": "domain/2wikimqa", "balance_weight": 1.0, "ce": 0.9484685063362122, "dataset": "2wikimqa", "example_id": "3fa63b1c5809705e2c2d830c57d9dddae6360a91ee358d70cc6e0e54b535eb83", "hidden": 0.043606072664260864, "kl": 0.5309202075004578, "loss": 0.6213541030883789, "rank": 5, "sequence_tokens": 721, "stratum": "domain"}, {"answer_positions": 5, "balance_group": "domain/2wikimqa", "balance_weight": 1.0, "ce": 0.03837182745337486, "dataset": "2wikimqa", "example_id": "83cf445535f284536af34eb1646fdfacede9075c685aa7e38cdfa869d7e76e98", "hidden": 0.023412669077515602, "kl": 0.020362582057714462, "loss": 0.02907675877213478, "rank": 6, "sequence_tokens": 793, "stratum": "domain"}, {"answer_positions": 2, "balance_group": "domain/2wikimqa", "balance_weight": 1.0, "ce": 0.32316163182258606, "dataset": "2wikimqa", "example_id": "5c882c73a0245f2bc43dad8aee542f593430df8a1a382e56be16e5e7fcc4951a", "hidden": 0.05376598238945007, "kl": 0.3801890015602112, "loss": 0.28924205899238586, "rank": 7, "sequence_tokens": 1873, "stratum": "domain"}], "step": 91, "step_gate_recorded": null, "summary": {"by_balance_group": {"domain/2wikimqa": {"answer_positions": 13, "ce": 0.33285869797691703, "examples": 4, "hidden": 0.03645096579566598, "kl": 0.2348649580962956, "loss": 0.2392793339677155}, "domain/qasper": {"answer_positions": 37, "ce": 1.1794944554567337, "examples": 4, "hidden": 0.03167834412306547, "kl": 0.12815301911905408, "loss": 0.5819617435336113}}, "example_balanced": true, "overall": {"answer_positions": 50, "ce": 0.7561765767168254, "examples": 8, "hidden": 0.034064654959365726, "kl": 0.18150898860767484, "loss": 0.4106205387506634}, "selection_direction": "min", "selection_metric": "overall.loss", "target_token_weighting_used": false, "weight_sum": 8.0}}
{"global_grad_norm_before_clip": 1.802010178565979, "learning_rate_used": 4.335937630751675e-06, "next_learning_rate": 4.12214747707527e-06, "rows": [{"answer_positions": 18, "balance_group": "domain/qasper", "balance_weight": 1.0, "ce": 1.7695727348327637, "dataset": "qasper", "example_id": "def350a73314864a43f09b66fbe29bad6bfb69213574cc3dfa8d1b3c114badd8", "hidden": 0.033028773963451385, "kl": 0.09344939142465591, "loss": 0.8356207013130188, "rank": 0, "sequence_tokens": 4096, "stratum": "domain"}, {"answer_positions": 15, "balance_group": "domain/qasper", "balance_weight": 1.0, "ce": 0.39491167664527893, "dataset": "qasper", "example_id": "b92268772aeb3cb7032705583f866ef5ca8d601c35f185e0bea8d5b81f1112c3", "hidden": 0.04162512347102165, "kl": 0.13904279470443726, "loss": 0.2347002476453781, "rank": 1, "sequence_tokens": 4096, "stratum": "domain"}, {"answer_positions": 2, "balance_group": "domain/qasper", "balance_weight": 1.0, "ce": 2.5436501502990723, "dataset": "qasper", "example_id": "b39276fe421d87d06d4b182cfe54885b32455040f686abfb3437535772386046", "hidden": 0.04283738136291504, "kl": 0.4688127934932709, "loss": 1.3172944784164429, "rank": 2, "sequence_tokens": 2666, "stratum": "domain"}, {"answer_positions": 4, "balance_group": "domain/qasper", "balance_weight": 1.0, "ce": 0.014927156269550323, "dataset": "qasper", "example_id": "7996a19de5c37bba445aa8ed42ad0fa5787033d36fd2fb8ff4aac48b5f7eb236", "hidden": 0.04980990290641785, "kl": 0.010128757916390896, "loss": 0.02022426575422287, "rank": 3, "sequence_tokens": 4096, "stratum": "domain"}, {"answer_positions": 2, "balance_group": "domain/2wikimqa", "balance_weight": 1.0, "ce": 0.3753397762775421, "dataset": "2wikimqa", "example_id": "574977c3bc902834a4d7f9516ef35a3ef2ad75450dc5bb554f4d497dce3d84ad", "hidden": 0.03940349817276001, "kl": 0.42182502150535583, "loss": 0.32442232966423035, "rank": 4, "sequence_tokens": 1177, "stratum": "domain"}, {"answer_positions": 6, "balance_group": "domain/2wikimqa", "balance_weight": 1.0, "ce": 0.13490784168243408, "dataset": "2wikimqa", "example_id": "1c7a6328204fee320d637866104f8890bd5f439c197d8ab70249c5aed66b7694", "hidden": 0.01760128140449524, "kl": 0.00566472765058279, "loss": 0.06621143966913223, "rank": 5, "sequence_tokens": 681, "stratum": "domain"}, {"answer_positions": 2, "balance_group": "domain/2wikimqa", "balance_weight": 1.0, "ce": 0.32018017768859863, "dataset": "2wikimqa", "example_id": "69e5ebdbb0f77509bf7f6e4474bba24b0d709937fda922a79a91afe13c3731eb", "hidden": 0.051399677991867065, "kl": 0.383670836687088, "loss": 0.28864577412605286, "rank": 6, "sequence_tokens": 1470, "stratum": "domain"}, {"answer_positions": 9, "balance_group": "domain/2wikimqa", "balance_weight": 1.0, "ce": 0.009181121364235878, "dataset": "2wikimqa", "example_id": "618c3e7a0b22afa442d63443c1ec84a829a3bb124e0884f648732ecdd8f48631", "hidden": 0.030724473297595978, "kl": 0.0013597252545878291, "loss": 0.010752303525805473, "rank": 7, "sequence_tokens": 1454, "stratum": "domain"}], "step": 92, "step_gate_recorded": null, "summary": {"by_balance_group": {"domain/2wikimqa": {"answer_positions": 19, "ce": 0.20990222925320268, "examples": 4, "hidden": 0.03478223271667957, "kl": 0.20313007777440362, "loss": 0.17250796174630523}, "domain/qasper": {"answer_positions": 39, "ce": 1.1807654295116663, "examples": 4, "hidden": 0.04182529542595148, "kl": 0.17785843438468874, "loss": 0.6019599232822657}}, "example_balanced": true, "overall": {"answer_positions": 58, "ce": 0.6953338293824345, "examples": 8, "hidden": 0.03830376407131553, "kl": 0.19049425607954618, "loss": 0.38723394251428545}, "selection_direction": "min", "selection_metric": "overall.loss", "target_token_weighting_used": false, "weight_sum": 8.0}}
{"global_grad_norm_before_clip": 1.2751578092575073, "learning_rate_used": 4.12214747707527e-06, "next_learning_rate": 3.912385709912794e-06, "rows": [{"answer_positions": 12, "balance_group": "domain/qasper", "balance_weight": 1.0, "ce": 0.8194431662559509, "dataset": "qasper", "example_id": "25d7a183d563cdf8dd0933860736fbe246037805e52fda815f5a16ca7561c0ce", "hidden": 0.03448906168341637, "kl": 0.09113146364688873, "loss": 0.40754324197769165, "rank": 0, "sequence_tokens": 4096, "stratum": "domain"}, {"answer_positions": 14, "balance_group": "domain/qasper", "balance_weight": 1.0, "ce": 0.07201847434043884, "dataset": "qasper", "example_id": "f953f13c80eb1672487723383cd418d44dad3b7fab2d9351396f8b1920839f9d", "hidden": 0.03558843955397606, "kl": 0.054371487349271774, "loss": 0.05855602025985718, "rank": 1, "sequence_tokens": 4096, "stratum": "domain"}, {"answer_positions": 52, "balance_group": "domain/qasper", "balance_weight": 1.0, "ce": 2.0300912857055664, "dataset": "qasper", "example_id": "682d979e3359c300a696dc5b18f431951542aa7e3eb73b76c47866ce6a549518", "hidden": 0.02639203891158104, "kl": 0.07229308784008026, "loss": 0.9441220760345459, "rank": 2, "sequence_tokens": 4096, "stratum": "domain"}, {"answer_positions": 12, "balance_group": "domain/qasper", "balance_weight": 1.0, "ce": 3.5988478660583496, "dataset": "qasper", "example_id": "4dbb459c47e98587b3174dcbff2dec78ea6ac0efe56f5fcde6100a31ce6500d3", "hidden": 0.029370412230491638, "kl": 0.08680867403745651, "loss": 1.6557384729385376, "rank": 3, "sequence_tokens": 4096, "stratum": "domain"}, {"answer_positions": 2, "balance_group": "domain/2wikimqa", "balance_weight": 1.0, "ce": 0.3530619740486145, "dataset": "2wikimqa", "example_id": "080af0be427a707407f125f7aaada550a9256549c3a2fa0b0518f8b0614584f1", "hidden": 0.0414867103099823, "kl": 0.6587268114089966, "loss": 0.3977296054363251, "rank": 4, "sequence_tokens": 564, "stratum": "domain"}, {"answer_positions": 5, "balance_group": "domain/2wikimqa", "balance_weight": 1.0, "ce": 0.002029191702604294, "dataset": "2wikimqa", "example_id": "ac80cdd1daa7c68fab14b569813d714aa5a84a9a5c71435a0179ec7a78ac4933", "hidden": 0.03465154394507408, "kl": 0.0011531490599736571, "loss": 0.008247047662734985, "rank": 5, "sequence_tokens": 1056, "stratum": "domain"}, {"answer_positions": 3, "balance_group": "domain/2wikimqa", "balance_weight": 1.0, "ce": 0.4519893527030945, "dataset": "2wikimqa", "example_id": "0a168284f67628d2179f80b30e70e3cd742ed903ca994ed8940421386e7c4127", "hidden": 0.01753600500524044, "kl": 0.08446603268384933, "loss": 0.23646551370620728, "rank": 6, "sequence_tokens": 610, "stratum": "domain"}, {"answer_positions": 2, "balance_group": "domain/2wikimqa", "balance_weight": 1.0, "ce": 0.4168587923049927, "dataset": "2wikimqa", "example_id": "5a5ddc291f22a524bdb6908acdf44f96cfc8aa17ac56f922f0248cc1261548ed", "hidden": 0.05251580476760864, "kl": 0.2890405058860779, "loss": 0.29925382137298584, "rank": 7, "sequence_tokens": 1203, "stratum": "domain"}], "step": 93, "step_gate_recorded": null, "summary": {"by_balance_group": {"domain/2wikimqa": {"answer_positions": 12, "ce": 0.3059848276898265, "examples": 4, "hidden": 0.036547516006976366, "kl": 0.25834662475972436, "loss": 0.2354239970445633}, "domain/qasper": {"answer_positions": 90, "ce": 1.6301001980900764, "examples": 4, "hidden": 0.031459988094866276, "kl": 0.07615117821842432, "loss": 0.7664899528026581}}, "example_balanced": true, "overall": {"answer_positions": 102, "ce": 0.9680425128899515, "examples": 8, "hidden": 0.03400375205092132, "kl": 0.16724890148907434, "loss": 0.5009569749236107}, "selection_direction": "min", "selection_metric": "overall.loss", "target_token_weighting_used": false, "weight_sum": 8.0}}
{"global_grad_norm_before_clip": 1.5465590953826904, "learning_rate_used": 3.912385709912794e-06, "next_learning_rate": 3.7067960895016277e-06, "rows": [{"answer_positions": 23, "balance_group": "domain/qasper", "balance_weight": 1.0, "ce": 0.021104807034134865, "dataset": "qasper", "example_id": "74d91425015d94b4dab9e2e7982d4c5ebf7a7e08bab3cb2aa128b048973de818", "hidden": 0.04862033203244209, "kl": 0.07300248742103577, "loss": 0.04477209970355034, "rank": 0, "sequence_tokens": 4096, "stratum": "domain"}, {"answer_positions": 5, "balance_group": "domain/qasper", "balance_weight": 1.0, "ce": 0.5173625946044922, "dataset": "qasper", "example_id": "1f14825ecfc342970026a3351fdba46c49d5eee832ac13915a01e5f086d53d5e", "hidden": 0.03455726057291031, "kl": 0.28986942768096924, "loss": 0.34117892384529114, "rank": 1, "sequence_tokens": 2975, "stratum": "domain"}, {"answer_positions": 3, "balance_group": "domain/qasper", "balance_weight": 1.0, "ce": 1.5668376684188843, "dataset": "qasper", "example_id": "ec839de1b481fb09265d1b3ddfe34222c74627a846e3663822db934d62c8fbec", "hidden": 0.029017627239227295, "kl": 0.3619271218776703, "loss": 0.837554931640625, "rank": 2, "sequence_tokens": 4096, "stratum": "domain"}, {"answer_positions": 4, "balance_group": "domain/qasper", "balance_weight": 1.0, "ce": 0.11360585689544678, "dataset": "qasper", "example_id": "acb36c32de799d97b56100dc1a6f9b4aca1994a28d0e600006ce4b4cedc7e21a", "hidden": 0.04223477840423584, "kl": 0.0644027516245842, "loss": 0.08211055397987366, "rank": 3, "sequence_tokens": 4096, "stratum": "domain"}, {"answer_positions": 11, "balance_group": "domain/2wikimqa", "balance_weight": 1.0, "ce": 0.0025590595323592424, "dataset": "2wikimqa", "example_id": "4b57072277616d41afba0550bffe38514102d36d487b7212d19fd03524ac40f3", "hidden": 0.025303766131401062, "kl": 0.0012161243939772248, "loss": 0.006637973710894585, "rank": 4, "sequence_tokens": 2316, "stratum": "domain"}, {"answer_positions": 2, "balance_group": "domain/2wikimqa", "balance_weight": 1.0, "ce": 0.6896225214004517, "dataset": "2wikimqa", "example_id": "295fd959aca4c09dbd98f985e5cea0d270087baec36d50bb441c1412201e5ea3", "hidden": 0.03730320930480957, "kl": 0.2745792865753174, "loss": 0.41389352083206177, "rank": 5, "sequence_tokens": 1160, "stratum": "domain"}, {"answer_positions": 9, "balance_group": "domain/2wikimqa", "balance_weight": 1.0, "ce": 0.008764921687543392, "dataset": "2wikimqa", "example_id": "d367827f45c3ea44482c0558ad1df1a1600159264b284bf579379db39dd92b6c", "hidden": 0.02801661379635334, "kl": 0.003351551480591297, "loss": 0.010720580816268921, "rank": 6, "sequence_tokens": 1210, "stratum": "domain"}, {"answer_positions": 2, "balance_group": "domain/2wikimqa", "balance_weight": 1.0, "ce": 0.2548470199108124, "dataset": "2wikimqa", "example_id": "d1a39ef44e1b530688cc6c420158120483cb4a306c253d01f61f42128b872721", "hidden": 0.04737064242362976, "kl": 0.47886747121810913, "loss": 0.2917588949203491, "rank": 7, "sequence_tokens": 1228, "stratum": "domain"}], "step": 94, "step_gate_recorded": null, "summary": {"by_balance_group": {"domain/2wikimqa": {"answer_positions": 24, "ce": 0.23894838063279167, "examples": 4, "hidden": 0.03449855791404843, "kl": 0.18950360841699876, "loss": 0.1807527425698936}, "domain/qasper": {"answer_positions": 35, "ce": 0.5547277317382395, "examples": 4, "hidden": 0.038607499562203884, "kl": 0.19730044715106487, "loss": 0.32640412729233503}}, "example_balanced": true, "overall": {"answer_positions": 59, "ce": 0.3968380561855156, "examples": 8, "hidden": 0.03655302873812616, "kl": 0.19340202778403182, "loss": 0.2535784349311143}, "selection_direction": "min", "selection_metric": "overall.loss", "target_token_weighting_used": false, "weight_sum": 8.0}}
{"global_grad_norm_before_clip": 0.6821146011352539, "learning_rate_used": 3.7067960895016277e-06, "next_learning_rate": 3.505519516698165e-06, "rows": [{"answer_positions": 11, "balance_group": "domain/qasper", "balance_weight": 1.0, "ce": 0.7206050753593445, "dataset": "qasper", "example_id": "9f0813c05f48033770843158c265fcb18628c3a73c0a6333912feac673c9cb88", "hidden": 0.02867111936211586, "kl": 0.0851660743355751, "loss": 0.3598146438598633, "rank": 0, "sequence_tokens": 1885, "stratum": "domain"}, {"answer_positions": 3, "balance_group": "domain/qasper", "balance_weight": 1.0, "ce": 0.4808759093284607, "dataset": "qasper", "example_id": "68ff3137c8358a9c5c69734429d585e668f918c77199a129f2e30010912f6b1f", "hidden": 0.027268826961517334, "kl": 0.18254795670509338, "loss": 0.2857397198677063, "rank": 1, "sequence_tokens": 3944, "stratum": "domain"}, {"answer_positions": 21, "balance_group": "domain/qasper", "balance_weight": 1.0, "ce": 0.5540293455123901, "dataset": "qasper", "example_id": "1c212bb9c97aba6595a04057cc47f4be77a1d051c4e42379f3a419fbb4a5568c", "hidden": 0.046064212918281555, "kl": 0.12112049758434296, "loss": 0.30091822147369385, "rank": 2, "sequence_tokens": 4096, "stratum": "domain"}, {"answer_positions": 17, "balance_group": "domain/qasper", "balance_weight": 1.0, "ce": 0.6153247356414795, "dataset": "qasper", "example_id": "0d5080face2b37e3a33ce52c86d62f3408a6fd24452f48bc7f98ccc17ab52718", "hidden": 0.04040294885635376, "kl": 0.1482193022966385, "loss": 0.3368534743785858, "rank": 3, "sequence_tokens": 4096, "stratum": "domain"}, {"answer_positions": 7, "balance_group": "domain/2wikimqa", "balance_weight": 1.0, "ce": 0.049499306827783585, "dataset": "2wikimqa", "example_id": "b23b697a29ffb853f15620da7d66aac4bd06abacdd33d5c37304c7b0f452f30e", "hidden": 0.027779605239629745, "kl": 0.0025197628419846296, "loss": 0.028712525963783264, "rank": 4, "sequence_tokens": 795, "stratum": "domain"}, {"answer_positions": 4, "balance_group": "domain/2wikimqa", "balance_weight": 1.0, "ce": 0.007471987511962652, "dataset": "2wikimqa", "example_id": "618459fd7e5843e93e9ac4e7979fa11543d3797b457fa4637b4e0458265b9b74", "hidden": 0.024775490164756775, "kl": 0.0018819918623194098, "loss": 0.00897618941962719, "rank": 5, "sequence_tokens": 737, "stratum": "domain"}, {"answer_positions": 6, "balance_group": "domain/2wikimqa", "balance_weight": 1.0, "ce": 0.04390957951545715, "dataset": "2wikimqa", "example_id": "71c158adad7bb70cfca38c9ca3687112a2057ba093369ccfbef8189eccc60227", "hidden": 0.02103210613131523, "kl": 0.0008591061341576278, "loss": 0.02426641806960106, "rank": 6, "sequence_tokens": 948, "stratum": "domain"}, {"answer_positions": 6, "balance_group": "domain/2wikimqa", "balance_weight": 1.0, "ce": 0.0044358656741678715, "dataset": "2wikimqa", "example_id": "850ca209c808af279dd2594c512fe359e1827df9cfa9e46085bbc1496abb4fd4", "hidden": 0.02326062321662903, "kl": 0.0009072264656424522, "loss": 0.006965793669223785, "rank": 7, "sequence_tokens": 951, "stratum": "domain"}], "step": 95, "step_gate_recorded": null, "summary": {"by_balance_group": {"domain/2wikimqa": {"answer_positions": 23, "ce": 0.026329184882342815, "examples": 4, "hidden": 0.024211956188082695, "kl": 0.0015420218260260299, "loss": 0.017230231780558825}, "domain/qasper": {"answer_positions": 52, "ce": 0.5927087664604187, "examples": 4, "hidden": 0.03560177702456713, "kl": 0.13426345773041248, "loss": 0.3208315148949623}}, "example_balanced": true, "overall": {"answer_positions": 75, "ce": 0.30951897567138076, "examples": 8, "hidden": 0.02990686660632491, "kl": 0.06790273977821926, "loss": 0.16903087333776057}, "selection_direction": "min", "selection_metric": "overall.loss", "target_token_weighting_used": false, "weight_sum": 8.0}}
{"global_grad_norm_before_clip": 0.7348736524581909, "learning_rate_used": 3.505519516698165e-06, "next_learning_rate": 3.308693936411421e-06, "rows": [{"answer_positions": 113, "balance_group": "domain/qasper", "balance_weight": 1.0, "ce": 0.08864795416593552, "dataset": "qasper", "example_id": "1c656e6c294db617366fc59338b13e62485d5a26f6684996c64c15646d9e7d51", "hidden": 0.03854574263095856, "kl": 0.029104892164468765, "loss": 0.057787440717220306, "rank": 0, "sequence_tokens": 2846, "stratum": "domain"}, {"answer_positions": 17, "balance_group": "domain/qasper", "balance_weight": 1.0, "ce": 0.22408902645111084, "dataset": "qasper", "example_id": "29e4ae311e04189d174cd6809c24754e2950fcd23031b5e05d3d568507f997c8", "hidden": 0.055073678493499756, "kl": 0.08281045407056808, "loss": 0.14083844423294067, "rank": 1, "sequence_tokens": 4096, "stratum": "domain"}, {"answer_positions": 2, "balance_group": "domain/qasper", "balance_weight": 1.0, "ce": 0.7524456977844238, "dataset": "qasper", "example_id": "b1c76eacdf80f63226268da03a05f35fff7254ad6a0c0d5d1451f82f7b3d515b", "hidden": 0.04195976257324219, "kl": 0.5932060480117798, "loss": 0.5546146631240845, "rank": 2, "sequence_tokens": 4096, "stratum": "domain"}, {"answer_positions": 2, "balance_group": "domain/qasper", "balance_weight": 1.0, "ce": 0.3991069793701172, "dataset": "qasper", "example_id": "18bf7dfadef469266fe2fd29b2b727f0bf3bcf6e46ae74a7017a3a8bcbb398cd", "hidden": 0.033091068267822266, "kl": 0.4422166645526886, "loss": 0.34099215269088745, "rank": 3, "sequence_tokens": 4096, "stratum": "domain"}, {"answer_positions": 3, "balance_group": "domain/2wikimqa", "balance_weight": 1.0, "ce": 0.3069330155849457, "dataset": "2wikimqa", "example_id": "e9e06d7463980d3848ba759fca2573dbe2adf158f5ef8aa013617c984ae30262", "hidden": 0.03199126571416855, "kl": 0.10759197920560837, "loss": 0.18217530846595764, "rank": 4, "sequence_tokens": 728, "stratum": "domain"}, {"answer_positions": 4, "balance_group": "domain/2wikimqa", "balance_weight": 1.0, "ce": 0.015221216715872288, "dataset": "2wikimqa", "example_id": "377376be85a53ac98659d43b86ec615ed5a6190bf76d5f023434bfda49299ade", "hidden": 0.02373012900352478, "kl": 0.002923843450844288, "loss": 0.012618917971849442, "rank": 5, "sequence_tokens": 1050, "stratum": "domain"}, {"answer_positions": 4, "balance_group": "domain/2wikimqa", "balance_weight": 1.0, "ce": 0.16546140611171722, "dataset": "2wikimqa", "example_id": "caaf7fbb3281c0a48815ded786377a943e54f99b55c664afca462e54e73626f5", "hidden": 0.029820457100868225, "kl": 0.15237247943878174, "loss": 0.13375207781791687, "rank": 6, "sequence_tokens": 819, "stratum": "domain"}, {"answer_positions": 2, "balance_group": "domain/2wikimqa", "balance_weight": 1.0, "ce": 0.030063897371292114, "dataset": "2wikimqa", "example_id": "abf9e0fedcd707cf61d13693985c672ea8453a2e4bca31c8afaf3dd1213318ce", "hidden": 0.026875674724578857, "kl": 0.017108656466007233, "loss": 0.024891918525099754, "rank": 7, "sequence_tokens": 1205, "stratum": "domain"}], "step": 96, "step_gate_recorded": null, "summary": {"by_balance_group": {"domain/2wikimqa": {"answer_positions": 13, "ce": 0.12941988394595683, "examples": 4, "hidden": 0.028104381635785103, "kl": 0.0699992396403104, "loss": 0.08835955569520593}, "domain/qasper": {"answer_positions": 134, "ce": 0.36607241444289684, "examples": 4, "hidden": 0.04216756299138069, "kl": 0.2868345146998763, "loss": 0.2735581751912832}}, "example_balanced": true, "overall": {"answer_positions": 147, "ce": 0.24774614919442683, "examples": 8, "hidden": 0.0351359723135829, "kl": 0.17841687717009336, "loss": 0.18095886544324458}, "selection_direction": "min", "selection_metric": "overall.loss", "target_token_weighting_used": false, "weight_sum": 8.0}}
{"global_grad_norm_before_clip": 0.8898389339447021, "learning_rate_used": 3.308693936411421e-06, "next_learning_rate": 3.116454243062459e-06, "rows": [{"answer_positions": 5, "balance_group": "domain/qasper", "balance_weight": 1.0, "ce": 1.1839793920516968, "dataset": "qasper", "example_id": "4549c4ac1258e40053c2bc0054a579218d19d3afdbd75e0dd8c91897b0944a43", "hidden": 0.035808026790618896, "kl": 0.005575441289693117, "loss": 0.5419037342071533, "rank": 0, "sequence_tokens": 2558, "stratum": "domain"}, {"answer_positions": 2, "balance_group": "domain/qasper", "balance_weight": 1.0, "ce": 0.6053390502929688, "dataset": "qasper", "example_id": "57f0a7fc0307297f5a6ae07fe9e162ac91ab77ac0e4f06cb82a7254de90cfa4b", "hidden": 0.030482351779937744, "kl": 0.4065474271774292, "loss": 0.4207906126976013, "rank": 1, "sequence_tokens": 2234, "stratum": "domain"}, {"answer_positions": 26, "balance_group": "domain/qasper", "balance_weight": 1.0, "ce": 0.12641239166259766, "dataset": "qasper", "example_id": "a7921a3d47a9ab4516dce3f51ecbb6eb27ed52ad66b6a382a1b8bbd451b9b83a", "hidden": 0.04817037656903267, "kl": 0.03950062766671181, "loss": 0.08034487068653107, "rank": 2, "sequence_tokens": 4096, "stratum": "domain"}, {"answer_positions": 47, "balance_group": "domain/qasper", "balance_weight": 1.0, "ce": 3.5630414485931396, "dataset": "qasper", "example_id": "32aaf0316d98fa9aae2d495edb0cdaa6da3efc4a8a13f6bcedd38bed4dfd1396", "hidden": 0.01355533767491579, "kl": 0.05493759363889694, "loss": 1.6253077983856201, "rank": 3, "sequence_tokens": 4096, "stratum": "domain"}, {"answer_positions": 3, "balance_group": "domain/2wikimqa", "balance_weight": 1.0, "ce": 0.004619340877979994, "dataset": "2wikimqa", "example_id": "0d0b55977c77b4cf855f96f16beebc7adae27bcecd3960e9c6bc82d597bc6a81", "hidden": 0.04141068458557129, "kl": 0.010134903714060783, "loss": 0.013908056542277336, "rank": 4, "sequence_tokens": 925, "stratum": "domain"}, {"answer_positions": 2, "balance_group": "domain/2wikimqa", "balance_weight": 1.0, "ce": 0.4188780188560486, "dataset": "2wikimqa", "example_id": "8a260bdc6710fc0cfa6016a91905fb8dd47d215b2b90d1c2a1af7b0fbb804f0e", "hidden": 0.036658018827438354, "kl": 0.2808792293071747, "loss": 0.2941344380378723, "rank": 5, "sequence_tokens": 659, "stratum": "domain"}, {"answer_positions": 8, "balance_group": "domain/2wikimqa", "balance_weight": 1.0, "ce": 0.004871563985943794, "dataset": "2wikimqa", "example_id": "0e4012e7e80301542f8de70632854740939d22b98609c4092e81e914215cfc26", "hidden": 0.025823324918746948, "kl": 0.0011259596794843674, "loss": 0.007750954478979111, "rank": 6, "sequence_tokens": 835, "stratum": "domain"}, {"answer_positions": 6, "balance_group": "domain/2wikimqa", "balance_weight": 1.0, "ce": 0.055107783526182175, "dataset": "2wikimqa", "example_id": "d4e979a70f2850701822bb13231ed7e16fc477903493a894292a6351af3ed84f", "hidden": 0.02259156107902527, "kl": 0.0053835841827094555, "loss": 0.031201068311929703, "rank": 7, "sequence_tokens": 943, "stratum": "domain"}], "step": 97, "step_gate_recorded": null, "summary": {"by_balance_group": {"domain/2wikimqa": {"answer_positions": 19, "ce": 0.12086917681153864, "examples": 4, "hidden": 0.031620897352695465, "kl": 0.07438091922085732, "loss": 0.08674862934276462}, "domain/qasper": {"answer_positions": 80, "ce": 1.3696930706501007, "examples": 4, "hidden": 0.032004023203626275, "kl": 0.12664027244318277, "loss": 0.6670867539942265}}, "example_balanced": true, "overall": {"answer_positions": 99, "ce": 0.7452811237308197, "examples": 8, "hidden": 0.03181246027816087, "kl": 0.10051059583202004, "loss": 0.37691769166849554}, "selection_direction": "min", "selection_metric": "overall.loss", "target_token_weighting_used": false, "weight_sum": 8.0}}
{"global_grad_norm_before_clip": 0.5272839069366455, "learning_rate_used": 3.116454243062459e-06, "next_learning_rate": 2.9289321881345257e-06, "rows": [{"answer_positions": 2, "balance_group": "domain/qasper", "balance_weight": 1.0, "ce": 0.05332796648144722, "dataset": "qasper", "example_id": "cfbc90fa5d50bae8ddc0bb3c04d54e86e3c0d373dcf818776b6fd336faa999db", "hidden": 0.04853588342666626, "kl": 0.03552808612585068, "loss": 0.046139590442180634, "rank": 0, "sequence_tokens": 4096, "stratum": "domain"}, {"answer_positions": 39, "balance_group": "domain/qasper", "balance_weight": 1.0, "ce": 3.714690923690796, "dataset": "qasper", "example_id": "0d5fd77548eac3babbd173ed0f0fb4a8550a9fedcfe9316a1a25bfd94d9ad5e1", "hidden": 0.023119760677218437, "kl": 0.08114654570817947, "loss": 1.7046360969543457, "rank": 1, "sequence_tokens": 4096, "stratum": "domain"}, {"answer_positions": 17, "balance_group": "domain/qasper", "balance_weight": 1.0, "ce": 1.236639142036438, "dataset": "qasper", "example_id": "8ab11c43897a4ccb759ad337f834062525143f4a720c2bc75dabfda678b60b3e", "hidden": 0.04062226787209511, "kl": 0.16960634291172028, "loss": 0.6239743232727051, "rank": 2, "sequence_tokens": 3264, "stratum": "domain"}, {"answer_positions": 21, "balance_group": "domain/qasper", "balance_weight": 1.0, "ce": 0.21339446306228638, "dataset": "qasper", "example_id": "882c1b89c22f93075bad5e75736faa2c5214efacd748efcca2bc835a482e9f79", "hidden": 0.059127889573574066, "kl": 0.03478611260652542, "loss": 0.12002822756767273, "rank": 3, "sequence_tokens": 4096, "stratum": "domain"}, {"answer_positions": 10, "balance_group": "domain/2wikimqa", "balance_weight": 1.0, "ce": 0.008893693797290325, "dataset": "2wikimqa", "example_id": "7260b702dfd48da7bb147f2e698e81a9e71e4c6aa5c9cb37372fe3c6de76709b", "hidden": 0.024288374930620193, "kl": 0.005612680222839117, "loss": 0.010824275203049183, "rank": 4, "sequence_tokens": 1934, "stratum": "domain"}, {"answer_positions": 2, "balance_group": "domain/2wikimqa", "balance_weight": 1.0, "ce": 0.28320345282554626, "dataset": "2wikimqa", "example_id": "127b7465346e820975b4a18ccb24462df08534c77f29c0958f92cff6e83ff6ce", "hidden": 0.03023773431777954, "kl": 0.3088383972644806, "loss": 0.24158254265785217, "rank": 5, "sequence_tokens": 1043, "stratum": "domain"}, {"answer_positions": 9, "balance_group": "domain/2wikimqa", "balance_weight": 1.0, "ce": 0.004023694433271885, "dataset": "2wikimqa", "example_id": "42c1b9d61581124d5371b54e971ecc5d429382ea08380740b2653a60b8c5ff3d", "hidden": 0.02426869422197342, "kl": 0.0011199616128578782, "loss": 0.007056388072669506, "rank": 6, "sequence_tokens": 1225, "stratum": "domain"}, {"answer_positions": 7, "balance_group": "domain/2wikimqa", "balance_weight": 1.0, "ce": 0.0630497932434082, "dataset": "2wikimqa", "example_id": "be0f521faef9fda0648a754c01a2f6b9e8a73e4fe0dfdc302b38c41d217530fd", "hidden": 0.026002688333392143, "kl": 0.003226981731131673, "loss": 0.03470238670706749, "rank": 7, "sequence_tokens": 781, "stratum": "domain"}], "step": 98, "step_gate_recorded": null, "summary": {"by_balance_group": {"domain/2wikimqa": {"answer_positions": 28, "ce": 0.08979265857487917, "examples": 4, "hidden": 0.026199372950941324, "kl": 0.07969950520782731, "loss": 0.07354139816015959}, "domain/qasper": {"answer_positions": 79, "ce": 1.3045131238177419, "examples": 4, "hidden": 0.04285145038738847, "kl": 0.08026677183806896, "loss": 0.623694559559226}}, "example_balanced": true, "overall": {"answer_positions": 107, "ce": 0.6971528911963105, "examples": 8, "hidden": 0.034525411669164896, "kl": 0.07998313852294814, "loss": 0.3486179788596928}, "selection_direction": "min", "selection_metric": "overall.loss", "target_token_weighting_used": false, "weight_sum": 8.0}}
{"global_grad_norm_before_clip": 0.713648796081543, "learning_rate_used": 2.9289321881345257e-06, "next_learning_rate": 2.746256289877126e-06, "rows": [{"answer_positions": 26, "balance_group": "domain/qasper", "balance_weight": 1.0, "ce": 2.4571688175201416, "dataset": "qasper", "example_id": "daacf47f4275accd40d06b98fc7b433e071ee9eeb38bc44fbda2f9f81339dd19", "hidden": 0.03851502016186714, "kl": 0.17566895484924316, "loss": 1.174912929534912, "rank": 0, "sequence_tokens": 4096, "stratum": "domain"}, {"answer_positions": 21, "balance_group": "domain/qasper", "balance_weight": 1.0, "ce": 0.38983508944511414, "dataset": "qasper", "example_id": "a97d92a2f361c46d14dfa5b9fcb95abe5df48d355490e62d339040542c02449c", "hidden": 0.039826009422540665, "kl": 0.04791806638240814, "loss": 0.20016230642795563, "rank": 1, "sequence_tokens": 4031, "stratum": "domain"}, {"answer_positions": 19, "balance_group": "domain/qasper", "balance_weight": 1.0, "ce": 0.4322519302368164, "dataset": "qasper", "example_id": "29fd49f1046fd3c732992e83421f350e07b081697dd272e3a4a790b93c3a4ad3", "hidden": 0.04782610386610031, "kl": 0.09207287430763245, "loss": 0.23630408942699432, "rank": 2, "sequence_tokens": 4096, "stratum": "domain"}, {"answer_positions": 6, "balance_group": "domain/qasper", "balance_weight": 1.0, "ce": 0.5645596981048584, "dataset": "qasper", "example_id": "f8c3ef9f30f7d067939cf9767f042353db3aa5a1bb0066f47545864e64b031a1", "hidden": 0.05435151979327202, "kl": 0.15628299117088318, "loss": 0.319621205329895, "rank": 3, "sequence_tokens": 2607, "stratum": "domain"}, {"answer_positions": 5, "balance_group": "domain/2wikimqa", "balance_weight": 1.0, "ce": 0.08233343809843063, "dataset": "2wikimqa", "example_id": "76c6a2e4c4203b45fa836e0fa0fd7945e4a9282e2939bc9e41b933fff352e300", "hidden": 0.024811113253235817, "kl": 0.03023667074739933, "loss": 0.0525951012969017, "rank": 4, "sequence_tokens": 736, "stratum": "domain"}, {"answer_positions": 7, "balance_group": "domain/2wikimqa", "balance_weight": 1.0, "ce": 0.0030119670554995537, "dataset": "2wikimqa", "example_id": "c8228469df799b9040381d8c445711c13839f03831a73f95450848e3fb134648", "hidden": 0.020796513184905052, "kl": 0.00033653367427177727, "loss": 0.005632475018501282, "rank": 5, "sequence_tokens": 627, "stratum": "domain"}, {"answer_positions": 4, "balance_group": "domain/2wikimqa", "balance_weight": 1.0, "ce": 0.19729739427566528, "dataset": "2wikimqa", "example_id": "ca5971ce732b46a570481a74e3835a83ffce3eeaf26951a97bf61581e5d8936e", "hidden": 0.02292943000793457, "kl": 0.1222059428691864, "loss": 0.1361417919397354, "rank": 6, "sequence_tokens": 1035, "stratum": "domain"}, {"answer_positions": 4, "balance_group": "domain/2wikimqa", "balance_weight": 1.0, "ce": 0.25919514894485474, "dataset": "2wikimqa", "example_id": "ee07e1ab6a8462237da3738e8979025d82d22dff62521c5a84902ec0563ac859", "hidden": 0.02246531844139099, "kl": 0.1763107031583786, "loss": 0.18283961713314056, "rank": 7, "sequence_tokens": 737, "stratum": "domain"}], "step": 99, "step_gate_recorded": null, "summary": {"by_balance_group": {"domain/2wikimqa": {"answer_positions": 20, "ce": 0.13545948709361255, "examples": 4, "hidden": 0.022750593721866608, "kl": 0.08227246261230903, "loss": 0.09430224634706974}, "domain/qasper": {"answer_positions": 72, "ce": 0.9609538838267326, "examples": 4, "hidden": 0.045129663310945034, "kl": 0.11798572167754173, "loss": 0.48275013267993927}}, "example_balanced": true, "overall": {"answer_positions": 92, "ce": 0.5482066854601726, "examples": 8, "hidden": 0.03394012851640582, "kl": 0.10012909214492538, "loss": 0.2885261895135045}, "selection_direction": "min", "selection_metric": "overall.loss", "target_token_weighting_used": false, "weight_sum": 8.0}}
{"global_grad_norm_before_clip": 0.6408955454826355, "learning_rate_used": 2.746256289877126e-06, "next_learning_rate": 2.5685517452260566e-06, "rows": [{"answer_positions": 78, "balance_group": "domain/qasper", "balance_weight": 1.0, "ce": 2.5770153999328613, "dataset": "qasper", "example_id": "3c0e50f74ee67cd0a07257f511a45d0030a28a4632b99a56cf0d020d72029e10", "hidden": 0.024066966027021408, "kl": 0.09554053097963333, "loss": 1.1979094743728638, "rank": 0, "sequence_tokens": 2728, "stratum": "domain"}, {"answer_positions": 72, "balance_group": "domain/qasper", "balance_weight": 1.0, "ce": 0.16797173023223877, "dataset": "qasper", "example_id": "069ddabb66df61082cc06559079eb4e1e588380d38bfd2650e46af15835ed790", "hidden": 0.039901912212371826, "kl": 0.04188300669193268, "loss": 0.09822671860456467, "rank": 1, "sequence_tokens": 2830, "stratum": "domain"}, {"answer_positions": 30, "balance_group": "domain/qasper", "balance_weight": 1.0, "ce": 2.0606534481048584, "dataset": "qasper", "example_id": "7f389b173819912c8d53c2dc3780e47559eef6e63e8ce2f77af76c58e90216e8", "hidden": 0.01633848249912262, "kl": 0.08817997574806213, "loss": 0.961424708366394, "rank": 2, "sequence_tokens": 1857, "stratum": "domain"}, {"answer_positions": 14, "balance_group": "domain/qasper", "balance_weight": 1.0, "ce": 3.0707240104675293, "dataset": "qasper", "example_id": "f2691db2406ec6d2fa222d198614b040c5975e923ff703e98fd3604b0bbe77d9", "hidden": 0.03806714713573456, "kl": 0.17080196738243103, "loss": 1.4492199420928955, "rank": 3, "sequence_tokens": 4096, "stratum": "domain"}, {"answer_positions": 2, "balance_group": "domain/2wikimqa", "balance_weight": 1.0, "ce": 0.22205935418605804, "dataset": "2wikimqa", "example_id": "5223865815311f6bbde3c3fb4a29355460fecab954b2ac4ce7900b5447a691fd", "hidden": 0.04165571928024292, "kl": 0.5674239993095398, "loss": 0.306856244802475, "rank": 4, "sequence_tokens": 1049, "stratum": "domain"}, {"answer_positions": 4, "balance_group": "domain/2wikimqa", "balance_weight": 1.0, "ce": 0.0017189899226650596, "dataset": "2wikimqa", "example_id": "7ef88e7252622a23aefd057b0a87b061a192352465cc5f28362bad77a5531805", "hidden": 0.029184013605117798, "kl": 0.0017633031820878386, "loss": 0.007227504625916481, "rank": 5, "sequence_tokens": 1274, "stratum": "domain"}, {"answer_positions": 3, "balance_group": "domain/2wikimqa", "balance_weight": 1.0, "ce": 0.1798652708530426, "dataset": "2wikimqa", "example_id": "d759f6532f566bc3c7545ca93c5475e7c5231bb3b674532f48985fbd6e8abb3a", "hidden": 0.024005969986319542, "kl": 0.18404176831245422, "loss": 0.1501551866531372, "rank": 6, "sequence_tokens": 761, "stratum": "domain"}, {"answer_positions": 4, "balance_group": "domain/2wikimqa", "balance_weight": 1.0, "ce": 0.060109786689281464, "dataset": "2wikimqa", "example_id": "dc9ce67441353061d8666a6c486c27dd48b9e85de6079e84b68cc881744386d8", "hidden": 0.02605895698070526, "kl": 0.003531212452799082, "loss": 0.033497121185064316, "rank": 7, "sequence_tokens": 1285, "stratum": "domain"}], "step": 100, "step_gate_recorded": null, "summary": {"by_balance_group": {"domain/2wikimqa": {"answer_positions": 13, "ce": 0.11593835041276179, "examples": 4, "hidden": 0.03022616496309638, "kl": 0.18919007081422023, "loss": 0.12443401431664824}, "domain/qasper": {"answer_positions": 194, "ce": 1.969091147184372, "examples": 4, "hidden": 0.029593626968562603, "kl": 0.0991013702005148, "loss": 0.9266952108591795}}, "example_balanced": true, "overall": {"answer_positions": 207, "ce": 1.0425147487985669, "examples": 8, "hidden": 0.02990989596582949, "kl": 0.14414572050736751, "loss": 0.5255646125879139}, "selection_direction": "min", "selection_metric": "overall.loss", "target_token_weighting_used": false, "weight_sum": 8.0}}
{"global_grad_norm_before_clip": 0.5328243970870972, "learning_rate_used": 2.5685517452260566e-06, "next_learning_rate": 2.395940343999691e-06, "rows": [{"answer_positions": 4, "balance_group": "domain/qasper", "balance_weight": 1.0, "ce": 0.12208127230405807, "dataset": "qasper", "example_id": "df783fd54791fea62ed7bd6fef2555545b4754d43dd9c9e54bb10b877b823a1e", "hidden": 0.03739570081233978, "kl": 0.05622228980064392, "loss": 0.08209351450204849, "rank": 0, "sequence_tokens": 2295, "stratum": "domain"}, {"answer_positions": 4, "balance_group": "domain/qasper", "balance_weight": 1.0, "ce": 0.05296468362212181, "dataset": "qasper", "example_id": "8e0fd0a1cad2eb4060fa8afad9cef78f29b10331e9e604c2caf880969a1d14fe", "hidden": 0.04423603415489197, "kl": 0.017178431153297424, "loss": 0.03869376331567764, "rank": 1, "sequence_tokens": 2541, "stratum": "domain"}, {"answer_positions": 11, "balance_group": "domain/qasper", "balance_weight": 1.0, "ce": 0.41118964552879333, "dataset": "qasper", "example_id": "ba807a8dc6931a2fff48fc5c718428138347b476cd2022b8dd5f7bfd7beed411", "hidden": 0.03812797740101814, "kl": 0.10649403184652328, "loss": 0.22993384301662445, "rank": 2, "sequence_tokens": 4096, "stratum": "domain"}, {"answer_positions": 21, "balance_group": "domain/qasper", "balance_weight": 1.0, "ce": 0.5561341047286987, "dataset": "qasper", "example_id": "d1bb596b4e27f89454b2487d44acd3a88617960fcfd252ef8935d1046486e365", "hidden": 0.05224892124533653, "kl": 0.08785049617290497, "loss": 0.2914578318595886, "rank": 3, "sequence_tokens": 4096, "stratum": "domain"}, {"answer_positions": 9, "balance_group": "domain/2wikimqa", "balance_weight": 1.0, "ce": 0.0022969688288867474, "dataset": "2wikimqa", "example_id": "0c6fa82cb2195a2e7b1720db956ac9604a4348652a4242dee8e26513b6b1161c", "hidden": 0.02543475292623043, "kl": 0.0009725105483084917, "loss": 0.006460965145379305, "rank": 4, "sequence_tokens": 2237, "stratum": "domain"}, {"answer_positions": 4, "balance_group": "domain/2wikimqa", "balance_weight": 1.0, "ce": 0.22387006878852844, "dataset": "2wikimqa", "example_id": "9bbc7e86748b08701f83973905543113d307349f70d1a8e79fda394e2b3f5f77", "hidden": 0.027392923831939697, "kl": 0.09287586808204651, "loss": 0.13872666656970978, "rank": 5, "sequence_tokens": 868, "stratum": "domain"}, {"answer_positions": 5, "balance_group": "domain/2wikimqa", "balance_weight": 1.0, "ce": 0.07451114803552628, "dataset": "2wikimqa", "example_id": "5be262a97e034b2c32e99bdda7a76369995ba08df51b7447475e52ea466be5c6", "hidden": 0.04480170086026192, "kl": 0.19093753397464752, "loss": 0.10931849479675293, "rank": 6, "sequence_tokens": 1178, "stratum": "domain"}, {"answer_positions": 2, "balance_group": "domain/2wikimqa", "balance_weight": 1.0, "ce": 0.33236685395240784, "dataset": "2wikimqa", "example_id": "dbe89c50260fcba0deaa11f21cad60c941a88f4fd6f2c5c876320e757da9b724", "hidden": 0.043324679136276245, "kl": 0.37397512793540955, "loss": 0.2891212999820709, "rank": 7, "sequence_tokens": 865, "stratum": "domain"}], "step": 101, "step_gate_recorded": null, "summary": {"by_balance_group": {"domain/2wikimqa": {"answer_positions": 20, "ce": 0.15826125990133733, "examples": 4, "hidden": 0.03523851418867707, "kl": 0.16469026013510302, "loss": 0.13590685662347823}, "domain/qasper": {"answer_positions": 40, "ce": 0.285592426545918, "examples": 4, "hidden": 0.043002158403396606, "kl": 0.0669363122433424, "loss": 0.1605447381734848}}, "example_balanced": true, "overall": {"answer_positions": 60, "ce": 0.22192684322362766, "examples": 8, "hidden": 0.03912033629603684, "kl": 0.11581328618922271, "loss": 0.14822579739848152}, "selection_direction": "min", "selection_metric": "overall.loss", "target_token_weighting_used": false, "weight_sum": 8.0}}
{"global_grad_norm_before_clip": 0.6278840899467468, "learning_rate_used": 2.395940343999691e-06, "next_learning_rate": 2.2285403854302912e-06, "rows": [{"answer_positions": 2, "balance_group": "domain/qasper", "balance_weight": 1.0, "ce": 0.13747292757034302, "dataset": "qasper", "example_id": "39b1b358343c935157e3bb7cb2588268c0abc96e385f553cdb73692896992ecd", "hidden": 0.026124656200408936, "kl": 0.116237111389637, "loss": 0.10777073353528976, "rank": 0, "sequence_tokens": 3142, "stratum": "domain"}, {"answer_positions": 4, "balance_group": "domain/qasper", "balance_weight": 1.0, "ce": 0.042120419442653656, "dataset": "qasper", "example_id": "07ee92a6faf7f266ac3cfe7a2de5761c5bd47ada9d89f0040e92fb13f4922c2f", "hidden": 0.03927390277385712, "kl": 0.024164289236068726, "loss": 0.03526647016406059, "rank": 1, "sequence_tokens": 4096, "stratum": "domain"}, {"answer_positions": 4, "balance_group": "domain/qasper", "balance_weight": 1.0, "ce": 0.9115418791770935, "dataset": "qasper", "example_id": "c3f4f325cb0b3310d32e5b570fcfcbaa28aa35bf5bb8507c0f3dd48b9b84194e", "hidden": 0.03304702043533325, "kl": 0.18966548144817352, "loss": 0.48318615555763245, "rank": 2, "sequence_tokens": 3710, "stratum": "domain"}, {"answer_positions": 23, "balance_group": "domain/qasper", "balance_weight": 1.0, "ce": 0.04075709357857704, "dataset": "qasper", "example_id": "421dbbda34c5fdcc1acc6df62897463dc3b809fa5bb0e08cf31b825882211044", "hidden": 0.042009949684143066, "kl": 0.020947290584445, "loss": 0.03407423198223114, "rank": 3, "sequence_tokens": 4096, "stratum": "domain"}, {"answer_positions": 2, "balance_group": "domain/2wikimqa", "balance_weight": 1.0, "ce": 0.32312893867492676, "dataset": "2wikimqa", "example_id": "b3a554df9c815dcbd73383f90b23019941df3b93221f1fde78c4b3f10f5846b9", "hidden": 0.04873549938201904, "kl": 0.37492719292640686, "loss": 0.2863796353340149, "rank": 4, "sequence_tokens": 738, "stratum": "domain"}, {"answer_positions": 2, "balance_group": "domain/2wikimqa", "balance_weight": 1.0, "ce": 0.008309533819556236, "dataset": "2wikimqa", "example_id": "0a2b9baca9dd584c54e41d270eb960fe7dc04c13750b7f2c4b8921fe88d3537a", "hidden": 0.026706427335739136, "kl": 0.03248579800128937, "loss": 0.02045060507953167, "rank": 5, "sequence_tokens": 1656, "stratum": "domain"}, {"answer_positions": 2, "balance_group": "domain/2wikimqa", "balance_weight": 1.0, "ce": 0.2672726511955261, "dataset": "2wikimqa", "example_id": "1ff89ed1d3503ab1f8635aa6eeb2a69dfc210618566ea25d151b3eac799d0a45", "hidden": 0.04735419154167175, "kl": 0.4416745603084564, "loss": 0.2843296229839325, "rank": 6, "sequence_tokens": 823, "stratum": "domain"}, {"answer_positions": 2, "balance_group": "domain/2wikimqa", "balance_weight": 1.0, "ce": 0.3523657023906708, "dataset": "2wikimqa", "example_id": "095718450314ca8854b88d6beb763454a85cea331758ea20fe40ca4ae7a31c9c", "hidden": 0.04020380973815918, "kl": 0.3337344825267792, "loss": 0.2834123969078064, "rank": 7, "sequence_tokens": 959, "stratum": "domain"}], "step": 102, "step_gate_recorded": null, "summary": {"by_balance_group": {"domain/2wikimqa": {"answer_positions": 8, "ce": 0.23776920652016997, "examples": 4, "hidden": 0.04074998199939728, "kl": 0.29570550844073296, "loss": 0.21864306507632136}, "domain/qasper": {"answer_positions": 33, "ce": 0.2829730799421668, "examples": 4, "hidden": 0.03511388227343559, "kl": 0.08775354316458106, "loss": 0.16507439780980349}}, "example_balanced": true, "overall": {"answer_positions": 41, "ce": 0.2603711432311684, "examples": 8, "hidden": 0.037931932136416435, "kl": 0.191729525802657, "loss": 0.19185873144306242}, "selection_direction": "min", "selection_metric": "overall.loss", "target_token_weighting_used": false, "weight_sum": 8.0}}
{"global_grad_norm_before_clip": 1.2193580865859985, "learning_rate_used": 2.2285403854302912e-06, "next_learning_rate": 2.0664665970876496e-06, "rows": [{"answer_positions": 15, "balance_group": "domain/qasper", "balance_weight": 1.0, "ce": 2.299957036972046, "dataset": "qasper", "example_id": "8f5bda4c9a76032aee98ebe9f5297efe2462b2e1db59be876ca03f6e2e648c21", "hidden": 0.039771851152181625, "kl": 0.1390424519777298, "loss": 1.0915998220443726, "rank": 0, "sequence_tokens": 4096, "stratum": "domain"}, {"answer_positions": 3, "balance_group": "domain/qasper", "balance_weight": 1.0, "ce": 0.18768265843391418, "dataset": "qasper", "example_id": "7ce762de105a4d6356e1c46d4edd1fbcb66f716ca6d6c70871c0de184a06302f", "hidden": 0.03630423545837402, "kl": 0.07169445604085922, "loss": 0.11681109666824341, "rank": 1, "sequence_tokens": 4096, "stratum": "domain"}, {"answer_positions": 2, "balance_group": "domain/qasper", "balance_weight": 1.0, "ce": 0.32590529322624207, "dataset": "qasper", "example_id": "344ebf382a0296172953e43f52b4064bf2b4656af170d4be7d252f94c790a969", "hidden": 0.030764102935791016, "kl": 0.4194653034210205, "loss": 0.299623042345047, "rank": 2, "sequence_tokens": 2669, "stratum": "domain"}, {"answer_positions": 12, "balance_group": "domain/qasper", "balance_weight": 1.0, "ce": 0.6129950881004333, "dataset": "qasper", "example_id": "0fed5ab05ab92c9b1623e1d863d371952d248da4f8c3af49f2b942ebab4e1349", "hidden": 0.047912754118442535, "kl": 0.12859098613262177, "loss": 0.33043718338012695, "rank": 3, "sequence_tokens": 3157, "stratum": "domain"}, {"answer_positions": 2, "balance_group": "domain/2wikimqa", "balance_weight": 1.0, "ce": 1.011622428894043, "dataset": "2wikimqa", "example_id": "08c5d07e6def2b2149c0d92f71ac1e9f663056545ea9069992a6bf6b950918ab", "hidden": 0.059416115283966064, "kl": 0.433243066072464, "loss": 0.6187483668327332, "rank": 4, "sequence_tokens": 576, "stratum": "domain"}, {"answer_positions": 3, "balance_group": "domain/2wikimqa", "balance_weight": 1.0, "ce": 0.05045245215296745, "dataset": "2wikimqa", "example_id": "945e943601054f8e972750d09caf2d26c70d2928675480f9b64495a4c7938ff8", "hidden": 0.029198726639151573, "kl": 0.09684820473194122, "loss": 0.06244022026658058, "rank": 5, "sequence_tokens": 1500, "stratum": "domain"}, {"answer_positions": 2, "balance_group": "domain/2wikimqa", "balance_weight": 1.0, "ce": 0.46809208393096924, "dataset": "2wikimqa", "example_id": "c9ae924f592f2904d3727994207752aba6e9749061039d4a3db9891981ab901e", "hidden": 0.042432427406311035, "kl": 0.3627220392227173, "loss": 0.34608063101768494, "rank": 6, "sequence_tokens": 1040, "stratum": "domain"}, {"answer_positions": 9, "balance_group": "domain/2wikimqa", "balance_weight": 1.0, "ce": 0.023443162441253662, "dataset": "2wikimqa", "example_id": "b9a5b1c35552f6b9bcdf1cb3de9666b32dd6bd52c65b921c282e82cb74eb1908", "hidden": 0.02661672607064247, "kl": 0.004660651087760925, "loss": 0.017503995448350906, "rank": 7, "sequence_tokens": 1292, "stratum": "domain"}], "step": 103, "step_gate_recorded": null, "summary": {"by_balance_group": {"domain/2wikimqa": {"answer_positions": 16, "ce": 0.38840253185480833, "examples": 4, "hidden": 0.039415998850017786, "kl": 0.22436849027872086, "loss": 0.2611933033913374}, "domain/qasper": {"answer_positions": 32, "ce": 0.8566350191831589, "examples": 4, "hidden": 0.0386882359161973, "kl": 0.18969829939305782, "loss": 0.4596177861094475}}, "example_balanced": true, "overall": {"answer_positions": 48, "ce": 0.6225187755189836, "examples": 8, "hidden": 0.03905211738310754, "kl": 0.20703339483588934, "loss": 0.36040554475039244}, "selection_direction": "min", "selection_metric": "overall.loss", "target_token_weighting_used": false, "weight_sum": 8.0}}
{"global_grad_norm_before_clip": 0.6421346068382263, "learning_rate_used": 2.0664665970876496e-06, "next_learning_rate": 1.9098300562505266e-06, "rows": [{"answer_positions": 9, "balance_group": "domain/qasper", "balance_weight": 1.0, "ce": 0.9676689505577087, "dataset": "qasper", "example_id": "fb88b4ae27181302c60ce17bd3b742b3d7a5f262d0b1298277b3ca602841389e", "hidden": 0.03431611508131027, "kl": 0.07451436668634415, "loss": 0.46839427947998047, "rank": 0, "sequence_tokens": 4096, "stratum": "domain"}, {"answer_positions": 4, "balance_group": "domain/qasper", "balance_weight": 1.0, "ce": 0.11952345073223114, "dataset": "qasper", "example_id": "9d07aad34c78bc9ee150abc447293d78f2e53a997a6cbc8edd9b461cae222f77", "hidden": 0.027611061930656433, "kl": 0.06621616333723068, "loss": 0.08248341828584671, "rank": 1, "sequence_tokens": 2553, "stratum": "domain"}, {"answer_positions": 33, "balance_group": "domain/qasper", "balance_weight": 1.0, "ce": 0.2515833377838135, "dataset": "qasper", "example_id": "bacc4fe984600eb7b5d44cfb6b96494a23faec390e994abc6289dd109d0e127c", "hidden": 0.03652848303318024, "kl": 0.0558960996568203, "loss": 0.14008182287216187, "rank": 2, "sequence_tokens": 4096, "stratum": "domain"}, {"answer_positions": 45, "balance_group": "domain/qasper", "balance_weight": 1.0, "ce": 2.201460599899292, "dataset": "qasper", "example_id": "2320b0d1ce171d2e8e6d5330663a745d975a45996e93ecf8fd22cbf68e5d0fe0", "hidden": 0.016917984932661057, "kl": 0.0431036651134491, "loss": 1.009127140045166, "rank": 3, "sequence_tokens": 1269, "stratum": "domain"}, {"answer_positions": 2, "balance_group": "domain/2wikimqa", "balance_weight": 1.0, "ce": 0.20638614892959595, "dataset": "2wikimqa", "example_id": "15d1dcde2e3143017cb863da1aa21acbef0502eb9f330b32b8b4ad0d4175c9dc", "hidden": 0.03747621178627014, "kl": 0.555077075958252, "loss": 0.2946459949016571, "rank": 4, "sequence_tokens": 1376, "stratum": "domain"}, {"answer_positions": 11, "balance_group": "domain/2wikimqa", "balance_weight": 1.0, "ce": 0.004298800602555275, "dataset": "2wikimqa", "example_id": "c3244da4f03c5d50d2ba2b4475d98e7154de689b2884c8014670c3abf5c12348", "hidden": 0.057384200394153595, "kl": 0.002545630559325218, "loss": 0.014302270486950874, "rank": 5, "sequence_tokens": 1448, "stratum": "domain"}, {"answer_positions": 3, "balance_group": "domain/2wikimqa", "balance_weight": 1.0, "ce": 0.23257672786712646, "dataset": "2wikimqa", "example_id": "e5d4fb61a5ad637d86c4f1a8287fcba21d1d8c2112add03a04520f1f43dd5668", "hidden": 0.02386409044265747, "kl": 0.20451180636882782, "loss": 0.18101146817207336, "rank": 6, "sequence_tokens": 736, "stratum": "domain"}, {"answer_positions": 2, "balance_group": "domain/2wikimqa", "balance_weight": 1.0, "ce": 0.5458555817604065, "dataset": "2wikimqa", "example_id": "80837bf1807eeacb714c5448ed2b7fe96708afeb35a81094b2380231d7022fc8", "hidden": 0.04418101906776428, "kl": 0.5425209999084473, "loss": 0.4443535804748535, "rank": 7, "sequence_tokens": 1484, "stratum": "domain"}], "step": 104, "step_gate_recorded": null, "summary": {"by_balance_group": {"domain/2wikimqa": {"answer_positions": 18, "ce": 0.24727931478992105, "examples": 4, "hidden": 0.04072638042271137, "kl": 0.32616387819871306, "loss": 0.23357832850888371}, "domain/qasper": {"answer_positions": 91, "ce": 0.8850590847432613, "examples": 4, "hidden": 0.028843411244452, "kl": 0.059932573698461056, "loss": 0.42502166517078876}}, "example_balanced": true, "overall": {"answer_positions": 109, "ce": 0.5661691997665912, "examples": 8, "hidden": 0.034784895833581686, "kl": 0.19304822594858706, "loss": 0.32929999683983624}, "selection_direction": "min", "selection_metric": "overall.loss", "target_token_weighting_used": false, "weight_sum": 8.0}}
{"global_grad_norm_before_clip": 1.7793830633163452, "learning_rate_used": 1.9098300562505266e-06, "next_learning_rate": 1.7587381137798432e-06, "rows": [{"answer_positions": 27, "balance_group": "domain/qasper", "balance_weight": 1.0, "ce": 0.7921481132507324, "dataset": "qasper", "example_id": "baf2ad71050a5c7c04ab87587036ef6a02dcdc7b500df9f820c0e7ae785c6e45", "hidden": 0.03689492121338844, "kl": 0.08347862213850021, "loss": 0.39306315779685974, "rank": 0, "sequence_tokens": 4096, "stratum": "domain"}, {"answer_positions": 2, "balance_group": "domain/qasper", "balance_weight": 1.0, "ce": 0.19284307956695557, "dataset": "qasper", "example_id": "c087ea0545e1a72b44e41f77bf29f6e001ebd0fcf25e4bd3d673aa6f524e5b4d", "hidden": 0.038139939308166504, "kl": 0.26319605112075806, "loss": 0.18652600049972534, "rank": 1, "sequence_tokens": 4016, "stratum": "domain"}, {"answer_positions": 2, "balance_group": "domain/qasper", "balance_weight": 1.0, "ce": 3.942521095275879, "dataset": "qasper", "example_id": "d673c4863e975154e87ea5e067b627e900064347f33bea8bae09178aad9d2325", "hidden": 0.0386810302734375, "kl": 0.41208702325820923, "loss": 1.9261010885238647, "rank": 2, "sequence_tokens": 4096, "stratum": "domain"}, {"answer_positions": 65, "balance_group": "domain/qasper", "balance_weight": 1.0, "ce": 0.21406345069408417, "dataset": "qasper", "example_id": "b505e703e396e5111ac3c87650e5efa3ed6ee9ac8dfb1ace45c58a468ce56c55", "hidden": 0.041171226650476456, "kl": 0.024513576179742813, "loss": 0.11314254999160767, "rank": 3, "sequence_tokens": 4096, "stratum": "domain"}, {"answer_positions": 5, "balance_group": "domain/2wikimqa", "balance_weight": 1.0, "ce": 0.18114057183265686, "dataset": "2wikimqa", "example_id": "80414965ccf6c01d85b3d6302447829d4fbfeef0dc412cff50658a729460dfc9", "hidden": 0.02763925865292549, "kl": 0.015884358435869217, "loss": 0.09260063618421555, "rank": 4, "sequence_tokens": 993, "stratum": "domain"}, {"answer_positions": 2, "balance_group": "domain/2wikimqa", "balance_weight": 1.0, "ce": 0.2688778340816498, "dataset": "2wikimqa", "example_id": "57cd2cae2c3bcc296380cf0d847b4c909c9b4ba55f7e6dd862946dcbe504da2a", "hidden": 0.022800475358963013, "kl": 0.32197532057762146, "loss": 0.23824648559093475, "rank": 5, "sequence_tokens": 701, "stratum": "domain"}, {"answer_positions": 4, "balance_group": "domain/2wikimqa", "balance_weight": 1.0, "ce": 0.012770242057740688, "dataset": "2wikimqa", "example_id": "e23c6138c24cf5dbf5e187a15d70d86fdd3c27513197b55d92056e4b7a325d7a", "hidden": 0.03377251327037811, "kl": 0.005981778260320425, "loss": 0.014594733715057373, "rank": 6, "sequence_tokens": 1042, "stratum": "domain"}, {"answer_positions": 2, "balance_group": "domain/2wikimqa", "balance_weight": 1.0, "ce": 0.03632324934005737, "dataset": "2wikimqa", "example_id": "4c1bc1ba5df922c6483795da1e6f85047b97987639b4a2f993dc0c4efd59845f", "hidden": 0.038649559020996094, "kl": 0.023292982950806618, "loss": 0.03222791478037834, "rank": 7, "sequence_tokens": 851, "stratum": "domain"}], "step": 105, "step_gate_recorded": null, "summary": {"by_balance_group": {"domain/2wikimqa": {"answer_positions": 13, "ce": 0.12477797432802618, "examples": 4, "hidden": 0.030715451575815678, "kl": 0.09178361005615443, "loss": 0.0944174425676465}, "domain/qasper": {"answer_positions": 96, "ce": 1.2853939346969128, "examples": 4, "hidden": 0.038721779361367226, "kl": 0.19581881817430258, "loss": 0.6547081992030144}}, "example_balanced": true, "overall": {"answer_positions": 109, "ce": 0.7050859545124695, "examples": 8, "hidden": 0.03471861546859145, "kl": 0.1438012141152285, "loss": 0.37456282088533044}, "selection_direction": "min", "selection_metric": "overall.loss", "target_token_weighting_used": false, "weight_sum": 8.0}}
{"global_grad_norm_before_clip": 3.4565281867980957, "learning_rate_used": 1.7587381137798432e-06, "next_learning_rate": 1.6132943205457607e-06, "rows": [{"answer_positions": 2, "balance_group": "domain/qasper", "balance_weight": 1.0, "ce": 1.0461668968200684, "dataset": "qasper", "example_id": "303a103d63d6995e21723869b2bd5040a3a2637a9a10f2526a94c5a532a67dac", "hidden": 0.035303354263305664, "kl": 0.19467346370220184, "loss": 0.5459714531898499, "rank": 0, "sequence_tokens": 2475, "stratum": "domain"}, {"answer_positions": 4, "balance_group": "domain/qasper", "balance_weight": 1.0, "ce": 0.123864084482193, "dataset": "qasper", "example_id": "8a8184c57f7b4eee9b033ca1b1fef57b90b34c01da82f936863240df9b074314", "hidden": 0.051044851541519165, "kl": 0.3078553080558777, "loss": 0.17369715869426727, "rank": 1, "sequence_tokens": 4096, "stratum": "domain"}, {"answer_positions": 24, "balance_group": "domain/qasper", "balance_weight": 1.0, "ce": 0.3044600784778595, "dataset": "qasper", "example_id": "74a12268ee43866a8e577872abdff6d200ecc12e86078ceaa0a99849f3fb4020", "hidden": 0.05791990086436272, "kl": 0.04717279225587845, "loss": 0.16510148346424103, "rank": 2, "sequence_tokens": 4096, "stratum": "domain"}, {"answer_positions": 49, "balance_group": "domain/qasper", "balance_weight": 1.0, "ce": 0.4208952486515045, "dataset": "qasper", "example_id": "83b3b208f96abbca0e0232b6f0b006ea1a63d0c679de49575444da55957f7c18", "hidden": 0.034559693187475204, "kl": 0.04015759378671646, "loss": 0.21036995947360992, "rank": 3, "sequence_tokens": 2956, "stratum": "domain"}, {"answer_positions": 2, "balance_group": "domain/2wikimqa", "balance_weight": 1.0, "ce": 0.7010320425033569, "dataset": "2wikimqa", "example_id": "348df5c5dcafa8059fef9edbafe88caff208aee9ad6247e4a5b031f77d6f0000", "hidden": 0.047965824604034424, "kl": 0.525336742401123, "loss": 0.5089254379272461, "rank": 4, "sequence_tokens": 602, "stratum": "domain"}, {"answer_positions": 2, "balance_group": "domain/2wikimqa", "balance_weight": 1.0, "ce": 0.34363922476768494, "dataset": "2wikimqa", "example_id": "231fec4318eb521d7053f49d84aada221bac9518f2ee19358c6beae7e5a6e9c2", "hidden": 0.04710140824317932, "kl": 0.3828234076499939, "loss": 0.2980461120605469, "rank": 5, "sequence_tokens": 551, "stratum": "domain"}, {"answer_positions": 2, "balance_group": "domain/2wikimqa", "balance_weight": 1.0, "ce": 0.3322930932044983, "dataset": "2wikimqa", "example_id": "96199b50af0edf46fb2f3e4271ad92d7a557ec42e361f5de8a6d57ad2f9cf843", "hidden": 0.05069839954376221, "kl": 0.41562411189079285, "loss": 0.3051399886608124, "rank": 6, "sequence_tokens": 652, "stratum": "domain"}, {"answer_positions": 2, "balance_group": "domain/2wikimqa", "balance_weight": 1.0, "ce": 0.43418821692466736, "dataset": "2wikimqa", "example_id": "599892847926049e9ef955235d53a258bf7c3fd67c29d2db9bb65e86d86a9425", "hidden": 0.04597318172454834, "kl": 0.35377323627471924, "loss": 0.32839998602867126, "rank": 7, "sequence_tokens": 1389, "stratum": "domain"}], "step": 106, "step_gate_recorded": null, "summary": {"by_balance_group": {"domain/2wikimqa": {"answer_positions": 8, "ce": 0.4527881443500519, "examples": 4, "hidden": 0.04793470352888107, "kl": 0.41938937455415726, "loss": 0.36012788116931915}, "domain/qasper": {"answer_positions": 79, "ce": 0.47384657710790634, "examples": 4, "hidden": 0.04470694996416569, "kl": 0.1474647894501686, "loss": 0.273785013705492}}, "example_balanced": true, "overall": {"answer_positions": 87, "ce": 0.4633173607289791, "examples": 8, "hidden": 0.04632082674652338, "kl": 0.28342708200216293, "loss": 0.3169564474374056}, "selection_direction": "min", "selection_metric": "overall.loss", "target_token_weighting_used": false, "weight_sum": 8.0}}
{"global_grad_norm_before_clip": 0.6621862053871155, "learning_rate_used": 1.6132943205457607e-06, "next_learning_rate": 1.4735983564590784e-06, "rows": [{"answer_positions": 13, "balance_group": "domain/qasper", "balance_weight": 1.0, "ce": 0.44756004214286804, "dataset": "qasper", "example_id": "aebfc7c275136e128e01b5f255cb3739aa9880171314e69ca1a4b6bd1a3b6a2a", "hidden": 0.04669632390141487, "kl": 0.026429804041981697, "loss": 0.21999169886112213, "rank": 0, "sequence_tokens": 4096, "stratum": "domain"}, {"answer_positions": 257, "balance_group": "domain/qasper", "balance_weight": 1.0, "ce": 0.1419631987810135, "dataset": "qasper", "example_id": "f56cac2cbb43a7c3e23b9ec04eda2480c60c51087f0295a0f8d3c2a100b64877", "hidden": 0.0354260690510273, "kl": 0.020356612280011177, "loss": 0.07809346169233322, "rank": 1, "sequence_tokens": 4096, "stratum": "domain"}, {"answer_positions": 4, "balance_group": "domain/qasper", "balance_weight": 1.0, "ce": 0.2250407636165619, "dataset": "qasper", "example_id": "4d6647a77cf9962999c8726a5526658b274d164443d47f757b00b213a6e3ccf8", "hidden": 0.04442936182022095, "kl": 0.16618867218494415, "loss": 0.16832025349140167, "rank": 2, "sequence_tokens": 2713, "stratum": "domain"}, {"answer_positions": 4, "balance_group": "domain/qasper", "balance_weight": 1.0, "ce": 0.043638601899147034, "dataset": "qasper", "example_id": "79677056c5888ac565cbf8f19180e1e39d9a135af4700121f28f516440e0d746", "hidden": 0.047065481543540955, "kl": 0.019716793671250343, "loss": 0.03595134615898132, "rank": 3, "sequence_tokens": 4096, "stratum": "domain"}, {"answer_positions": 6, "balance_group": "domain/2wikimqa", "balance_weight": 1.0, "ce": 0.07428169995546341, "dataset": "2wikimqa", "example_id": "b5364ed807db122f6f202552b31b9bf1dd6c0f454a8c572c2b5353e27a57cde1", "hidden": 0.024646859616041183, "kl": 0.016955487430095673, "loss": 0.044290557503700256, "rank": 4, "sequence_tokens": 625, "stratum": "domain"}, {"answer_positions": 4, "balance_group": "domain/2wikimqa", "balance_weight": 1.0, "ce": 0.0684860572218895, "dataset": "2wikimqa", "example_id": "64569a222fc43f07ef0ac187c8039a3c0ce67be7c48b003dad38c3dc249c262a", "hidden": 0.023040011525154114, "kl": 0.0026248556096106768, "loss": 0.03634542599320412, "rank": 5, "sequence_tokens": 846, "stratum": "domain"}, {"answer_positions": 2, "balance_group": "domain/2wikimqa", "balance_weight": 1.0, "ce": 0.3820559084415436, "dataset": "2wikimqa", "example_id": "6ffb6d6f699390321aa63c373e792ab92173314f3f79254d69a910a6475ce546", "hidden": 0.05233922600746155, "kl": 0.32287368178367615, "loss": 0.2953988015651703, "rank": 6, "sequence_tokens": 1402, "stratum": "domain"}, {"answer_positions": 9, "balance_group": "domain/2wikimqa", "balance_weight": 1.0, "ce": 0.011246511712670326, "dataset": "2wikimqa", "example_id": "60fd81144c6908836accb9b22eb0a08ae3a064bdf5a368ad73f5d8907c957be6", "hidden": 0.032567720860242844, "kl": 0.00847975630313158, "loss": 0.01454238872975111, "rank": 7, "sequence_tokens": 858, "stratum": "domain"}], "step": 107, "step_gate_recorded": null, "summary": {"by_balance_group": {"domain/2wikimqa": {"answer_positions": 21, "ce": 0.1340175443328917, "examples": 4, "hidden": 0.03314845450222492, "kl": 0.08773344528162852, "loss": 0.09764429344795644}, "domain/qasper": {"answer_positions": 278, "ce": 0.2145506516098976, "examples": 4, "hidden": 0.04340430907905102, "kl": 0.05817297054454684, "loss": 0.1255891900509596}}, "example_balanced": true, "overall": {"answer_positions": 299, "ce": 0.17428409797139466, "examples": 8, "hidden": 0.03827638179063797, "kl": 0.07295320791308768, "loss": 0.11161674174945801}, "selection_direction": "min", "selection_metric": "overall.loss", "target_token_weighting_used": false, "weight_sum": 8.0}}
{"global_grad_norm_before_clip": 1.7526878118515015, "learning_rate_used": 1.4735983564590784e-06, "next_learning_rate": 1.339745962155613e-06, "rows": [{"answer_positions": 6, "balance_group": "domain/qasper", "balance_weight": 1.0, "ce": 0.2112993597984314, "dataset": "qasper", "example_id": "393384d0c631863a02671fb3ae8c407f3a5114cc790f766adb81735056f39e94", "hidden": 0.04486725851893425, "kl": 0.10150618851184845, "loss": 0.13958533108234406, "rank": 0, "sequence_tokens": 4096, "stratum": "domain"}, {"answer_positions": 2, "balance_group": "domain/qasper", "balance_weight": 1.0, "ce": 0.22795352339744568, "dataset": "qasper", "example_id": "22fba6214c786bb8ce30037f64c4b4fb43d490c1174505cca81aef00a3dd17d8", "hidden": 0.028141945600509644, "kl": 0.3803746700286865, "loss": 0.2413385957479477, "rank": 1, "sequence_tokens": 3115, "stratum": "domain"}, {"answer_positions": 4, "balance_group": "domain/qasper", "balance_weight": 1.0, "ce": 1.0074721574783325, "dataset": "qasper", "example_id": "0b6670e17478467fde08cd77f286019350dcc1fe87e1569d581d56d22b04b306", "hidden": 0.027659207582473755, "kl": 0.22166064381599426, "loss": 0.5364755392074585, "rank": 2, "sequence_tokens": 4096, "stratum": "domain"}, {"answer_positions": 2, "balance_group": "domain/qasper", "balance_weight": 1.0, "ce": 0.3418017029762268, "dataset": "qasper", "example_id": "45cbb723776864c6edeb1f7db4c0d5d83db8a9eecc99c0e6f547ca13f275c68d", "hidden": 0.031046509742736816, "kl": 0.42939695715904236, "loss": 0.3103090226650238, "rank": 3, "sequence_tokens": 2478, "stratum": "domain"}, {"answer_positions": 2, "balance_group": "domain/2wikimqa", "balance_weight": 1.0, "ce": 0.3622792065143585, "dataset": "2wikimqa", "example_id": "6fbd69b9020114a0421f45c20bc2b236215723f65ce54ccde42f7525d880eef8", "hidden": 0.05295470356941223, "kl": 0.34437188506126404, "loss": 0.29414674639701843, "rank": 4, "sequence_tokens": 1152, "stratum": "domain"}, {"answer_positions": 3, "balance_group": "domain/2wikimqa", "balance_weight": 1.0, "ce": 0.04573114961385727, "dataset": "2wikimqa", "example_id": "13fa47d9b550d5488688d9162a77cface37e6fff8b13982205292852898b62a3", "hidden": 0.0197601318359375, "kl": 0.011773763224482536, "loss": 0.02865186147391796, "rank": 5, "sequence_tokens": 759, "stratum": "domain"}, {"answer_positions": 2, "balance_group": "domain/2wikimqa", "balance_weight": 1.0, "ce": 0.0044480725191533566, "dataset": "2wikimqa", "example_id": "93e1cdb60d221eebd528bc4ff23da880b33d6fd9b8e5da91d20874dd641edd90", "hidden": 0.034908831119537354, "kl": 0.0019475107546895742, "loss": 0.009665027260780334, "rank": 6, "sequence_tokens": 1107, "stratum": "domain"}, {"answer_positions": 4, "balance_group": "domain/2wikimqa", "balance_weight": 1.0, "ce": 0.518261194229126, "dataset": "2wikimqa", "example_id": "d04bd366f81ba11105bb3b163c617c46a190df382bbf16039eb3ec666b8cfa42", "hidden": 0.0544096976518631, "kl": 0.18650515377521515, "loss": 0.3093762695789337, "rank": 7, "sequence_tokens": 1432, "stratum": "domain"}], "step": 108, "step_gate_recorded": null, "summary": {"by_balance_group": {"domain/2wikimqa": {"answer_positions": 11, "ce": 0.23267990571912378, "examples": 4, "hidden": 0.040508341044187546, "kl": 0.13614957820391282, "loss": 0.1604599761776626}, "domain/qasper": {"answer_positions": 14, "ce": 0.4471316859126091, "examples": 4, "hidden": 0.032928730361163616, "kl": 0.2832346148788929, "loss": 0.3069271221756935}}, "example_balanced": true, "overall": {"answer_positions": 25, "ce": 0.33990579581586644, "examples": 8, "hidden": 0.03671853570267558, "kl": 0.20969209654140286, "loss": 0.23369354917667806}, "selection_direction": "min", "selection_metric": "overall.loss", "target_token_weighting_used": false, "weight_sum": 8.0}}
{"global_grad_norm_before_clip": 0.5437436103820801, "learning_rate_used": 1.339745962155613e-06, "next_learning_rate": 1.2118288733803474e-06, "rows": [{"answer_positions": 13, "balance_group": "domain/qasper", "balance_weight": 1.0, "ce": 0.3205118775367737, "dataset": "qasper", "example_id": "3091f1d7471ef64d22f2d9aab3468b6952efba92ff329e9688f814fd1a60fc6e", "hidden": 0.05589067190885544, "kl": 0.05235052481293678, "loss": 0.17373114824295044, "rank": 0, "sequence_tokens": 4096, "stratum": "domain"}, {"answer_positions": 4, "balance_group": "domain/qasper", "balance_weight": 1.0, "ce": 0.13841167092323303, "dataset": "qasper", "example_id": "49f77300b9d5a72f16f6cc5d0ee8effbf6b19eb9584645e75b17cb033f6ca3c1", "hidden": 0.034460365772247314, "kl": 0.11645878106355667, "loss": 0.1099378913640976, "rank": 1, "sequence_tokens": 4096, "stratum": "domain"}, {"answer_positions": 2, "balance_group": "domain/qasper", "balance_weight": 1.0, "ce": 0.22547583281993866, "dataset": "qasper", "example_id": "4203c5a3893099da89764d0013b45a7331d9ba28249b59d71457472d5448a339", "hidden": 0.034370094537734985, "kl": 0.470970094203949, "loss": 0.2731776833534241, "rank": 2, "sequence_tokens": 3711, "stratum": "domain"}, {"answer_positions": 104, "balance_group": "domain/qasper", "balance_weight": 1.0, "ce": 0.349292516708374, "dataset": "qasper", "example_id": "2a906f21e76868fa99cc6df0efa06fd6c34ec2889375791b45a7ba4a22b0db30", "hidden": 0.015319538302719593, "kl": 0.015403413213789463, "loss": 0.16563673317432404, "rank": 3, "sequence_tokens": 2819, "stratum": "domain"}, {"answer_positions": 8, "balance_group": "domain/2wikimqa", "balance_weight": 1.0, "ce": 0.011895125731825829, "dataset": "2wikimqa", "example_id": "c8ca8e8a39f98e6a4aae312a61c9b4aa9850d3def7f9d2a7cee7b78787750848", "hidden": 0.054880425333976746, "kl": 0.006006465759128332, "loss": 0.018431155011057854, "rank": 4, "sequence_tokens": 1162, "stratum": "domain"}, {"answer_positions": 5, "balance_group": "domain/2wikimqa", "balance_weight": 1.0, "ce": 0.008374955505132675, "dataset": "2wikimqa", "example_id": "0f28af9d42a91317615da66202bc015b0ceab11e3e70c8b8c2e01aa28855e01c", "hidden": 0.022638345137238503, "kl": 0.004165878985077143, "loss": 0.009754456579685211, "rank": 5, "sequence_tokens": 1380, "stratum": "domain"}, {"answer_positions": 2, "balance_group": "domain/2wikimqa", "balance_weight": 1.0, "ce": 0.21550889313220978, "dataset": "2wikimqa", "example_id": "7f23b7edfb299084e8baf75d11310dc0b79c7afc6667150efae524997471af26", "hidden": 0.038174599409103394, "kl": 0.2737618386745453, "loss": 0.20043055713176727, "rank": 6, "sequence_tokens": 780, "stratum": "domain"}, {"answer_positions": 2, "balance_group": "domain/2wikimqa", "balance_weight": 1.0, "ce": 0.3603975474834442, "dataset": "2wikimqa", "example_id": "640e446df1844b8a38ac52538adbf44b73fc1cd76cfd099d50483559f4595e08", "hidden": 0.04370385408401489, "kl": 0.34357839822769165, "loss": 0.2911721169948578, "rank": 7, "sequence_tokens": 1098, "stratum": "domain"}], "step": 109, "step_gate_recorded": null, "summary": {"by_balance_group": {"domain/2wikimqa": {"answer_positions": 17, "ce": 0.14904413046315312, "examples": 4, "hidden": 0.039849305991083384, "kl": 0.1568781454116106, "loss": 0.12994707142934203}, "domain/qasper": {"answer_positions": 123, "ce": 0.25842297449707985, "examples": 4, "hidden": 0.03501016763038933, "kl": 0.16379570332355797, "loss": 0.18062086403369904}}, "example_balanced": true, "overall": {"answer_positions": 140, "ce": 0.2037335524801165, "examples": 8, "hidden": 0.03742973681073636, "kl": 0.1603369243675843, "loss": 0.15528396773152053}, "selection_direction": "min", "selection_metric": "overall.loss", "target_token_weighting_used": false, "weight_sum": 8.0}}
{"global_grad_norm_before_clip": 0.6844975352287292, "learning_rate_used": 1.2118288733803474e-06, "next_learning_rate": 1.0899347581163222e-06, "rows": [{"answer_positions": 15, "balance_group": "domain/qasper", "balance_weight": 1.0, "ce": 1.171784520149231, "dataset": "qasper", "example_id": "083a46ba9cd3cbc10ad1fa1735a76a25c1a22a787628a6284919eaf6788b15df", "hidden": 0.03710020333528519, "kl": 0.0454791858792305, "loss": 0.5506408214569092, "rank": 0, "sequence_tokens": 2920, "stratum": "domain"}, {"answer_positions": 16, "balance_group": "domain/qasper", "balance_weight": 1.0, "ce": 0.04571598768234253, "dataset": "qasper", "example_id": "079abe8bc24b47d5da91ece68115549e233cce7dc34bf8afe71c18076ca66b25", "hidden": 0.05420351028442383, "kl": 0.04935169219970703, "loss": 0.048685990273952484, "rank": 1, "sequence_tokens": 4096, "stratum": "domain"}, {"answer_positions": 16, "balance_group": "domain/qasper", "balance_weight": 1.0, "ce": 1.1000502109527588, "dataset": "qasper", "example_id": "94c2386db84f750b421069d3a8e9af45c64fbfea4cb996bcfa12fc3a0671c7e6", "hidden": 0.037528857588768005, "kl": 0.1652747094631195, "loss": 0.5603744983673096, "rank": 2, "sequence_tokens": 4096, "stratum": "domain"}, {"answer_positions": 12, "balance_group": "domain/qasper", "balance_weight": 1.0, "ce": 0.061367325484752655, "dataset": "qasper", "example_id": "1dd197e79c0a6dd204a758d757b0511e5b43d98e135f7e4263e6be38df304912", "hidden": 0.04259568080306053, "kl": 0.05765838548541069, "loss": 0.0563148632645607, "rank": 3, "sequence_tokens": 4096, "stratum": "domain"}, {"answer_positions": 5, "balance_group": "domain/2wikimqa", "balance_weight": 1.0, "ce": 0.004304002970457077, "dataset": "2wikimqa", "example_id": "3e04b42989a4ddb6396fb3cb02b9d2fc88d9294524e22c87cefa964d21dc93c5", "hidden": 0.02338848076760769, "kl": 0.002168946899473667, "loss": 0.007373628672212362, "rank": 4, "sequence_tokens": 689, "stratum": "domain"}, {"answer_positions": 5, "balance_group": "domain/2wikimqa", "balance_weight": 1.0, "ce": 0.074689581990242, "dataset": "2wikimqa", "example_id": "7c681c51fb8dd020252a2eeb6fc0e54b51ec35758c055ff3b3a073094155f1f2", "hidden": 0.029217934235930443, "kl": 0.03567717224359512, "loss": 0.051940906792879105, "rank": 5, "sequence_tokens": 1787, "stratum": "domain"}, {"answer_positions": 9, "balance_group": "domain/2wikimqa", "balance_weight": 1.0, "ce": 0.06393421441316605, "dataset": "2wikimqa", "example_id": "54dd3fe5536028f51b9ba7afaae41eadb37f64e86689d7d3e5d6b6f7e2b2e31f", "hidden": 0.023767458274960518, "kl": 0.023784276098012924, "loss": 0.04184838384389877, "rank": 6, "sequence_tokens": 1503, "stratum": "domain"}, {"answer_positions": 10, "balance_group": "domain/2wikimqa", "balance_weight": 1.0, "ce": 0.003711212193593383, "dataset": "2wikimqa", "example_id": "73a0663a6a742867b72c648c481b55b56cd6646bc5aca588fa063a9728fcda95", "hidden": 0.04154321551322937, "kl": 0.0017160592833533883, "loss": 0.010579309426248074, "rank": 7, "sequence_tokens": 845, "stratum": "domain"}], "step": 110, "step_gate_recorded": null, "summary": {"by_balance_group": {"domain/2wikimqa": {"answer_positions": 29, "ce": 0.03665975289186463, "examples": 4, "hidden": 0.029479272197932005, "kl": 0.015836613631108776, "loss": 0.02793555718380958}, "domain/qasper": {"answer_positions": 59, "ce": 0.5947295110672712, "examples": 4, "hidden": 0.04285706300288439, "kl": 0.07944099325686693, "loss": 0.304004043340683}}, "example_balanced": true, "overall": {"answer_positions": 88, "ce": 0.31569463197956793, "examples": 8, "hidden": 0.036168167600408196, "kl": 0.047638803443987854, "loss": 0.16596980026224628}, "selection_direction": "min", "selection_metric": "overall.loss", "target_token_weighting_used": false, "weight_sum": 8.0}}
{"global_grad_norm_before_clip": 2.019529104232788, "learning_rate_used": 1.0899347581163222e-06, "next_learning_rate": 9.74147156501396e-07, "rows": [{"answer_positions": 3, "balance_group": "domain/qasper", "balance_weight": 1.0, "ce": 4.51491117477417, "dataset": "qasper", "example_id": "1b3d6ec19f413e66e5d9952290b86877d35d225a4924dd3f57d4b686c24feb00", "hidden": 0.0511578731238842, "kl": 0.39144283533096313, "loss": 2.1789464950561523, "rank": 0, "sequence_tokens": 3406, "stratum": "domain"}, {"answer_positions": 29, "balance_group": "domain/qasper", "balance_weight": 1.0, "ce": 0.37546759843826294, "dataset": "qasper", "example_id": "7c1a6523f5be2673786f9db156c4941b157dbbb80568291414ed341fe2d8ae39", "hidden": 0.04366641864180565, "kl": 0.0958995670080185, "loss": 0.21125854551792145, "rank": 1, "sequence_tokens": 4096, "stratum": "domain"}, {"answer_positions": 11, "balance_group": "domain/qasper", "balance_weight": 1.0, "ce": 1.5710653066635132, "dataset": "qasper", "example_id": "da5df6716288e4b0cd52ef38755fc7440094ef30fe39c7cd90d3054052a23156", "hidden": 0.03552961349487305, "kl": 0.2094305008649826, "loss": 0.7873860001564026, "rank": 2, "sequence_tokens": 2616, "stratum": "domain"}, {"answer_positions": 2, "balance_group": "domain/qasper", "balance_weight": 1.0, "ce": 0.15837052464485168, "dataset": "qasper", "example_id": "62bcc22e148ea7c8c78b7910f5e8f68a45b4f728be2766a4fbf2ae79b484eef1", "hidden": 0.04266032576560974, "kl": 0.16083785891532898, "loss": 0.13609205186367035, "rank": 3, "sequence_tokens": 4096, "stratum": "domain"}, {"answer_positions": 10, "balance_group": "domain/2wikimqa", "balance_weight": 1.0, "ce": 0.001560220611281693, "dataset": "2wikimqa", "example_id": "bf2583dc1cdec688cde65a91f7062acc6c72e7814318c677798bfdc4ee138d33", "hidden": 0.03176988288760185, "kl": 0.0006155390874482691, "loss": 0.007271514739841223, "rank": 4, "sequence_tokens": 1025, "stratum": "domain"}, {"answer_positions": 7, "balance_group": "domain/2wikimqa", "balance_weight": 1.0, "ce": 0.10551094263792038, "dataset": "2wikimqa", "example_id": "6ec40aceadbaf07feaab5992362d246944c8bf1c09581dcc850e99c842ca4017", "hidden": 0.025624873116612434, "kl": 0.020892290398478508, "loss": 0.05991720035672188, "rank": 5, "sequence_tokens": 928, "stratum": "domain"}, {"answer_positions": 3, "balance_group": "domain/2wikimqa", "balance_weight": 1.0, "ce": 0.01620173640549183, "dataset": "2wikimqa", "example_id": "7ff331ba2b2ffc6b3d0c0b89395b671f10e07abaad6578f2e67b51491e5ebb8b", "hidden": 0.0311087965965271, "kl": 0.324365496635437, "loss": 0.12704046070575714, "rank": 6, "sequence_tokens": 898, "stratum": "domain"}, {"answer_positions": 2, "balance_group": "domain/2wikimqa", "balance_weight": 1.0, "ce": 0.32063695788383484, "dataset": "2wikimqa", "example_id": "9738bf2182a62875e7f8823ead8608d2d4d9553d1576b8c93e4fd8639d460089", "hidden": 0.04404929280281067, "kl": 0.37103238701820374, "loss": 0.28295785188674927, "rank": 7, "sequence_tokens": 741, "stratum": "domain"}], "step": 111, "step_gate_recorded": null, "summary": {"by_balance_group": {"domain/2wikimqa": {"answer_positions": 22, "ce": 0.11097746438463219, "examples": 4, "hidden": 0.033138211350888014, "kl": 0.17922642828489188, "loss": 0.11929675692226738}, "domain/qasper": {"answer_positions": 45, "ce": 1.6549536511301994, "examples": 4, "hidden": 0.04325355775654316, "kl": 0.2144026905298233, "loss": 0.8284207731485367}}, "example_balanced": true, "overall": {"answer_positions": 67, "ce": 0.8829655577574158, "examples": 8, "hidden": 0.03819588455371559, "kl": 0.1968145594073576, "loss": 0.47385876503540203}, "selection_direction": "min", "selection_metric": "overall.loss", "target_token_weighting_used": false, "weight_sum": 8.0}}
{"global_grad_norm_before_clip": 0.8466371893882751, "learning_rate_used": 9.74147156501396e-07, "next_learning_rate": 8.645454235739903e-07, "rows": [{"answer_positions": 100, "balance_group": "domain/qasper", "balance_weight": 1.0, "ce": 0.4313144087791443, "dataset": "qasper", "example_id": "a7fb0373a808ffffc55c35d82206e793b4774dafbdcd7f4da4f581e84880ab44", "hidden": 0.033882949501276016, "kl": 0.07307863235473633, "loss": 0.22644558548927307, "rank": 0, "sequence_tokens": 2400, "stratum": "domain"}, {"answer_positions": 24, "balance_group": "domain/qasper", "balance_weight": 1.0, "ce": 2.19030499458313, "dataset": "qasper", "example_id": "43cece0d6ea07c7e4e37b3e13e553042674784a9c01c8c81f084086faab8699e", "hidden": 0.020283762365579605, "kl": 0.09759896993637085, "loss": 1.0238536596298218, "rank": 1, "sequence_tokens": 4096, "stratum": "domain"}, {"answer_positions": 16, "balance_group": "domain/qasper", "balance_weight": 1.0, "ce": 3.183457374572754, "dataset": "qasper", "example_id": "e7c96927053f34edb21573a67c263f9b8d674811f4918463e7ee0052bbeb9654", "hidden": 0.017726793885231018, "kl": 0.06462694704532623, "loss": 1.4587206840515137, "rank": 2, "sequence_tokens": 4096, "stratum": "domain"}, {"answer_positions": 4, "balance_group": "domain/qasper", "balance_weight": 1.0, "ce": 0.4839441776275635, "dataset": "qasper", "example_id": "dd8bb14ccb72a57c319d181dd07699a4c85f7b1e537a464c51ee0ffdd4c0b27e", "hidden": 0.04575049877166748, "kl": 0.10753981024026871, "loss": 0.2645638883113861, "rank": 3, "sequence_tokens": 1799, "stratum": "domain"}, {"answer_positions": 9, "balance_group": "domain/2wikimqa", "balance_weight": 1.0, "ce": 0.001711522345431149, "dataset": "2wikimqa", "example_id": "b0190f778c828270096684a5d0daf7be7072ea665ced102947cb59bda6188613", "hidden": 0.024495627731084824, "kl": 0.0005734721198678017, "loss": 0.005870025604963303, "rank": 4, "sequence_tokens": 969, "stratum": "domain"}, {"answer_positions": 2, "balance_group": "domain/2wikimqa", "balance_weight": 1.0, "ce": 0.24918772280216217, "dataset": "2wikimqa", "example_id": "59f35b9c25ea3b04cd56b4b7f1f21bcb35f767a419825f9800bb35432d1cc3a7", "hidden": 0.04595524072647095, "kl": 0.47103577852249146, "loss": 0.286188006401062, "rank": 5, "sequence_tokens": 757, "stratum": "domain"}, {"answer_positions": 2, "balance_group": "domain/2wikimqa", "balance_weight": 1.0, "ce": 0.003131682751700282, "dataset": "2wikimqa", "example_id": "0d9c38ce89c7ba55f0cecaba1470165f95033a4a5d96e4afd827218f0b974e19", "hidden": 0.03385993838310242, "kl": 0.0030693192966282368, "loss": 0.009255506098270416, "rank": 6, "sequence_tokens": 631, "stratum": "domain"}, {"answer_positions": 9, "balance_group": "domain/2wikimqa", "balance_weight": 1.0, "ce": 0.001713618403300643, "dataset": "2wikimqa", "example_id": "f72237e03c4956d108580b23ffed17e30d3c82b6d478c5a9079c0400a1651f03", "hidden": 0.03366929292678833, "kl": 0.0004580222303047776, "loss": 0.00766529468819499, "rank": 7, "sequence_tokens": 1159, "stratum": "domain"}], "step": 112, "step_gate_recorded": null, "summary": {"by_balance_group": {"domain/2wikimqa": {"answer_positions": 22, "ce": 0.06393613657564856, "examples": 4, "hidden": 0.03449502494186163, "kl": 0.11878414804232307, "loss": 0.07724470819812268}, "domain/qasper": {"answer_positions": 144, "ce": 1.5722552388906479, "examples": 4, "hidden": 0.02941100113093853, "kl": 0.08571108989417553, "loss": 0.7433959543704987}}, "example_balanced": true, "overall": {"answer_positions": 166, "ce": 0.8180956877331482, "examples": 8, "hidden": 0.03195301303640008, "kl": 0.1022476189682493, "loss": 0.41032033128431067}, "selection_direction": "min", "selection_metric": "overall.loss", "target_token_weighting_used": false, "weight_sum": 8.0}}
{"global_grad_norm_before_clip": 0.47878408432006836, "learning_rate_used": 8.645454235739903e-07, "next_learning_rate": 7.612046748871327e-07, "rows": [{"answer_positions": 19, "balance_group": "domain/qasper", "balance_weight": 1.0, "ce": 1.2956775426864624, "dataset": "qasper", "example_id": "e45f83f1e88b7e653314395ef30f691ca398c1ecdc7e5c34b08dcc7be6c69162", "hidden": 0.03770864009857178, "kl": 0.0495058037340641, "loss": 0.6079236268997192, "rank": 0, "sequence_tokens": 2926, "stratum": "domain"}, {"answer_positions": 41, "balance_group": "domain/qasper", "balance_weight": 1.0, "ce": 0.386005699634552, "dataset": "qasper", "example_id": "03d9994c12c0b204480dbc3eefdba13a1dfb83c303826d6a9067d10857019df2", "hidden": 0.04053615778684616, "kl": 0.0794740542769432, "loss": 0.209625706076622, "rank": 1, "sequence_tokens": 4096, "stratum": "domain"}, {"answer_positions": 58, "balance_group": "domain/qasper", "balance_weight": 1.0, "ce": 0.15329726040363312, "dataset": "qasper", "example_id": "92fdfb43990fe3d83e3c91f15657e3c22a62fa25c6f020a42ddcab339ded1107", "hidden": 0.058777596801519394, "kl": 0.02871684916317463, "loss": 0.09079018235206604, "rank": 2, "sequence_tokens": 4096, "stratum": "domain"}, {"answer_positions": 19, "balance_group": "domain/qasper", "balance_weight": 1.0, "ce": 0.4714975953102112, "dataset": "qasper", "example_id": "abe2f2cb0224046d9dd91b93306f84a9b829118a0347a0ee8113eee77e72a507", "hidden": 0.035273000597953796, "kl": 0.07101742923259735, "loss": 0.24408461153507233, "rank": 3, "sequence_tokens": 3411, "stratum": "domain"}, {"answer_positions": 2, "balance_group": "domain/2wikimqa", "balance_weight": 1.0, "ce": 0.2697949707508087, "dataset": "2wikimqa", "example_id": "88bbd5b9d00fd781ca09b743fc9707ca552f537da3ca0d3f4a243d74c54c6d5b", "hidden": 0.04671919345855713, "kl": 0.4434458315372467, "loss": 0.28595760464668274, "rank": 4, "sequence_tokens": 936, "stratum": "domain"}, {"answer_positions": 5, "balance_group": "domain/2wikimqa", "balance_weight": 1.0, "ce": 0.5482926368713379, "dataset": "2wikimqa", "example_id": "3c7a7d8218e730daebd8507432194f61f503aa6d1aa5ee1f60c07f773e3b20da", "hidden": 0.02889120578765869, "kl": 0.20276983082294464, "loss": 0.32347938418388367, "rank": 5, "sequence_tokens": 653, "stratum": "domain"}, {"answer_positions": 2, "balance_group": "domain/2wikimqa", "balance_weight": 1.0, "ce": 0.38025954365730286, "dataset": "2wikimqa", "example_id": "d470a533aa23edbc0a6e3e4eb99da911bd588779a13d3ae5335686047b8e505d", "hidden": 0.048316359519958496, "kl": 0.34443992376327515, "loss": 0.301334023475647, "rank": 6, "sequence_tokens": 1164, "stratum": "domain"}, {"answer_positions": 10, "balance_group": "domain/2wikimqa", "balance_weight": 1.0, "ce": 0.0070649804547429085, "dataset": "2wikimqa", "example_id": "6319d647132aba9f1e5780c68538da7a3486dae228878f7e3a18959927295166", "hidden": 0.023899568244814873, "kl": 0.0021272082813084126, "loss": 0.008703677915036678, "rank": 7, "sequence_tokens": 1755, "stratum": "domain"}], "step": 113, "step_gate_recorded": null, "summary": {"by_balance_group": {"domain/2wikimqa": {"answer_positions": 19, "ce": 0.3013530329335481, "examples": 4, "hidden": 0.0369565817527473, "kl": 0.24819569860119373, "loss": 0.22986867255531251}, "domain/qasper": {"answer_positions": 137, "ce": 0.5766195245087147, "examples": 4, "hidden": 0.04307384882122278, "kl": 0.05717853410169482, "loss": 0.2881060317158699}}, "example_balanced": true, "overall": {"answer_positions": 156, "ce": 0.4389862787211314, "examples": 8, "hidden": 0.04001521528698504, "kl": 0.15268711635144427, "loss": 0.2589873521355912}, "selection_direction": "min", "selection_metric": "overall.loss", "target_token_weighting_used": false, "weight_sum": 8.0}}
{"global_grad_norm_before_clip": 0.4979884922504425, "learning_rate_used": 7.612046748871327e-07, "next_learning_rate": 6.641957350279838e-07, "rows": [{"answer_positions": 26, "balance_group": "domain/qasper", "balance_weight": 1.0, "ce": 1.2156648635864258, "dataset": "qasper", "example_id": "2e70071254465af8e91716bebc3b9d6aab7942410fab87f21890fed4c3678909", "hidden": 0.04282853379845619, "kl": 0.14501705765724182, "loss": 0.6063708662986755, "rank": 0, "sequence_tokens": 3966, "stratum": "domain"}, {"answer_positions": 93, "balance_group": "domain/qasper", "balance_weight": 1.0, "ce": 0.13933485746383667, "dataset": "qasper", "example_id": "50ffb740370552ee1536ed25f744b40bf9e5e4c37c3b965d197e49dcb14d4ddf", "hidden": 0.020245028659701347, "kl": 0.0326785072684288, "loss": 0.07818716019392014, "rank": 1, "sequence_tokens": 3054, "stratum": "domain"}, {"answer_positions": 7, "balance_group": "domain/qasper", "balance_weight": 1.0, "ce": 0.33948299288749695, "dataset": "qasper", "example_id": "71f3c30a2dd33f3fb4c58a5a8f9aa842adfbfb957b01bf5ffd9d3ccad4777979", "hidden": 0.043635670095682144, "kl": 0.04710807278752327, "loss": 0.17798230051994324, "rank": 2, "sequence_tokens": 4096, "stratum": "domain"}, {"answer_positions": 2, "balance_group": "domain/qasper", "balance_weight": 1.0, "ce": 0.3494930863380432, "dataset": "qasper", "example_id": "9bc26f5899bedc3139833408506074db7fa2baa88a659d6869fba4c3fd331561", "hidden": 0.0485403835773468, "kl": 0.6241540312767029, "loss": 0.3854338824748993, "rank": 3, "sequence_tokens": 4096, "stratum": "domain"}, {"answer_positions": 2, "balance_group": "domain/2wikimqa", "balance_weight": 1.0, "ce": 0.002382728038355708, "dataset": "2wikimqa", "example_id": "c725dc3b4c7ae9aee08d43d6644948e47fe8ffccf87f734e866af7b28f49ab23", "hidden": 0.03746432065963745, "kl": 0.00108365248888731, "loss": 0.008944369852542877, "rank": 4, "sequence_tokens": 1683, "stratum": "domain"}, {"answer_positions": 8, "balance_group": "domain/2wikimqa", "balance_weight": 1.0, "ce": 0.007084170822054148, "dataset": "2wikimqa", "example_id": "b02f8d348a85089f8d687c7289b38b68219a1e5d35e2c331895cf0476f502bc9", "hidden": 0.03137180209159851, "kl": 0.0021700263023376465, "loss": 0.010221746750175953, "rank": 5, "sequence_tokens": 1050, "stratum": "domain"}, {"answer_positions": 5, "balance_group": "domain/2wikimqa", "balance_weight": 1.0, "ce": 0.0038885422982275486, "dataset": "2wikimqa", "example_id": "9b17474cf3249245ed6aafcf705448485577db1724cb2afb46223780c6e43419", "hidden": 0.02642970159649849, "kl": 0.0008824903634376824, "loss": 0.007344656158238649, "rank": 6, "sequence_tokens": 930, "stratum": "domain"}, {"answer_positions": 4, "balance_group": "domain/2wikimqa", "balance_weight": 1.0, "ce": 0.057541217654943466, "dataset": "2wikimqa", "example_id": "1047ade40c10883cba2f63c5f1bc089a05d5791f7232ef162be83530a5264c70", "hidden": 0.02596321702003479, "kl": 0.02154465764760971, "loss": 0.03862681984901428, "rank": 7, "sequence_tokens": 1055, "stratum": "domain"}], "step": 114, "step_gate_recorded": null, "summary": {"by_balance_group": {"domain/2wikimqa": {"answer_positions": 19, "ce": 0.017724164703395218, "examples": 4, "hidden": 0.03030726034194231, "kl": 0.006420206700568087, "loss": 0.01628439815249294}, "domain/qasper": {"answer_positions": 128, "ce": 0.5109939500689507, "examples": 4, "hidden": 0.03881240403279662, "kl": 0.2122394172474742, "loss": 0.31199355237185955}}, "example_balanced": true, "overall": {"answer_positions": 147, "ce": 0.26435905738617294, "examples": 8, "hidden": 0.034559832187369466, "kl": 0.10932981197402114, "loss": 0.16413897526217625}, "selection_direction": "min", "selection_metric": "overall.loss", "target_token_weighting_used": false, "weight_sum": 8.0}}
{"global_grad_norm_before_clip": 0.7247140407562256, "learning_rate_used": 6.641957350279838e-07, "next_learning_rate": 5.735850890782158e-07, "rows": [{"answer_positions": 63, "balance_group": "domain/qasper", "balance_weight": 1.0, "ce": 1.2503544092178345, "dataset": "qasper", "example_id": "173c8c448adb5f1b14611b1def67599567dcec1520393aeedadd32e84a830997", "hidden": 0.023989984765648842, "kl": 0.052040793001651764, "loss": 0.5856717228889465, "rank": 0, "sequence_tokens": 4096, "stratum": "domain"}, {"answer_positions": 2, "balance_group": "domain/qasper", "balance_weight": 1.0, "ce": 0.6989567875862122, "dataset": "qasper", "example_id": "b52f9b6abf2fcaa4adfd8f0d96b6cc0637bc3c18b1e7bfbf26ca054f8d69c734", "hidden": 0.038109779357910156, "kl": 0.5031521916389465, "loss": 0.49825575947761536, "rank": 1, "sequence_tokens": 4096, "stratum": "domain"}, {"answer_positions": 9, "balance_group": "domain/qasper", "balance_weight": 1.0, "ce": 0.1426469087600708, "dataset": "qasper", "example_id": "d93a2b4d9add5a247df446cbdd206a03486f5e8f793e697af77bb7a4b740757f", "hidden": 0.03192153945565224, "kl": 0.09261022508144379, "loss": 0.10298899561166763, "rank": 2, "sequence_tokens": 3350, "stratum": "domain"}, {"answer_positions": 2, "balance_group": "domain/qasper", "balance_weight": 1.0, "ce": 0.24038682878017426, "dataset": "qasper", "example_id": "59b31963e206afbf9eee6f1c7c78d58f8e2992feb14b3be689a7bf19e60fd56f", "hidden": 0.032260894775390625, "kl": 0.22732794284820557, "loss": 0.19419102370738983, "rank": 3, "sequence_tokens": 1880, "stratum": "domain"}, {"answer_positions": 2, "balance_group": "domain/2wikimqa", "balance_weight": 1.0, "ce": 0.26813891530036926, "dataset": "2wikimqa", "example_id": "98ff3ee0229abfc12ef7a182da251234099fcb8cc40175f49d758513e94e2558", "hidden": 0.046094417572021484, "kl": 0.4382578730583191, "loss": 0.2832716405391693, "rank": 4, "sequence_tokens": 2296, "stratum": "domain"}, {"answer_positions": 2, "balance_group": "domain/2wikimqa", "balance_weight": 1.0, "ce": 0.35674360394477844, "dataset": "2wikimqa", "example_id": "f6e0726d4d44adb520ebc2d7af3fab8d4141f7d64ae0283be7e63398ff1c6a2e", "hidden": 0.05063474178314209, "kl": 0.349252849817276, "loss": 0.29290005564689636, "rank": 5, "sequence_tokens": 729, "stratum": "domain"}, {"answer_positions": 2, "balance_group": "domain/2wikimqa", "balance_weight": 1.0, "ce": 0.2650165557861328, "dataset": "2wikimqa", "example_id": "59bd5483af5f6de3254375174b2302993d82e1a32dfad9f55cf2dfeee814ca83", "hidden": 0.047826290130615234, "kl": 0.44716694951057434, "loss": 0.2853311598300934, "rank": 6, "sequence_tokens": 740, "stratum": "domain"}, {"answer_positions": 9, "balance_group": "domain/2wikimqa", "balance_weight": 1.0, "ce": 0.010701174847781658, "dataset": "2wikimqa", "example_id": "d7050d72d8e93661b12fdb365d12735bc47d55e34f70a1cbe9232b935d4d6e98", "hidden": 0.0327603816986084, "kl": 0.005507929716259241, "loss": 0.013295380398631096, "rank": 7, "sequence_tokens": 1373, "stratum": "domain"}], "step": 115, "step_gate_recorded": null, "summary": {"by_balance_group": {"domain/2wikimqa": {"answer_positions": 15, "ce": 0.22515006246976554, "examples": 4, "hidden": 0.0443289577960968, "kl": 0.31004640052560717, "loss": 0.21869955910369754}, "domain/qasper": {"answer_positions": 76, "ce": 0.5830862335860729, "examples": 4, "hidden": 0.031570549588650465, "kl": 0.2187827881425619, "loss": 0.34527687542140484}}, "example_balanced": true, "overall": {"answer_positions": 91, "ce": 0.40411814802791923, "examples": 8, "hidden": 0.03794975369237363, "kl": 0.26441459433408454, "loss": 0.2819882172625512}, "selection_direction": "min", "selection_metric": "overall.loss", "target_token_weighting_used": false, "weight_sum": 8.0}}
{"global_grad_norm_before_clip": 0.8011990785598755, "learning_rate_used": 5.735850890782158e-07, "next_learning_rate": 4.894348370484648e-07, "rows": [{"answer_positions": 12, "balance_group": "domain/qasper", "balance_weight": 1.0, "ce": 0.027179522439837456, "dataset": "qasper", "example_id": "53bc96b6477ca7fd1ba649d77d710373221368641f802413c8d8e58b7b8b661b", "hidden": 0.033798255026340485, "kl": 0.023582158610224724, "loss": 0.027244191616773605, "rank": 0, "sequence_tokens": 3597, "stratum": "domain"}, {"answer_positions": 8, "balance_group": "domain/qasper", "balance_weight": 1.0, "ce": 3.35565185546875, "dataset": "qasper", "example_id": "30837d022f66e868e2293cd9fd0d40069e1d9db1f6317f22c7778dadfeaf5874", "hidden": 0.025323674082756042, "kl": 0.08347751200199127, "loss": 1.5443251132965088, "rank": 1, "sequence_tokens": 1877, "stratum": "domain"}, {"answer_positions": 47, "balance_group": "domain/qasper", "balance_weight": 1.0, "ce": 0.11382822692394257, "dataset": "qasper", "example_id": "955cc763476c134e3867fed23213c469b432c85a463c6737145e7e8ffe19dc12", "hidden": 0.04042460024356842, "kl": 0.034025002270936966, "loss": 0.07121637463569641, "rank": 2, "sequence_tokens": 4096, "stratum": "domain"}, {"answer_positions": 21, "balance_group": "domain/qasper", "balance_weight": 1.0, "ce": 0.7931350469589233, "dataset": "qasper", "example_id": "24932abfcd9c467da209cf7ceab88eaff942935b90c4e9e72713a2a4f7799da3", "hidden": 0.02806098759174347, "kl": 0.08853289484977722, "loss": 0.39350947737693787, "rank": 3, "sequence_tokens": 4096, "stratum": "domain"}, {"answer_positions": 2, "balance_group": "domain/2wikimqa", "balance_weight": 1.0, "ce": 0.2666487991809845, "dataset": "2wikimqa", "example_id": "338d5eb27d12a5a153481baca919ec2a2732cdb6750bbb88286a1db883e58bdb", "hidden": 0.043706536293029785, "kl": 0.4460107088088989, "loss": 0.284837007522583, "rank": 4, "sequence_tokens": 855, "stratum": "domain"}, {"answer_positions": 3, "balance_group": "domain/2wikimqa", "balance_weight": 1.0, "ce": 0.3302069306373596, "dataset": "2wikimqa", "example_id": "76834d8a3fea87f1df2c2b3a585d1b00602cd919dbef861452b52f4eeac29873", "hidden": 0.02204332873225212, "kl": 0.20994751155376434, "loss": 0.22648341953754425, "rank": 5, "sequence_tokens": 1238, "stratum": "domain"}, {"answer_positions": 9, "balance_group": "domain/2wikimqa", "balance_weight": 1.0, "ce": 0.00168487592600286, "dataset": "2wikimqa", "example_id": "f72237e03c4956d108580b23ffed17e30d3c82b6d478c5a9079c0400a1651f03", "hidden": 0.03635131195187569, "kl": 0.00045266043161973357, "loss": 0.008186887949705124, "rank": 6, "sequence_tokens": 1159, "stratum": "domain"}, {"answer_positions": 2, "balance_group": "domain/2wikimqa", "balance_weight": 1.0, "ce": 0.3335079252719879, "dataset": "2wikimqa", "example_id": "633d0bf58c1dcc940ca9e431137e0246c29254ebf4b42985370ae7e5d978726b", "hidden": 0.049170851707458496, "kl": 0.47756293416023254, "loss": 0.3270597457885742, "rank": 7, "sequence_tokens": 1681, "stratum": "domain"}], "step": 116, "step_gate_recorded": null, "summary": {"by_balance_group": {"domain/2wikimqa": {"answer_positions": 16, "ce": 0.23301213275408372, "examples": 4, "hidden": 0.03781800717115402, "kl": 0.2834934537386289, "loss": 0.21164176519960165}, "domain/qasper": {"answer_positions": 88, "ce": 1.0724486629478633, "examples": 4, "hidden": 0.031901879236102104, "kl": 0.057404391933232546, "loss": 0.5090737892314792}}, "example_balanced": true, "overall": {"answer_positions": 104, "ce": 0.6527303978509735, "examples": 8, "hidden": 0.03485994320362806, "kl": 0.17044892283593072, "loss": 0.3603577772155404}, "selection_direction": "min", "selection_metric": "overall.loss", "target_token_weighting_used": false, "weight_sum": 8.0}}
{"global_grad_norm_before_clip": 0.7558618783950806, "learning_rate_used": 4.894348370484648e-07, "next_learning_rate": 4.118026513180695e-07, "rows": [{"answer_positions": 10, "balance_group": "domain/qasper", "balance_weight": 1.0, "ce": 1.7895110845565796, "dataset": "qasper", "example_id": "e157cc3cac50f07803d9c9b576660304b9ce27add349054f7b4f3d7525ff7393", "hidden": 0.0597982294857502, "kl": 0.207171231508255, "loss": 0.8897495865821838, "rank": 0, "sequence_tokens": 4096, "stratum": "domain"}, {"answer_positions": 6, "balance_group": "domain/qasper", "balance_weight": 1.0, "ce": 0.9126567244529724, "dataset": "qasper", "example_id": "c71eb02281de7c1a440ee1909a3a433d45f7619fe5803d8a7721d9d6b2472482", "hidden": 0.03275027126073837, "kl": 0.22791461646556854, "loss": 0.49701568484306335, "rank": 1, "sequence_tokens": 4096, "stratum": "domain"}, {"answer_positions": 49, "balance_group": "domain/qasper", "balance_weight": 1.0, "ce": 2.7046022415161133, "dataset": "qasper", "example_id": "980823e50454443dc1b08430a44d54a66032b986b40432b672142c3b2e8d774b", "hidden": 0.012965845875442028, "kl": 0.053164027631282806, "loss": 1.2382714748382568, "rank": 2, "sequence_tokens": 1273, "stratum": "domain"}, {"answer_positions": 79, "balance_group": "domain/qasper", "balance_weight": 1.0, "ce": 0.16441503167152405, "dataset": "qasper", "example_id": "9b58864437835e1ba4943744cfd2543c0c91c75b9cfae27ba6fa7b17908a7684", "hidden": 0.043011877685785294, "kl": 0.06214231997728348, "loss": 0.10433894395828247, "rank": 3, "sequence_tokens": 4096, "stratum": "domain"}, {"answer_positions": 2, "balance_group": "domain/2wikimqa", "balance_weight": 1.0, "ce": 0.006887173280119896, "dataset": "2wikimqa", "example_id": "0a2b9baca9dd584c54e41d270eb960fe7dc04c13750b7f2c4b8921fe88d3537a", "hidden": 0.02731841802597046, "kl": 0.038932427763938904, "loss": 0.02218926139175892, "rank": 4, "sequence_tokens": 1656, "stratum": "domain"}, {"answer_positions": 11, "balance_group": "domain/2wikimqa", "balance_weight": 1.0, "ce": 0.00319083989597857, "dataset": "2wikimqa", "example_id": "62928c0125dbbc17ea45ed907b714512336a2d99cdef8540f1c9feaac94610f4", "hidden": 0.02449624240398407, "kl": 0.0020162509754300117, "loss": 0.007040814496576786, "rank": 5, "sequence_tokens": 1338, "stratum": "domain"}, {"answer_positions": 2, "balance_group": "domain/2wikimqa", "balance_weight": 1.0, "ce": 0.2705914378166199, "dataset": "2wikimqa", "example_id": "d9b0c3a088b32666aaf21394fa2a99cc7848521f6f622eb55b947647f454a927", "hidden": 0.044481754302978516, "kl": 0.4432962238788605, "loss": 0.28581616282463074, "rank": 6, "sequence_tokens": 873, "stratum": "domain"}, {"answer_positions": 8, "balance_group": "domain/2wikimqa", "balance_weight": 1.0, "ce": 0.0732545405626297, "dataset": "2wikimqa", "example_id": "84c5fb8ae263842e626235b4b712d0be9b396492289b6823ebaf2f4286a2f6b7", "hidden": 0.029559090733528137, "kl": 0.051580846309661865, "loss": 0.056929655373096466, "rank": 7, "sequence_tokens": 1549, "stratum": "domain"}], "step": 117, "step_gate_recorded": null, "summary": {"by_balance_group": {"domain/2wikimqa": {"answer_positions": 23, "ce": 0.08848099788883701, "examples": 4, "hidden": 0.031463876366615295, "kl": 0.1339564372319728, "loss": 0.09299397352151573}, "domain/qasper": {"answer_positions": 144, "ce": 1.3927962705492973, "examples": 4, "hidden": 0.03713155607692897, "kl": 0.13759804889559746, "loss": 0.6823439225554466}}, "example_balanced": true, "overall": {"answer_positions": 167, "ce": 0.7406386342190672, "examples": 8, "hidden": 0.034297716221772134, "kl": 0.13577724306378514, "loss": 0.3876689480384812}, "selection_direction": "min", "selection_metric": "overall.loss", "target_token_weighting_used": false, "weight_sum": 8.0}}
{"global_grad_norm_before_clip": 1.7785967588424683, "learning_rate_used": 4.118026513180695e-07, "next_learning_rate": 3.4074173710931804e-07, "rows": [{"answer_positions": 7, "balance_group": "domain/qasper", "balance_weight": 1.0, "ce": 1.3616187572479248, "dataset": "qasper", "example_id": "18bbd37e1e69ef07875a2c563cc1612b1ac8e9c6d965b2f7f2820cd49ba9b1b8", "hidden": 0.033276449888944626, "kl": 0.08181877434253693, "loss": 0.6480202674865723, "rank": 0, "sequence_tokens": 3606, "stratum": "domain"}, {"answer_positions": 5, "balance_group": "domain/qasper", "balance_weight": 1.0, "ce": 0.706318736076355, "dataset": "qasper", "example_id": "f62981380201cf8c26dbb3165544f887f9b5cbe13da51b640c234d8a4d425288", "hidden": 0.03823648765683174, "kl": 0.26591435074806213, "loss": 0.41856077313423157, "rank": 1, "sequence_tokens": 3357, "stratum": "domain"}, {"answer_positions": 18, "balance_group": "domain/qasper", "balance_weight": 1.0, "ce": 3.4513542652130127, "dataset": "qasper", "example_id": "0070add01e359f4bd486d1aa8137b4c9a297eba76345a9316b1d2a55bbf535e6", "hidden": 0.03152840957045555, "kl": 0.1379234343767166, "loss": 1.607688307762146, "rank": 2, "sequence_tokens": 3420, "stratum": "domain"}, {"answer_positions": 34, "balance_group": "domain/qasper", "balance_weight": 1.0, "ce": 1.323036551475525, "dataset": "qasper", "example_id": "86923d00f41a3573f165309ca518d1e36444c8b82c3a111afb5e547b245a04db", "hidden": 0.04282523691654205, "kl": 0.1647081971168518, "loss": 0.6615793704986572, "rank": 3, "sequence_tokens": 3027, "stratum": "domain"}, {"answer_positions": 7, "balance_group": "domain/2wikimqa", "balance_weight": 1.0, "ce": 0.012949248775839806, "dataset": "2wikimqa", "example_id": "693bf0aeca48bdc54a4e0eaf5d7777296a0f069a7707d1285366127d55154986", "hidden": 0.02402980998158455, "kl": 0.00044998564408160746, "loss": 0.010790619067847729, "rank": 4, "sequence_tokens": 1200, "stratum": "domain"}, {"answer_positions": 5, "balance_group": "domain/2wikimqa", "balance_weight": 1.0, "ce": 0.15898287296295166, "dataset": "2wikimqa", "example_id": "40a94733e3de2e910238a7845219060cf6fb7b73e0d65e9939ef53deba8b58b4", "hidden": 0.02538123168051243, "kl": 0.010150976479053497, "loss": 0.0801713764667511, "rank": 5, "sequence_tokens": 784, "stratum": "domain"}, {"answer_positions": 6, "balance_group": "domain/2wikimqa", "balance_weight": 1.0, "ce": 0.06735299527645111, "dataset": "2wikimqa", "example_id": "b5364ed807db122f6f202552b31b9bf1dd6c0f454a8c572c2b5353e27a57cde1", "hidden": 0.023800086230039597, "kl": 0.02169070392847061, "loss": 0.042660608887672424, "rank": 6, "sequence_tokens": 625, "stratum": "domain"}, {"answer_positions": 5, "balance_group": "domain/2wikimqa", "balance_weight": 1.0, "ce": 0.21432733535766602, "dataset": "2wikimqa", "example_id": "6e4b44bad02ebdd21988bfea3a90cd1dc67599a4445b50c91889aac2845a8870", "hidden": 0.028253210708498955, "kl": 0.07927735149860382, "loss": 0.1298450082540512, "rank": 7, "sequence_tokens": 1043, "stratum": "domain"}], "step": 118, "step_gate_recorded": null, "summary": {"by_balance_group": {"domain/2wikimqa": {"answer_positions": 23, "ce": 0.11340311309322715, "examples": 4, "hidden": 0.025366084650158882, "kl": 0.027892254387552384, "loss": 0.06586690316908062}, "domain/qasper": {"answer_positions": 64, "ce": 1.7105820775032043, "examples": 4, "hidden": 0.03646664600819349, "kl": 0.16259118914604187, "loss": 0.8339621797204018}}, "example_balanced": true, "overall": {"answer_positions": 87, "ce": 0.9119925952982157, "examples": 8, "hidden": 0.030916365329176188, "kl": 0.09524172176679713, "loss": 0.4499145414447412}, "selection_direction": "min", "selection_metric": "overall.loss", "target_token_weighting_used": false, "weight_sum": 8.0}}
{"global_grad_norm_before_clip": 1.3025321960449219, "learning_rate_used": 3.4074173710931804e-07, "next_learning_rate": 2.7630079602323447e-07, "rows": [{"answer_positions": 4, "balance_group": "domain/qasper", "balance_weight": 1.0, "ce": 0.07444808632135391, "dataset": "qasper", "example_id": "10ea1938478c65710899de3c7c92ba80a42d67f89f0b23491020dd555b9678e6", "hidden": 0.04343831539154053, "kl": 0.03096936270594597, "loss": 0.05302857607603073, "rank": 0, "sequence_tokens": 3505, "stratum": "domain"}, {"answer_positions": 9, "balance_group": "domain/qasper", "balance_weight": 1.0, "ce": 1.718005895614624, "dataset": "qasper", "example_id": "987b31ea80b0c5d60748950950ef5dac5477609c1f02d4e5231e4591928fc35b", "hidden": 0.03807002305984497, "kl": 0.15681886672973633, "loss": 0.8356032371520996, "rank": 1, "sequence_tokens": 3247, "stratum": "domain"}, {"answer_positions": 9, "balance_group": "domain/qasper", "balance_weight": 1.0, "ce": 0.8277314305305481, "dataset": "qasper", "example_id": "c15750d088e5d5a1b08179a0ac887ae02aee245829b9276bec3b0b9b8e2932fa", "hidden": 0.03683409467339516, "kl": 0.37104061245918274, "loss": 0.5097101926803589, "rank": 2, "sequence_tokens": 4096, "stratum": "domain"}, {"answer_positions": 4, "balance_group": "domain/qasper", "balance_weight": 1.0, "ce": 0.5699515342712402, "dataset": "qasper", "example_id": "412374521544eaf49585ed9c448a5e412255de77e4a851c3875eb5c543d3206d", "hidden": 0.05043002963066101, "kl": 0.29452821612358093, "loss": 0.3696490526199341, "rank": 3, "sequence_tokens": 3790, "stratum": "domain"}, {"answer_positions": 2, "balance_group": "domain/2wikimqa", "balance_weight": 1.0, "ce": 0.2407459020614624, "dataset": "2wikimqa", "example_id": "59bd5483af5f6de3254375174b2302993d82e1a32dfad9f55cf2dfeee814ca83", "hidden": 0.047053366899490356, "kl": 0.48516708612442017, "loss": 0.2875548005104065, "rank": 4, "sequence_tokens": 740, "stratum": "domain"}, {"answer_positions": 2, "balance_group": "domain/2wikimqa", "balance_weight": 1.0, "ce": 0.3236861228942871, "dataset": "2wikimqa", "example_id": "55b01f187b14271e06d6efb8440929c8f11bf34d636edd9e89dee432dc4ac7d2", "hidden": 0.050576478242874146, "kl": 0.37476789951324463, "loss": 0.28694280982017517, "rank": 5, "sequence_tokens": 1257, "stratum": "domain"}, {"answer_positions": 5, "balance_group": "domain/2wikimqa", "balance_weight": 1.0, "ce": 0.16389207541942596, "dataset": "2wikimqa", "example_id": "6964a26b72903b32c757238d00e1a7dccff4fb418fdbea217ccc0b31e552eba9", "hidden": 0.02571866475045681, "kl": 0.10424412786960602, "loss": 0.11538061499595642, "rank": 6, "sequence_tokens": 1577, "stratum": "domain"}, {"answer_positions": 5, "balance_group": "domain/2wikimqa", "balance_weight": 1.0, "ce": 0.08099365234375, "dataset": "2wikimqa", "example_id": "76c6a2e4c4203b45fa836e0fa0fd7945e4a9282e2939bc9e41b933fff352e300", "hidden": 0.027477014809846878, "kl": 0.031029043719172478, "loss": 0.05280270799994469, "rank": 7, "sequence_tokens": 736, "stratum": "domain"}], "step": 119, "step_gate_recorded": null, "summary": {"by_balance_group": {"domain/2wikimqa": {"answer_positions": 14, "ce": 0.20232943817973137, "examples": 4, "hidden": 0.03770638117566705, "kl": 0.24880203930661082, "loss": 0.1856702333316207}, "domain/qasper": {"answer_positions": 26, "ce": 0.7975342366844416, "examples": 4, "hidden": 0.042193115688860416, "kl": 0.2133392645046115, "loss": 0.4419977646321058}}, "example_balanced": true, "overall": {"answer_positions": 40, "ce": 0.49993183743208647, "examples": 8, "hidden": 0.03994974843226373, "kl": 0.23107065190561116, "loss": 0.31383399898186326}, "selection_direction": "min", "selection_metric": "overall.loss", "target_token_weighting_used": false, "weight_sum": 8.0}}
{"global_grad_norm_before_clip": 0.8993023037910461, "learning_rate_used": 2.7630079602323447e-07, "next_learning_rate": 2.1852399266194312e-07, "rows": [{"answer_positions": 38, "balance_group": "domain/qasper", "balance_weight": 1.0, "ce": 1.5365626811981201, "dataset": "qasper", "example_id": "fce495aa270d1b7b6107d047f45626c8d79822ac8ee64bc362c6662e3978f0d5", "hidden": 0.02780729904770851, "kl": 0.11448755860328674, "loss": 0.7370852828025818, "rank": 0, "sequence_tokens": 4096, "stratum": "domain"}, {"answer_positions": 29, "balance_group": "domain/qasper", "balance_weight": 1.0, "ce": 0.5402979254722595, "dataset": "qasper", "example_id": "78dc2e5f282c88302b118e461d073a5cbc4e915771606f05cc7db5e8ba5c8f2e", "hidden": 0.047452423721551895, "kl": 0.06671784818172455, "loss": 0.2759757936000824, "rank": 1, "sequence_tokens": 4096, "stratum": "domain"}, {"answer_positions": 2, "balance_group": "domain/qasper", "balance_weight": 1.0, "ce": 0.7986719608306885, "dataset": "qasper", "example_id": "c16850663ca6e99a589a369fe512ba118eca95c83f4224caf9dc26de2696cff3", "hidden": 0.04398393630981445, "kl": 0.3777017593383789, "loss": 0.5003947615623474, "rank": 2, "sequence_tokens": 3857, "stratum": "domain"}, {"answer_positions": 25, "balance_group": "domain/qasper", "balance_weight": 1.0, "ce": 1.7106138467788696, "dataset": "qasper", "example_id": "bced8cee21d1baafc03c921faedae1793ee0250557e29e2dac6421c390141e09", "hidden": 0.04085107892751694, "kl": 0.17552383244037628, "loss": 0.8393797278404236, "rank": 3, "sequence_tokens": 4096, "stratum": "domain"}, {"answer_positions": 2, "balance_group": "domain/2wikimqa", "balance_weight": 1.0, "ce": 0.3350433111190796, "dataset": "2wikimqa", "example_id": "6fbd69b9020114a0421f45c20bc2b236215723f65ce54ccde42f7525d880eef8", "hidden": 0.05270296335220337, "kl": 0.3776422142982483, "loss": 0.2934848666191101, "rank": 4, "sequence_tokens": 1152, "stratum": "domain"}, {"answer_positions": 6, "balance_group": "domain/2wikimqa", "balance_weight": 1.0, "ce": 0.0048928335309028625, "dataset": "2wikimqa", "example_id": "850ca209c808af279dd2594c512fe359e1827df9cfa9e46085bbc1496abb4fd4", "hidden": 0.02307908795773983, "kl": 0.0011161112925037742, "loss": 0.007208231836557388, "rank": 5, "sequence_tokens": 951, "stratum": "domain"}, {"answer_positions": 8, "balance_group": "domain/2wikimqa", "balance_weight": 1.0, "ce": 0.022542688995599747, "dataset": "2wikimqa", "example_id": "712b10223c96adf44a0d0142b59ea2f02375884306bd6384c0ec9232988a9ce2", "hidden": 0.022846348583698273, "kl": 0.0014201623853296041, "loss": 0.015210536308586597, "rank": 6, "sequence_tokens": 896, "stratum": "domain"}, {"answer_positions": 2, "balance_group": "domain/2wikimqa", "balance_weight": 1.0, "ce": 0.3580457866191864, "dataset": "2wikimqa", "example_id": "96199b50af0edf46fb2f3e4271ad92d7a557ec42e361f5de8a6d57ad2f9cf843", "hidden": 0.050948113203048706, "kl": 0.38179197907447815, "loss": 0.3049373924732208, "rank": 7, "sequence_tokens": 652, "stratum": "domain"}], "step": 120, "step_gate_recorded": null, "summary": {"by_balance_group": {"domain/2wikimqa": {"answer_positions": 18, "ce": 0.18013115506619215, "examples": 4, "hidden": 0.037394128274172544, "kl": 0.19049261676263995, "loss": 0.15521025680936873}, "domain/qasper": {"answer_positions": 94, "ce": 1.1465366035699844, "examples": 4, "hidden": 0.04002368450164795, "kl": 0.18360774964094162, "loss": 0.5882088914513588}}, "example_balanced": true, "overall": {"answer_positions": 112, "ce": 0.6633338793180883, "examples": 8, "hidden": 0.03870890638791025, "kl": 0.1870501832017908, "loss": 0.37170957413036376}, "selection_direction": "min", "selection_metric": "overall.loss", "target_token_weighting_used": false, "weight_sum": 8.0}}
{"global_grad_norm_before_clip": 0.77410888671875, "learning_rate_used": 2.1852399266194312e-07, "next_learning_rate": 1.6745092436045495e-07, "rows": [{"answer_positions": 4, "balance_group": "domain/qasper", "balance_weight": 1.0, "ce": 0.06397418677806854, "dataset": "qasper", "example_id": "448c506865afe3a08438b298382f7e4a41848dd4c164e2d477cfc958e6c75ac6", "hidden": 0.03481005132198334, "kl": 0.027722002938389778, "loss": 0.04545309394598007, "rank": 0, "sequence_tokens": 3127, "stratum": "domain"}, {"answer_positions": 34, "balance_group": "domain/qasper", "balance_weight": 1.0, "ce": 0.33875134587287903, "dataset": "qasper", "example_id": "16a2dd725acca06a3bec70554b12acdd5df0d22d9a09ef5374f78c968e46b714", "hidden": 0.030742736533284187, "kl": 0.03773072734475136, "loss": 0.1717924028635025, "rank": 1, "sequence_tokens": 4096, "stratum": "domain"}, {"answer_positions": 8, "balance_group": "domain/qasper", "balance_weight": 1.0, "ce": 2.8348615169525146, "dataset": "qasper", "example_id": "df70a62c1727dc2b5873af140c8b11100277c6315eb13c8b1bf8fa9a5c9281d1", "hidden": 0.033193379640579224, "kl": 0.2481842339038849, "loss": 1.3691908121109009, "rank": 2, "sequence_tokens": 4096, "stratum": "domain"}, {"answer_positions": 2, "balance_group": "domain/qasper", "balance_weight": 1.0, "ce": 0.3614085614681244, "dataset": "qasper", "example_id": "7e1a9c30ef0ae18c111140285c7d4153da3633849917e7a1367d473c479b1df9", "hidden": 0.03516721725463867, "kl": 0.28513169288635254, "loss": 0.2694633901119232, "rank": 3, "sequence_tokens": 4096, "stratum": "domain"}, {"answer_positions": 2, "balance_group": "domain/2wikimqa", "balance_weight": 1.0, "ce": 0.24004849791526794, "dataset": "2wikimqa", "example_id": "57cd2cae2c3bcc296380cf0d847b4c909c9b4ba55f7e6dd862946dcbe504da2a", "hidden": 0.025260746479034424, "kl": 0.384365975856781, "loss": 0.24760204553604126, "rank": 4, "sequence_tokens": 701, "stratum": "domain"}, {"answer_positions": 5, "balance_group": "domain/2wikimqa", "balance_weight": 1.0, "ce": 0.07739011198282242, "dataset": "2wikimqa", "example_id": "7c681c51fb8dd020252a2eeb6fc0e54b51ec35758c055ff3b3a073094155f1f2", "hidden": 0.03003476932644844, "kl": 0.035065941512584686, "loss": 0.05310558155179024, "rank": 5, "sequence_tokens": 1787, "stratum": "domain"}, {"answer_positions": 2, "balance_group": "domain/2wikimqa", "balance_weight": 1.0, "ce": 0.29249992966651917, "dataset": "2wikimqa", "example_id": "5c2b6f9c7ad4a28f89ce8e68c665110ddc254b51a87923d9a4b6a0126648cb24", "hidden": 0.051903754472732544, "kl": 0.4081518054008484, "loss": 0.2848588228225708, "rank": 6, "sequence_tokens": 691, "stratum": "domain"}, {"answer_positions": 11, "balance_group": "domain/2wikimqa", "balance_weight": 1.0, "ce": 0.00991041399538517, "dataset": "2wikimqa", "example_id": "cf5073f6656fc2a40a41a644b59bb3302c3d0f8607922b27ae4e30d673682257", "hidden": 0.034473713487386703, "kl": 0.003038330003619194, "loss": 0.01241784356534481, "rank": 7, "sequence_tokens": 821, "stratum": "domain"}], "step": 121, "step_gate_recorded": null, "summary": {"by_balance_group": {"domain/2wikimqa": {"answer_positions": 20, "ce": 0.15496223838999867, "examples": 4, "hidden": 0.03541824594140053, "kl": 0.20765551319345832, "loss": 0.14949607336893678}, "domain/qasper": {"answer_positions": 48, "ce": 0.8997489027678967, "examples": 4, "hidden": 0.033478346187621355, "kl": 0.14969216426834464, "loss": 0.46397492475807667}}, "example_balanced": true, "overall": {"answer_positions": 68, "ce": 0.5273555705789477, "examples": 8, "hidden": 0.03444829606451094, "kl": 0.17867383873090148, "loss": 0.3067354990635067}, "selection_direction": "min", "selection_metric": "overall.loss", "target_token_weighting_used": false, "weight_sum": 8.0}}
{"global_grad_norm_before_clip": 0.9223282933235168, "learning_rate_used": 1.6745092436045495e-07, "next_learning_rate": 1.231165940486234e-07, "rows": [{"answer_positions": 4, "balance_group": "domain/qasper", "balance_weight": 1.0, "ce": 0.3350641429424286, "dataset": "qasper", "example_id": "7761b69e40222b2d0a2434964f7258be086a3581d26cb909442df516ac737115", "hidden": 0.03748311102390289, "kl": 0.15532982349395752, "loss": 0.2126409262418747, "rank": 0, "sequence_tokens": 4096, "stratum": "domain"}, {"answer_positions": 53, "balance_group": "domain/qasper", "balance_weight": 1.0, "ce": 0.364272803068161, "dataset": "qasper", "example_id": "45694eaf8209ae0e1146df2932a304b3ce7d7ae7d240bc290976ffb3b9917c9a", "hidden": 0.02294974774122238, "kl": 0.037491608411073685, "loss": 0.18163476884365082, "rank": 1, "sequence_tokens": 3444, "stratum": "domain"}, {"answer_positions": 13, "balance_group": "domain/qasper", "balance_weight": 1.0, "ce": 2.0172297954559326, "dataset": "qasper", "example_id": "d79528bc8d1477a1e437d9d6e19c45b0d2c8ceab6330b9137b6e4357ad2b29dd", "hidden": 0.04504478722810745, "kl": 0.19654925167560577, "loss": 0.985554575920105, "rank": 2, "sequence_tokens": 4096, "stratum": "domain"}, {"answer_positions": 12, "balance_group": "domain/qasper", "balance_weight": 1.0, "ce": 0.7426375150680542, "dataset": "qasper", "example_id": "01e3da363dfe558d7ee0df67a8875c2d9a75406ebfa9708c1d0eef3fb51bf154", "hidden": 0.033158641308546066, "kl": 0.07530447840690613, "loss": 0.3671751916408539, "rank": 3, "sequence_tokens": 2821, "stratum": "domain"}, {"answer_positions": 9, "balance_group": "domain/2wikimqa", "balance_weight": 1.0, "ce": 0.02096729539334774, "dataset": "2wikimqa", "example_id": "b9a5b1c35552f6b9bcdf1cb3de9666b32dd6bd52c65b921c282e82cb74eb1908", "hidden": 0.024250725284218788, "kl": 0.0034509298857301474, "loss": 0.015493253245949745, "rank": 4, "sequence_tokens": 1292, "stratum": "domain"}, {"answer_positions": 4, "balance_group": "domain/2wikimqa", "balance_weight": 1.0, "ce": 0.012985685840249062, "dataset": "2wikimqa", "example_id": "377376be85a53ac98659d43b86ec615ed5a6190bf76d5f023434bfda49299ade", "hidden": 0.02353021502494812, "kl": 0.0033837042283266783, "loss": 0.01173389796167612, "rank": 5, "sequence_tokens": 1050, "stratum": "domain"}, {"answer_positions": 7, "balance_group": "domain/2wikimqa", "balance_weight": 1.0, "ce": 0.17382124066352844, "dataset": "2wikimqa", "example_id": "f46c47769abbd94de9e0910b7dcb015fbed3af2be13ea08442c2ec45dacaa6cc", "hidden": 0.01532209012657404, "kl": 0.013523774221539497, "loss": 0.08601729571819305, "rank": 6, "sequence_tokens": 1206, "stratum": "domain"}, {"answer_positions": 3, "balance_group": "domain/2wikimqa", "balance_weight": 1.0, "ce": 0.7769939303398132, "dataset": "2wikimqa", "example_id": "bd818c8360ce500668f17bc9f340a43897d0348a48d13096689047b298e17100", "hidden": 0.03440898656845093, "kl": 0.11479499936103821, "loss": 0.39670729637145996, "rank": 7, "sequence_tokens": 1161, "stratum": "domain"}], "step": 122, "step_gate_recorded": null, "summary": {"by_balance_group": {"domain/2wikimqa": {"answer_positions": 23, "ce": 0.24619203805923462, "examples": 4, "hidden": 0.02437800425104797, "kl": 0.03378835192415863, "loss": 0.12748793582431972}, "domain/qasper": {"answer_positions": 82, "ce": 0.8648010641336441, "examples": 4, "hidden": 0.0346590718254447, "kl": 0.11616879049688578, "loss": 0.4367513656616211}}, "example_balanced": true, "overall": {"answer_positions": 105, "ce": 0.5554965510964394, "examples": 8, "hidden": 0.029518538038246334, "kl": 0.0749785712105222, "loss": 0.2821196507429704}, "selection_direction": "min", "selection_metric": "overall.loss", "target_token_weighting_used": false, "weight_sum": 8.0}}
{"global_grad_norm_before_clip": 0.7228115200996399, "learning_rate_used": 1.231165940486234e-07, "next_learning_rate": 8.555138626189619e-08, "rows": [{"answer_positions": 14, "balance_group": "domain/qasper", "balance_weight": 1.0, "ce": 1.278278112411499, "dataset": "qasper", "example_id": "d42d961e833bb380357504e24d1f699765417004f647ad90ced738aee1cc05ba", "hidden": 0.025197459384799004, "kl": 0.09118584543466568, "loss": 0.612179696559906, "rank": 0, "sequence_tokens": 2774, "stratum": "domain"}, {"answer_positions": 2, "balance_group": "domain/qasper", "balance_weight": 1.0, "ce": 0.6722408533096313, "dataset": "qasper", "example_id": "8836d46acdd0292cdce61b60fe2763480f3591a58d0404ba76e1221932c9dfdd", "hidden": 0.033757150173187256, "kl": 0.41488245129585266, "loss": 0.45446866750717163, "rank": 1, "sequence_tokens": 4096, "stratum": "domain"}, {"answer_positions": 39, "balance_group": "domain/qasper", "balance_weight": 1.0, "ce": 0.6960232853889465, "dataset": "qasper", "example_id": "2e7bdee1330cf4e4be0935fd0c316e57cfff721d2f5e5b39dd7d21a77a61119d", "hidden": 0.03635547310113907, "kl": 0.06930380314588547, "loss": 0.34473785758018494, "rank": 2, "sequence_tokens": 4096, "stratum": "domain"}, {"answer_positions": 4, "balance_group": "domain/qasper", "balance_weight": 1.0, "ce": 0.03155449777841568, "dataset": "qasper", "example_id": "1076b844ea98842c941c5dc7d282cdd4ef1a76c409d3532015c9c4e5765a0aa5", "hidden": 0.04257594048976898, "kl": 0.020530186593532562, "loss": 0.02990027703344822, "rank": 3, "sequence_tokens": 4096, "stratum": "domain"}, {"answer_positions": 2, "balance_group": "domain/2wikimqa", "balance_weight": 1.0, "ce": 0.3594112992286682, "dataset": "2wikimqa", "example_id": "47e47f359b48bff1f907c2fd8441d5d4a9786c7fcf21547d9cf8e5db2b7f4e05", "hidden": 0.05292379856109619, "kl": 0.3428819179534912, "loss": 0.29232853651046753, "rank": 4, "sequence_tokens": 1881, "stratum": "domain"}, {"answer_positions": 2, "balance_group": "domain/2wikimqa", "balance_weight": 1.0, "ce": 0.27837061882019043, "dataset": "2wikimqa", "example_id": "d1a39ef44e1b530688cc6c420158120483cb4a306c253d01f61f42128b872721", "hidden": 0.04801228642463684, "kl": 0.4423670768737793, "loss": 0.28969770669937134, "rank": 5, "sequence_tokens": 1228, "stratum": "domain"}, {"answer_positions": 2, "balance_group": "domain/2wikimqa", "balance_weight": 1.0, "ce": 0.07168035954236984, "dataset": "2wikimqa", "example_id": "a10a30f9510e456a9b589f0c125d1f1463249daff8045e42031d3d0aa58f7c29", "hidden": 0.02725115418434143, "kl": 0.20977331697940826, "loss": 0.11112704873085022, "rank": 6, "sequence_tokens": 601, "stratum": "domain"}, {"answer_positions": 2, "balance_group": "domain/2wikimqa", "balance_weight": 1.0, "ce": 0.28576695919036865, "dataset": "2wikimqa", "example_id": "af466c05d08f1eb26679fd440521c2d4e1e895f634332c83718bf5a5c93a57e2", "hidden": 0.04239243268966675, "kl": 0.4349830448627472, "loss": 0.28931769728660583, "rank": 7, "sequence_tokens": 1320, "stratum": "domain"}], "step": 123, "step_gate_recorded": null, "summary": {"by_balance_group": {"domain/2wikimqa": {"answer_positions": 8, "ce": 0.24880730919539928, "examples": 4, "hidden": 0.0426449179649353, "kl": 0.3575013391673565, "loss": 0.24561774730682373}, "domain/qasper": {"answer_positions": 59, "ce": 0.6695241872221231, "examples": 4, "hidden": 0.03447150578722358, "kl": 0.1489755716174841, "loss": 0.3603216246701777}}, "example_balanced": true, "overall": {"answer_positions": 67, "ce": 0.4591657482087612, "examples": 8, "hidden": 0.03855821187607944, "kl": 0.2532384553924203, "loss": 0.3029696859885007}, "selection_direction": "min", "selection_metric": "overall.loss", "target_token_weighting_used": false, "weight_sum": 8.0}}
{"global_grad_norm_before_clip": 0.6175188422203064, "learning_rate_used": 8.555138626189619e-08, "next_learning_rate": 5.4781046317267103e-08, "rows": [{"answer_positions": 13, "balance_group": "domain/qasper", "balance_weight": 1.0, "ce": 0.11005087196826935, "dataset": "qasper", "example_id": "8bcf76ad7b9c5ea94d768ff32b49197710f1b97e718f1257a3808fd1a7befaf1", "hidden": 0.05559196695685387, "kl": 0.08957125246524811, "loss": 0.09199123084545135, "rank": 0, "sequence_tokens": 4096, "stratum": "domain"}, {"answer_positions": 18, "balance_group": "domain/qasper", "balance_weight": 1.0, "ce": 0.6192485094070435, "dataset": "qasper", "example_id": "4ac6038c6e5e1543e416901b242882bd8fd728dbc84011ee84f3f6016f5942a7", "hidden": 0.03896135091781616, "kl": 0.14139695465564728, "loss": 0.3359430134296417, "rank": 1, "sequence_tokens": 4096, "stratum": "domain"}, {"answer_positions": 16, "balance_group": "domain/qasper", "balance_weight": 1.0, "ce": 1.5927526950836182, "dataset": "qasper", "example_id": "6075129b3cde37c22622c6e61cf9c2926732dc3a78378a93f05de72ef5efca8c", "hidden": 0.03930123522877693, "kl": 0.15837940573692322, "loss": 0.7800317406654358, "rank": 2, "sequence_tokens": 1919, "stratum": "domain"}, {"answer_positions": 8, "balance_group": "domain/qasper", "balance_weight": 1.0, "ce": 0.17068573832511902, "dataset": "qasper", "example_id": "382ddac620875d32619ad0240a29e4fdd40dec1291a9e01980f368d781a8be12", "hidden": 0.039558231830596924, "kl": 0.050610605627298355, "loss": 0.1024339348077774, "rank": 3, "sequence_tokens": 4096, "stratum": "domain"}, {"answer_positions": 6, "balance_group": "domain/2wikimqa", "balance_weight": 1.0, "ce": 0.038598332554101944, "dataset": "2wikimqa", "example_id": "95c5e6572ab3dd80ecd26eda56fe9668438b0208ba8c45f894602f9ee69b92af", "hidden": 0.026206623762845993, "kl": 0.025820253416895866, "loss": 0.031647663563489914, "rank": 4, "sequence_tokens": 1252, "stratum": "domain"}, {"answer_positions": 2, "balance_group": "domain/2wikimqa", "balance_weight": 1.0, "ce": 0.30068278312683105, "dataset": "2wikimqa", "example_id": "dbe89c50260fcba0deaa11f21cad60c941a88f4fd6f2c5c876320e757da9b724", "hidden": 0.0436844527721405, "kl": 0.4055826961994171, "loss": 0.28599807620048523, "rank": 5, "sequence_tokens": 865, "stratum": "domain"}, {"answer_positions": 9, "balance_group": "domain/2wikimqa", "balance_weight": 1.0, "ce": 0.007463699672371149, "dataset": "2wikimqa", "example_id": "8dafc01c57cb61d927eed90517d61626c73e153d1f97f04ca7f96f7feb330ee7", "hidden": 0.05549924448132515, "kl": 0.003616513917222619, "loss": 0.015724293887615204, "rank": 6, "sequence_tokens": 861, "stratum": "domain"}, {"answer_positions": 11, "balance_group": "domain/2wikimqa", "balance_weight": 1.0, "ce": 0.009516245685517788, "dataset": "2wikimqa", "example_id": "655971767bd8ed5450dc632a1c9f0bb743f0702bf836e4db1f7cc3afea61e4de", "hidden": 0.028675328940153122, "kl": 0.004150826949626207, "loss": 0.01147016603499651, "rank": 7, "sequence_tokens": 1148, "stratum": "domain"}], "step": 124, "step_gate_recorded": null, "summary": {"by_balance_group": {"domain/2wikimqa": {"answer_positions": 28, "ce": 0.08906526525970548, "examples": 4, "hidden": 0.03851641248911619, "kl": 0.10979257262079045, "loss": 0.08621004992164671}, "domain/qasper": {"answer_positions": 55, "ce": 0.6231844536960125, "examples": 4, "hidden": 0.04335319623351097, "kl": 0.10998955462127924, "loss": 0.32759997993707657}}, "example_balanced": true, "overall": {"answer_positions": 83, "ce": 0.356124859477859, "examples": 8, "hidden": 0.04093480436131358, "kl": 0.10989106362103485, "loss": 0.20690501492936164}, "selection_direction": "min", "selection_metric": "overall.loss", "target_token_weighting_used": false, "weight_sum": 8.0}}
{"global_grad_norm_before_clip": 2.3400204181671143, "learning_rate_used": 5.4781046317267103e-08, "next_learning_rate": 3.082666266872036e-08, "rows": [{"answer_positions": 39, "balance_group": "domain/qasper", "balance_weight": 1.0, "ce": 1.0756512880325317, "dataset": "qasper", "example_id": "e94a1047c01722e693447484426678894daaf26fb29f68453a8c5600ae8a78ef", "hidden": 0.033325813710689545, "kl": 0.08001794666051865, "loss": 0.5187144875526428, "rank": 0, "sequence_tokens": 4096, "stratum": "domain"}, {"answer_positions": 5, "balance_group": "domain/qasper", "balance_weight": 1.0, "ce": 0.00638217106461525, "dataset": "qasper", "example_id": "8ed9b24cc1b6ce05c895f3d6d15e3a499755224431b12e228029354350bd3766", "hidden": 0.03928086906671524, "kl": 0.0028686383739113808, "loss": 0.011732174083590508, "rank": 1, "sequence_tokens": 4096, "stratum": "domain"}, {"answer_positions": 2, "balance_group": "domain/qasper", "balance_weight": 1.0, "ce": 1.2505146265029907, "dataset": "qasper", "example_id": "8acdd63f6aeac895722f50cb657d66447ec4c33bde26be192a7edf4f91ec5e8e", "hidden": 0.0211789608001709, "kl": 0.24114777147769928, "loss": 0.6513690948486328, "rank": 2, "sequence_tokens": 4096, "stratum": "domain"}, {"answer_positions": 4, "balance_group": "domain/qasper", "balance_weight": 1.0, "ce": 0.8911027312278748, "dataset": "qasper", "example_id": "932f6d957061dd7fc6278dc96750ff4f8ed25ba2060b8cd4261f3d286c4ab74a", "hidden": 0.038601189851760864, "kl": 0.19852417707443237, "loss": 0.47819989919662476, "rank": 3, "sequence_tokens": 4096, "stratum": "domain"}, {"answer_positions": 2, "balance_group": "domain/2wikimqa", "balance_weight": 1.0, "ce": 0.7627556920051575, "dataset": "2wikimqa", "example_id": "3fa63b1c5809705e2c2d830c57d9dddae6360a91ee358d70cc6e0e54b535eb83", "hidden": 0.048956453800201416, "kl": 0.653053879737854, "loss": 0.5816002488136292, "rank": 4, "sequence_tokens": 721, "stratum": "domain"}, {"answer_positions": 3, "balance_group": "domain/2wikimqa", "balance_weight": 1.0, "ce": 0.05638070032000542, "dataset": "2wikimqa", "example_id": "945e943601054f8e972750d09caf2d26c70d2928675480f9b64495a4c7938ff8", "hidden": 0.03028216026723385, "kl": 0.08555394411087036, "loss": 0.06137162819504738, "rank": 5, "sequence_tokens": 1500, "stratum": "domain"}, {"answer_positions": 2, "balance_group": "domain/2wikimqa", "balance_weight": 1.0, "ce": 0.3216122090816498, "dataset": "2wikimqa", "example_id": "b3a554df9c815dcbd73383f90b23019941df3b93221f1fde78c4b3f10f5846b9", "hidden": 0.046626120805740356, "kl": 0.37520650029182434, "loss": 0.2853730022907257, "rank": 6, "sequence_tokens": 738, "stratum": "domain"}, {"answer_positions": 4, "balance_group": "domain/2wikimqa", "balance_weight": 1.0, "ce": 0.62002032995224, "dataset": "2wikimqa", "example_id": "d04bd366f81ba11105bb3b163c617c46a190df382bbf16039eb3ec666b8cfa42", "hidden": 0.051328420639038086, "kl": 0.1748523712158203, "loss": 0.3504731357097626, "rank": 7, "sequence_tokens": 1432, "stratum": "domain"}], "step": 125, "step_gate_recorded": null, "summary": {"by_balance_group": {"domain/2wikimqa": {"answer_positions": 11, "ce": 0.44019223283976316, "examples": 4, "hidden": 0.04429828887805343, "kl": 0.32216667383909225, "loss": 0.3197045037522912}, "domain/qasper": {"answer_positions": 50, "ce": 0.8059127042070031, "examples": 4, "hidden": 0.03309670835733414, "kl": 0.13063963339664042, "loss": 0.4150039139203727}}, "example_balanced": true, "overall": {"answer_positions": 61, "ce": 0.6230524685233831, "examples": 8, "hidden": 0.03869749861769378, "kl": 0.22640315361786634, "loss": 0.36735420883633196}, "selection_direction": "min", "selection_metric": "overall.loss", "target_token_weighting_used": false, "weight_sum": 8.0}}
{"global_grad_norm_before_clip": 0.7702122330665588, "learning_rate_used": 3.082666266872036e-08, "next_learning_rate": 1.370465245426167e-08, "rows": [{"answer_positions": 25, "balance_group": "domain/qasper", "balance_weight": 1.0, "ce": 0.7463521957397461, "dataset": "qasper", "example_id": "e7a49a6b37e651a382c623a41d47cfe3c65643f3108a6bb5ba0be09c9236a5fc", "hidden": 0.02544562704861164, "kl": 0.012060925364494324, "loss": 0.34516894817352295, "rank": 0, "sequence_tokens": 3606, "stratum": "domain"}, {"answer_positions": 5, "balance_group": "domain/qasper", "balance_weight": 1.0, "ce": 0.7181419730186462, "dataset": "qasper", "example_id": "4964e1c6f5e93255a24be7aed7e9bcd63443e263f7fc67528301cf7f338457c2", "hidden": 0.04844966158270836, "kl": 0.10521737486124039, "loss": 0.36967986822128296, "rank": 1, "sequence_tokens": 3115, "stratum": "domain"}, {"answer_positions": 28, "balance_group": "domain/qasper", "balance_weight": 1.0, "ce": 1.2748531103134155, "dataset": "qasper", "example_id": "d78578c458a1f585d45310ee19afeed48dd594d0295a4c483c5da75c3d443f61", "hidden": 0.026821084320545197, "kl": 0.07346181571483612, "loss": 0.6047597527503967, "rank": 2, "sequence_tokens": 3652, "stratum": "domain"}, {"answer_positions": 4, "balance_group": "domain/qasper", "balance_weight": 1.0, "ce": 0.05281816050410271, "dataset": "qasper", "example_id": "fefe4438d8824257a9b0a98d1fdf26f4206e669141f73385c7493f230af3da44", "hidden": 0.04534924030303955, "kl": 0.029682796448469162, "loss": 0.043226998299360275, "rank": 3, "sequence_tokens": 4096, "stratum": "domain"}, {"answer_positions": 4, "balance_group": "domain/2wikimqa", "balance_weight": 1.0, "ce": 0.001378896413370967, "dataset": "2wikimqa", "example_id": "7ef88e7252622a23aefd057b0a87b061a192352465cc5f28362bad77a5531805", "hidden": 0.02914750576019287, "kl": 0.0016368025681003928, "loss": 0.0070228856056928635, "rank": 4, "sequence_tokens": 1274, "stratum": "domain"}, {"answer_positions": 7, "balance_group": "domain/2wikimqa", "balance_weight": 1.0, "ce": 0.10346875339746475, "dataset": "2wikimqa", "example_id": "6ec40aceadbaf07feaab5992362d246944c8bf1c09581dcc850e99c842ca4017", "hidden": 0.02615201659500599, "kl": 0.019450251013040543, "loss": 0.05859893187880516, "rank": 5, "sequence_tokens": 928, "stratum": "domain"}, {"answer_positions": 2, "balance_group": "domain/2wikimqa", "balance_weight": 1.0, "ce": 0.2851303517818451, "dataset": "2wikimqa", "example_id": "17f34348d3cd39be7d46cb6183ee8cb2ca13f571071623a430a9f3035be54f7e", "hidden": 0.04640284180641174, "kl": 0.4467877745628357, "loss": 0.2939649224281311, "rank": 6, "sequence_tokens": 871, "stratum": "domain"}, {"answer_positions": 3, "balance_group": "domain/2wikimqa", "balance_weight": 1.0, "ce": 0.004767224658280611, "dataset": "2wikimqa", "example_id": "0d0b55977c77b4cf855f96f16beebc7adae27bcecd3960e9c6bc82d597bc6a81", "hidden": 0.040236711502075195, "kl": 0.009737993590533733, "loss": 0.013600891456007957, "rank": 7, "sequence_tokens": 925, "stratum": "domain"}], "step": 126, "step_gate_recorded": null, "summary": {"by_balance_group": {"domain/2wikimqa": {"answer_positions": 16, "ce": 0.09868630656274036, "examples": 4, "hidden": 0.03548476891592145, "kl": 0.11940320543362759, "loss": 0.09329690784215927}, "domain/qasper": {"answer_positions": 62, "ce": 0.6980413598939776, "examples": 4, "hidden": 0.03651640331372619, "kl": 0.05510572809726, "loss": 0.34070889186114073}}, "example_balanced": true, "overall": {"answer_positions": 78, "ce": 0.398363833228359, "examples": 8, "hidden": 0.03600058611482382, "kl": 0.0872544667654438, "loss": 0.21700289985165}, "selection_direction": "min", "selection_metric": "overall.loss", "target_token_weighting_used": false, "weight_sum": 8.0}}
{"global_grad_norm_before_clip": 0.46552616357803345, "learning_rate_used": 1.370465245426167e-08, "next_learning_rate": 3.4267502444274013e-09, "rows": [{"answer_positions": 46, "balance_group": "domain/qasper", "balance_weight": 1.0, "ce": 0.49056312441825867, "dataset": "qasper", "example_id": "4e1f74d4c2debe98843e4535646df1536fcb446dab3fa97c03c7abb39f1c050c", "hidden": 0.027248241007328033, "kl": 0.06298800557851791, "loss": 0.2482488602399826, "rank": 0, "sequence_tokens": 2777, "stratum": "domain"}, {"answer_positions": 27, "balance_group": "domain/qasper", "balance_weight": 1.0, "ce": 2.3997466564178467, "dataset": "qasper", "example_id": "fc8b54c993a8f6d9af327139c132026c75be2a3f4f077a4484b7dc7afe406feb", "hidden": 0.038874369114637375, "kl": 0.11457840353250504, "loss": 1.127763271331787, "rank": 1, "sequence_tokens": 2747, "stratum": "domain"}, {"answer_positions": 20, "balance_group": "domain/qasper", "balance_weight": 1.0, "ce": 0.34889134764671326, "dataset": "qasper", "example_id": "b7d61a671ffe631df165eb6ae0eb6ad40099e6a4f71a27cc0e1821e62eac317f", "hidden": 0.045791830867528915, "kl": 0.09808925539255142, "loss": 0.20049071311950684, "rank": 2, "sequence_tokens": 4096, "stratum": "domain"}, {"answer_positions": 27, "balance_group": "domain/qasper", "balance_weight": 1.0, "ce": 0.2523643970489502, "dataset": "qasper", "example_id": "de4a4d02bad08c3d5fdfb69427abe4019de1a10e640a234d6f166e64c09d1a0e", "hidden": 0.0367903970181942, "kl": 0.020882250741124153, "loss": 0.12823083996772766, "rank": 3, "sequence_tokens": 3370, "stratum": "domain"}, {"answer_positions": 6, "balance_group": "domain/2wikimqa", "balance_weight": 1.0, "ce": 0.0493813082575798, "dataset": "2wikimqa", "example_id": "d4e979a70f2850701822bb13231ed7e16fc477903493a894292a6351af3ed84f", "hidden": 0.023528914898633957, "kl": 0.007817219011485577, "loss": 0.02966339699923992, "rank": 4, "sequence_tokens": 943, "stratum": "domain"}, {"answer_positions": 2, "balance_group": "domain/2wikimqa", "balance_weight": 1.0, "ce": 0.29187536239624023, "dataset": "2wikimqa", "example_id": "a32dd727f7c5b56cef4e28e01a6a99c19b8e55ccb1fa527d017c3fd9b408c49c", "hidden": 0.0565820038318634, "kl": 0.4178193211555481, "loss": 0.2888970673084259, "rank": 5, "sequence_tokens": 526, "stratum": "domain"}, {"answer_positions": 3, "balance_group": "domain/2wikimqa", "balance_weight": 1.0, "ce": 0.2323986142873764, "dataset": "2wikimqa", "example_id": "e5d4fb61a5ad637d86c4f1a8287fcba21d1d8c2112add03a04520f1f43dd5668", "hidden": 0.022989492863416672, "kl": 0.20438270270824432, "loss": 0.18071122467517853, "rank": 6, "sequence_tokens": 736, "stratum": "domain"}, {"answer_positions": 2, "balance_group": "domain/2wikimqa", "balance_weight": 1.0, "ce": 0.2385999858379364, "dataset": "2wikimqa", "example_id": "7f23b7edfb299084e8baf75d11310dc0b79c7afc6667150efae524997471af26", "hidden": 0.0379108190536499, "kl": 0.234920471906662, "loss": 0.1971743106842041, "rank": 7, "sequence_tokens": 780, "stratum": "domain"}], "step": 127, "step_gate_recorded": null, "summary": {"by_balance_group": {"domain/2wikimqa": {"answer_positions": 13, "ce": 0.2030638176947832, "examples": 4, "hidden": 0.035252807661890984, "kl": 0.216234928695485, "loss": 0.1741114999167621}, "domain/qasper": {"answer_positions": 120, "ce": 0.8728913813829422, "examples": 4, "hidden": 0.03717620950192213, "kl": 0.07413447881117463, "loss": 0.42618342116475105}}, "example_balanced": true, "overall": {"answer_positions": 133, "ce": 0.5379775995388627, "examples": 8, "hidden": 0.03621450858190656, "kl": 0.1451847037533298, "loss": 0.3001474605407566}, "selection_direction": "min", "selection_metric": "overall.loss", "target_token_weighting_used": false, "weight_sum": 8.0}}
{"global_grad_norm_before_clip": 0.626562774181366, "learning_rate_used": 3.4267502444274013e-09, "next_learning_rate": 0.0, "rows": [{"answer_positions": 11, "balance_group": "domain/qasper", "balance_weight": 1.0, "ce": 3.0982863903045654, "dataset": "qasper", "example_id": "4e4767a171fb59c7c3f470647460624dc3d20097c35cfff76d43b4c2c4ca6a7c", "hidden": 0.04299730807542801, "kl": 0.1934719979763031, "loss": 1.4705435037612915, "rank": 0, "sequence_tokens": 2917, "stratum": "domain"}, {"answer_positions": 4, "balance_group": "domain/qasper", "balance_weight": 1.0, "ce": 0.019080381840467453, "dataset": "qasper", "example_id": "e2d1672448996e11f0ed0253b6aae0415f6aa41280c1d915dd5c27e774d2a86d", "hidden": 0.04695241153240204, "kl": 0.007786702364683151, "loss": 0.020702000707387924, "rank": 1, "sequence_tokens": 3968, "stratum": "domain"}, {"answer_positions": 11, "balance_group": "domain/qasper", "balance_weight": 1.0, "ce": 0.501905083656311, "dataset": "qasper", "example_id": "0088aa665c79385cb51e04cdbe9ca8dd29a5825f3df81e4b1ee908327a661769", "hidden": 0.03652187064290047, "kl": 0.18079997599124908, "loss": 0.2964416444301605, "rank": 2, "sequence_tokens": 3609, "stratum": "domain"}, {"answer_positions": 22, "balance_group": "domain/qasper", "balance_weight": 1.0, "ce": 0.6882097125053406, "dataset": "qasper", "example_id": "88f2e44c231d34af2a81790e95ee964d3ba5e01d0e708368b54ffb8cce61cd43", "hidden": 0.03808910399675369, "kl": 0.08231835067272186, "loss": 0.346123605966568, "rank": 3, "sequence_tokens": 4096, "stratum": "domain"}, {"answer_positions": 11, "balance_group": "domain/2wikimqa", "balance_weight": 1.0, "ce": 0.0039138407446444035, "dataset": "2wikimqa", "example_id": "c3244da4f03c5d50d2ba2b4475d98e7154de689b2884c8014670c3abf5c12348", "hidden": 0.053827378898859024, "kl": 0.002165369223803282, "loss": 0.013284583576023579, "rank": 4, "sequence_tokens": 1448, "stratum": "domain"}, {"answer_positions": 6, "balance_group": "domain/2wikimqa", "balance_weight": 1.0, "ce": 0.039206456393003464, "dataset": "2wikimqa", "example_id": "71c158adad7bb70cfca38c9ca3687112a2057ba093369ccfbef8189eccc60227", "hidden": 0.01875520870089531, "kl": 0.0013944967649877071, "loss": 0.02188201993703842, "rank": 5, "sequence_tokens": 948, "stratum": "domain"}, {"answer_positions": 4, "balance_group": "domain/2wikimqa", "balance_weight": 1.0, "ce": 0.06011755019426346, "dataset": "2wikimqa", "example_id": "dc9ce67441353061d8666a6c486c27dd48b9e85de6079e84b68cc881744386d8", "hidden": 0.026145651936531067, "kl": 0.003338823327794671, "loss": 0.03345061466097832, "rank": 6, "sequence_tokens": 1285, "stratum": "domain"}, {"answer_positions": 9, "balance_group": "domain/2wikimqa", "balance_weight": 1.0, "ce": 0.001985776238143444, "dataset": "2wikimqa", "example_id": "b0190f778c828270096684a5d0daf7be7072ea665ced102947cb59bda6188613", "hidden": 0.023617055267095566, "kl": 0.0006748701562173665, "loss": 0.005853214766830206, "rank": 7, "sequence_tokens": 969, "stratum": "domain"}], "step": 128, "step_gate_recorded": null, "summary": {"by_balance_group": {"domain/2wikimqa": {"answer_positions": 30, "ce": 0.026305905892513692, "examples": 4, "hidden": 0.03058632370084524, "kl": 0.0018933898682007566, "loss": 0.01861760823521763}, "domain/qasper": {"answer_positions": 48, "ce": 1.0768703920766711, "examples": 4, "hidden": 0.04114017356187105, "kl": 0.1160942567512393, "loss": 0.533452688716352}}, "example_balanced": true, "overall": {"answer_positions": 78, "ce": 0.5515881489845924, "examples": 8, "hidden": 0.03586324863135815, "kl": 0.05899382330972003, "loss": 0.2760351484757848}, "selection_direction": "min", "selection_metric": "overall.loss", "target_token_weighting_used": false, "weight_sum": 8.0}}
{"phase": "heldout", "step": 128, "overall": {"examples": 26, "answer_positions": 206, "loss": 0.3696237535969843, "ce": 0.6119237433719851, "kl": 0.2475718034492319, "hidden": 0.038039748689958054}, "by_balance_group": {"domain/2wikimqa": {"examples": 14, "answer_positions": 49, "loss": 0.3149587152791875, "ce": 0.47264101609055487, "kl": 0.2701284158475963, "hidden": 0.03862665061439787}, "domain/qasper": {"examples": 12, "answer_positions": 157, "loss": 0.42428879191478086, "ce": 0.7512064706534146, "kl": 0.2250151910508672, "hidden": 0.03745284676551818}}, "selection_metric": "overall.loss", "selection_direction": "min", "example_balanced": true, "target_token_weighting_used": false, "weight_sum": 25.99999999999999}
{"phase": "answer_supervised_native_lora_complete", "best_step": 128}
lshn-quicksilver-rbfi-17:490:490 [2] NCCL INFO comm 0xa32eb00 rank 2 nranks 8 cudaDev 2 busId a2000 - Destroy COMPLETE
lshn-quicksilver-rbfi-17:488:488 [0] NCCL INFO comm 0xaec5050 rank 0 nranks 8 cudaDev 0 busId 8000 - Destroy COMPLETE
lshn-quicksilver-rbfi-17:492:492 [4] NCCL INFO comm 0xa1e0980 rank 4 nranks 8 cudaDev 4 busId 109000 - Destroy COMPLETE
lshn-quicksilver-rbfi-17:489:489 [1] NCCL INFO comm 0xb1eb380 rank 1 nranks 8 cudaDev 1 busId 7e000 - Destroy COMPLETE
lshn-quicksilver-rbfi-17:491:491 [3] NCCL INFO comm 0xaf46320 rank 3 nranks 8 cudaDev 3 busId c6000 - Destroy COMPLETE
lshn-quicksilver-rbfi-17:493:493 [5] NCCL INFO comm 0xaf169f0 rank 5 nranks 8 cudaDev 5 busId 17f000 - Destroy COMPLETE
lshn-quicksilver-rbfi-17:494:494 [6] NCCL INFO comm 0xa94c7d0 rank 6 nranks 8 cudaDev 6 busId 1a3000 - Destroy COMPLETE
lshn-quicksilver-rbfi-17:495:495 [7] NCCL INFO comm 0xa202800 rank 7 nranks 8 cudaDev 7 busId 1c7000 - Destroy COMPLETE
lshn-quicksilver-rbfi-17:490:490 [2] NCCL INFO ENV/Plugin: Closing env plugin ncclEnvDefault
lshn-quicksilver-rbfi-17:488:488 [0] NCCL INFO ENV/Plugin: Closing env plugin ncclEnvDefault
lshn-quicksilver-rbfi-17:489:489 [1] NCCL INFO ENV/Plugin: Closing env plugin ncclEnvDefault
lshn-quicksilver-rbfi-17:492:492 [4] NCCL INFO ENV/Plugin: Closing env plugin ncclEnvDefault
lshn-quicksilver-rbfi-17:491:491 [3] NCCL INFO ENV/Plugin: Closing env plugin ncclEnvDefault
lshn-quicksilver-rbfi-17:493:493 [5] NCCL INFO ENV/Plugin: Closing env plugin ncclEnvDefault
lshn-quicksilver-rbfi-17:494:494 [6] NCCL INFO ENV/Plugin: Closing env plugin ncclEnvDefault
lshn-quicksilver-rbfi-17:495:495 [7] NCCL INFO ENV/Plugin: Closing env plugin ncclEnvDefault
