{
  "status": "completed",
  "shards": 8,
  "rows": 24,
  "workload": "longbench",
  "workload_metadata": {
    "data": "/mnt/tidal-alsh-hilab/dataset/diandian/user/liuhanzuo/indep-bench_assets/data/qcomem-longbench-validation/longbench_validation.jsonl",
    "data_sha256": "1553739496b3c209988de56a4ccf574d407379b6b7937ddfafacbe66925069fe",
    "source_revisions": [
      "5e628be450b7e67fb7ae6e201bd6d8f7056f7672"
    ],
    "datasets": [
      "2wikimqa",
      "qasper"
    ],
    "source_index_start": 6,
    "source_index_end": 9,
    "excluded_source_indices": [
      4,
      5
    ],
    "test_v2_consumed": false,
    "prompt_protocol": "longbench-v1-official"
  },
  "all_exactness_gates_passed": true,
  "all_direct_cow_gates_passed": true,
  "protocol_validation": {
    "ranks": [
      0,
      1,
      2,
      3,
      4,
      5,
      6,
      7
    ],
    "workloads": 8,
    "source_indices": [
      6,
      7,
      8,
      9
    ],
    "configs": [
      "full-prefix-q16",
      "qcomem-d7-r16-a16-l16",
      "qcomem-d7-frozen-static"
    ],
    "measurements": 24,
    "complete_measurements_required": true
  },
  "configs": [
    {
      "name": "full-prefix-q16",
      "mode": "full_prefix",
      "depth": null,
      "residual_bits": null,
      "attention_bits": null,
      "linear_bits": null,
      "cache_layer_bits": null
    },
    {
      "name": "qcomem-d7-r16-a16-l16",
      "mode": "qcomem",
      "depth": 7,
      "residual_bits": 16,
      "attention_bits": 16,
      "linear_bits": 16,
      "cache_layer_bits": null
    },
    {
      "name": "qcomem-d7-frozen-static",
      "mode": "qcomem",
      "depth": 7,
      "residual_bits": 4,
      "attention_bits": 4,
      "linear_bits": 8,
      "cache_layer_bits": [
        8,
        8,
        8,
        4,
        8,
        8,
        8
      ]
    }
  ],
  "summary": [
    {
      "dataset": "2wikimqa",
      "config": "full-prefix-q16",
      "workloads": 4,
      "measurements": 4,
      "write_build_seconds": {
        "count": 4,
        "median": 0.6392834179569036,
        "mean": 0.6403866541804746,
        "min": 0.6363350567407906,
        "max": 0.6466447240673006,
        "p05": 0.6364813877269625,
        "p95": 0.645836451346986
      },
      "persistent_document_nbytes": {
        "count": 4,
        "median": 147763200.0,
        "mean": 147717120.0,
        "min": 147517440.0,
        "max": 147824640.0,
        "p05": 147551232.0,
        "p95": 147818496.0
      },
      "persistent_materialized_staging_nbytes": {
        "count": 4,
        "median": 0.0,
        "mean": 0.0,
        "min": 0.0,
        "max": 0.0,
        "p05": 0.0,
        "p95": 0.0
      },
      "persistent_total_resident_nbytes": {
        "count": 4,
        "median": 147763200.0,
        "mean": 147717120.0,
        "min": 147517440.0,
        "max": 147824640.0,
        "p05": 147551232.0,
        "p95": 147818496.0
      },
      "capacity_document_denominator_nbytes": {
        "count": 4,
        "median": 147763200.0,
        "mean": 147717120.0,
        "min": 147517440.0,
        "max": 147824640.0,
        "p05": 147551232.0,
        "p95": 147818496.0
      },
      "selected_fork_active_state_peak_nbytes": {
        "count": 4,
        "median": 147763200.0,
        "mean": 147717120.0,
        "min": 147517440.0,
        "max": 147824640.0,
        "p05": 147551232.0,
        "p95": 147818496.0
      },
      "selected_fork_active_state_steady_nbytes": {
        "count": 4,
        "median": 147763200.0,
        "mean": 147717120.0,
        "min": 147517440.0,
        "max": 147824640.0,
        "p05": 147551232.0,
        "p95": 147818496.0
      },
      "cow_initial_shared_nbytes": {
        "count": 0,
        "median": null,
        "mean": null,
        "min": null,
        "max": null,
        "p05": null,
        "p95": null
      },
      "cow_initial_private_nbytes": {
        "count": 0,
        "median": null,
        "mean": null,
        "min": null,
        "max": null,
        "p05": null,
        "p95": null
      },
      "cow_after_query_shared_nbytes": {
        "count": 0,
        "median": null,
        "mean": null,
        "min": null,
        "max": null,
        "p05": null,
        "p95": null
      },
      "cow_after_query_private_nbytes": {
        "count": 0,
        "median": null,
        "mean": null,
        "min": null,
        "max": null,
        "p05": null,
        "p95": null
      },
      "cow_final_shared_nbytes": {
        "count": 0,
        "median": null,
        "mean": null,
        "min": null,
        "max": null,
        "p05": null,
        "p95": null
      },
      "cow_final_private_nbytes": {
        "count": 0,
        "median": null,
        "mean": null,
        "min": null,
        "max": null,
        "p05": null,
        "p95": null
      },
      "decode_kv_peak_nbytes": {
        "count": 4,
        "median": 1075200.0,
        "mean": 1141760.0,
        "min": 1024000.0,
        "max": 1392640.0,
        "p05": 1030144.0,
        "p95": 1346560.0
      },
      "decode_kv_steady_nbytes": {
        "count": 4,
        "median": 1039360.0,
        "mean": 1105920.0,
        "min": 1013760.0,
        "max": 1331200.0,
        "p05": 1013760.0,
        "p95": 1291264.0
      },
      "cuda_peak_allocated_bytes": {
        "count": 4,
        "median": 69892499968.0,
        "mean": 69880874240.0,
        "min": 69794959872.0,
        "max": 69943537152.0,
        "p05": 69808522905.6,
        "p95": 69936949555.2
      },
      "cuda_peak_reserved_bytes": {
        "count": 4,
        "median": 69970427904.0,
        "mean": 69957844992.0,
        "min": 69893881856.0,
        "max": 69996642304.0,
        "p05": 69904262758.4,
        "p95": 69993811148.8
      },
      "steady_state_cuda_allocated_bytes": {
        "count": 4,
        "median": 69762283008.0,
        "mean": 69770327552.0,
        "min": 69726101504.0,
        "max": 69830642688.0,
        "p05": 69727184000.0,
        "p95": 69824733465.59999
      },
      "steady_state_cuda_reserved_bytes": {
        "count": 4,
        "median": 69970427904.0,
        "mean": 69957844992.0,
        "min": 69893881856.0,
        "max": 69996642304.0,
        "p05": 69904262758.4,
        "p95": 69993811148.8
      },
      "nvml_sampled_peak_process_bytes": {
        "count": 4,
        "median": 70443335680.0,
        "mean": 70431277056.0,
        "min": 70367838208.0,
        "max": 70470598656.0,
        "p05": 70378219110.4,
        "p95": 70467452928.0
      },
      "steady_state_nvml_process_bytes": {
        "count": 4,
        "median": 70443335680.0,
        "mean": 70431277056.0,
        "min": 70367838208.0,
        "max": 70470598656.0,
        "p05": 70378219110.4,
        "p95": 70467452928.0
      },
      "ttft_seconds": {
        "count": 4,
        "median": 0.16355796135030687,
        "mean": 0.16481816302984953,
        "min": 0.1599099524319172,
        "max": 0.1722467769868672,
        "p05": 0.16028914952185006,
        "p95": 0.17111145888920873
      },
      "median_tpot_seconds": {
        "count": 4,
        "median": 0.05370606540236622,
        "mean": 0.05421368026873097,
        "min": 0.05345827294513583,
        "max": 0.0559843173250556,
        "p05": 0.05348044168204069,
        "p95": 0.055657579668331895
      },
      "throughput_tokens_per_second": {
        "count": 4,
        "median": 10.76124056260624,
        "mean": 10.820921516518162,
        "min": 7.1566872867644,
        "max": 14.604517654095769,
        "p05": 7.465551940180994,
        "p95": 14.25984442833202
      },
      "max_resident_documents_store_only": {
        "count": 4,
        "median": 517.0,
        "mean": 517.25,
        "min": 517.0,
        "max": 518.0,
        "p05": 517.0,
        "p95": 517.85
      },
      "max_resident_documents_with_one_active_request": {
        "count": 4,
        "median": 515.5,
        "mean": 515.5,
        "min": 515.0,
        "max": 516.0,
        "p05": 515.0,
        "p95": 516.0
      },
      "f1": {
        "count": 4,
        "median": 0.42857142857142855,
        "mean": 0.4642857142857143,
        "min": 0.0,
        "max": 1.0,
        "p05": 0.0,
        "p95": 0.9785714285714285
      }
    },
    {
      "dataset": "2wikimqa",
      "config": "qcomem-d7-frozen-static",
      "workloads": 4,
      "measurements": 4,
      "write_build_seconds": {
        "count": 4,
        "median": 0.12978345365263522,
        "mean": 0.12988359096925706,
        "min": 0.1290157726034522,
        "max": 0.1309516839683056,
        "p05": 0.12902828329242766,
        "p95": 0.13087909088935704
      },
      "persistent_document_nbytes": {
        "count": 4,
        "median": 10544448.0,
        "mean": 10540560.0,
        "min": 10523712.0,
        "max": 10549632.0,
        "p05": 10526563.2,
        "p95": 10549113.6
      },
      "persistent_materialized_staging_nbytes": {
        "count": 4,
        "median": 37840896.0,
        "mean": 37827072.0,
        "min": 37767168.0,
        "max": 37859328.0,
        "p05": 37777305.6,
        "p95": 37857484.8
      },
      "persistent_total_resident_nbytes": {
        "count": 4,
        "median": 48385344.0,
        "mean": 48367632.0,
        "min": 48290880.0,
        "max": 48408960.0,
        "p05": 48303868.8,
        "p95": 48406598.400000006
      },
      "capacity_document_denominator_nbytes": {
        "count": 4,
        "median": 48385344.0,
        "mean": 48367632.0,
        "min": 48290880.0,
        "max": 48408960.0,
        "p05": 48303868.8,
        "p95": 48406598.400000006
      },
      "selected_fork_active_state_peak_nbytes": {
        "count": 4,
        "median": 37941248.0,
        "mean": 37932032.0,
        "min": 37892096.0,
        "max": 37953536.0,
        "p05": 37898854.4,
        "p95": 37952307.2
      },
      "selected_fork_active_state_steady_nbytes": {
        "count": 4,
        "median": 21373952.0,
        "mean": 21373952.0,
        "min": 21368832.0,
        "max": 21379072.0,
        "p05": 21369139.2,
        "p95": 21378764.8
      },
      "cow_initial_shared_nbytes": {
        "count": 4,
        "median": 24864768.0,
        "mean": 24850944.0,
        "min": 24791040.0,
        "max": 24883200.0,
        "p05": 24801177.6,
        "p95": 24881356.8
      },
      "cow_initial_private_nbytes": {
        "count": 4,
        "median": 12976128.0,
        "mean": 12976128.0,
        "min": 12976128.0,
        "max": 12976128.0,
        "p05": 12976128.0,
        "p95": 12976128.0
      },
      "cow_after_query_shared_nbytes": {
        "count": 4,
        "median": 16576512.0,
        "mean": 16567296.0,
        "min": 16527360.0,
        "max": 16588800.0,
        "p05": 16534118.4,
        "p95": 16587571.2
      },
      "cow_after_query_private_nbytes": {
        "count": 4,
        "median": 21364736.0,
        "mean": 21364736.0,
        "min": 21364736.0,
        "max": 21364736.0,
        "p05": 21364736.0,
        "p95": 21364736.0
      },
      "cow_final_shared_nbytes": {
        "count": 4,
        "median": 0.0,
        "mean": 0.0,
        "min": 0.0,
        "max": 0.0,
        "p05": 0.0,
        "p95": 0.0
      },
      "cow_final_private_nbytes": {
        "count": 4,
        "median": 21373952.0,
        "mean": 21373952.0,
        "min": 21368832.0,
        "max": 21379072.0,
        "p05": 21369139.2,
        "p95": 21378764.8
      },
      "decode_kv_peak_nbytes": {
        "count": 4,
        "median": 127592448.0,
        "mean": 127599104.0,
        "min": 127541248.0,
        "max": 127670272.0,
        "p05": 127544934.4,
        "p95": 127662592.0
      },
      "decode_kv_steady_nbytes": {
        "count": 4,
        "median": 127556608.0,
        "mean": 127563264.0,
        "min": 127531008.0,
        "max": 127608832.0,
        "p05": 127533158.4,
        "p95": 127602688.0
      },
      "cuda_peak_allocated_bytes": {
        "count": 4,
        "median": 70486217216.0,
        "mean": 70486200576.0,
        "min": 70464714240.0,
        "max": 70507653632.0,
        "p05": 70464834508.8,
        "p95": 70507543347.2
      },
      "cuda_peak_reserved_bytes": {
        "count": 4,
        "median": 70616350720.0,
        "mean": 70626312192.0,
        "min": 70600622080.0,
        "max": 70671925248.0,
        "p05": 70601565798.4,
        "p95": 70665004646.4
      },
      "steady_state_cuda_allocated_bytes": {
        "count": 4,
        "median": 69633286912.0,
        "mean": 69633452928.0,
        "min": 69612121600.0,
        "max": 69655116288.0,
        "p05": 69612172211.2,
        "p95": 69654966067.2
      },
      "steady_state_cuda_reserved_bytes": {
        "count": 4,
        "median": 70616350720.0,
        "mean": 70626312192.0,
        "min": 70600622080.0,
        "max": 70671925248.0,
        "p05": 70601565798.4,
        "p95": 70665004646.4
      },
      "nvml_sampled_peak_process_bytes": {
        "count": 4,
        "median": 71089258496.0,
        "mean": 71099744256.0,
        "min": 71074578432.0,
        "max": 71145881600.0,
        "p05": 71075522150.4,
        "p95": 71138646425.6
      },
      "steady_state_nvml_process_bytes": {
        "count": 4,
        "median": 71089258496.0,
        "mean": 71099744256.0,
        "min": 71074578432.0,
        "max": 71145881600.0,
        "p05": 71075522150.4,
        "p95": 71138646425.6
      },
      "ttft_seconds": {
        "count": 4,
        "median": 0.6694059399887919,
        "mean": 0.6687343617668375,
        "min": 0.6642279620282352,
        "max": 0.6718976050615311,
        "p05": 0.6646551162470132,
        "p95": 0.6718733977759257
      },
      "median_tpot_seconds": {
        "count": 4,
        "median": 0.054714727215468884,
        "mean": 0.05501295858994126,
        "min": 0.05379446083679795,
        "max": 0.05682791909202933,
        "p05": 0.05391659822780639,
        "p95": 0.05652684287633747
      },
      "throughput_tokens_per_second": {
        "count": 4,
        "median": 4.8010014972738215,
        "mean": 4.9160949125084485,
        "min": 2.5912882216407196,
        "max": 7.471088433845432,
        "p05": 2.7438912993590794,
        "p95": 7.249429306986295
      },
      "max_resident_documents_store_only": {
        "count": 4,
        "median": 1580.5,
        "mean": 1581.25,
        "min": 1580.0,
        "max": 1584.0,
        "p05": 1580.0,
        "p95": 1583.55
      },
      "max_resident_documents_with_one_active_request": {
        "count": 4,
        "median": 1560.0,
        "mean": 1560.5,
        "min": 1559.0,
        "max": 1563.0,
        "p05": 1559.1499999999999,
        "p95": 1562.5500000000002
      },
      "f1": {
        "count": 4,
        "median": 0.42857142857142855,
        "mean": 0.4642857142857143,
        "min": 0.0,
        "max": 1.0,
        "p05": 0.0,
        "p95": 0.9785714285714285
      }
    },
    {
      "dataset": "2wikimqa",
      "config": "qcomem-d7-r16-a16-l16",
      "workloads": 4,
      "measurements": 4,
      "write_build_seconds": {
        "count": 4,
        "median": 0.19115637987852097,
        "mean": 0.19621434598229825,
        "min": 0.18135127983987331,
        "max": 0.22119334433227777,
        "p05": 0.18272943920455875,
        "p95": 0.21678040530532597
      },
      "persistent_document_nbytes": {
        "count": 4,
        "median": 37840896.0,
        "mean": 37827072.0,
        "min": 37767168.0,
        "max": 37859328.0,
        "p05": 37777305.6,
        "p95": 37857484.8
      },
      "persistent_materialized_staging_nbytes": {
        "count": 4,
        "median": 37840896.0,
        "mean": 37827072.0,
        "min": 37767168.0,
        "max": 37859328.0,
        "p05": 37777305.6,
        "p95": 37857484.8
      },
      "persistent_total_resident_nbytes": {
        "count": 4,
        "median": 59105280.0,
        "mean": 59086848.0,
        "min": 59006976.0,
        "max": 59129856.0,
        "p05": 59020492.800000004,
        "p95": 59127398.4
      },
      "capacity_document_denominator_nbytes": {
        "count": 4,
        "median": 59105280.0,
        "mean": 59086848.0,
        "min": 59006976.0,
        "max": 59129856.0,
        "p05": 59020492.800000004,
        "p95": 59127398.4
      },
      "selected_fork_active_state_peak_nbytes": {
        "count": 4,
        "median": 37941248.0,
        "mean": 37932032.0,
        "min": 37892096.0,
        "max": 37953536.0,
        "p05": 37898854.4,
        "p95": 37952307.2
      },
      "selected_fork_active_state_steady_nbytes": {
        "count": 4,
        "median": 21373952.0,
        "mean": 21373952.0,
        "min": 21368832.0,
        "max": 21379072.0,
        "p05": 21369139.2,
        "p95": 21378764.8
      },
      "cow_initial_shared_nbytes": {
        "count": 4,
        "median": 24864768.0,
        "mean": 24850944.0,
        "min": 24791040.0,
        "max": 24883200.0,
        "p05": 24801177.6,
        "p95": 24881356.8
      },
      "cow_initial_private_nbytes": {
        "count": 4,
        "median": 12976128.0,
        "mean": 12976128.0,
        "min": 12976128.0,
        "max": 12976128.0,
        "p05": 12976128.0,
        "p95": 12976128.0
      },
      "cow_after_query_shared_nbytes": {
        "count": 4,
        "median": 16576512.0,
        "mean": 16567296.0,
        "min": 16527360.0,
        "max": 16588800.0,
        "p05": 16534118.4,
        "p95": 16587571.2
      },
      "cow_after_query_private_nbytes": {
        "count": 4,
        "median": 21364736.0,
        "mean": 21364736.0,
        "min": 21364736.0,
        "max": 21364736.0,
        "p05": 21364736.0,
        "p95": 21364736.0
      },
      "cow_final_shared_nbytes": {
        "count": 4,
        "median": 0.0,
        "mean": 0.0,
        "min": 0.0,
        "max": 0.0,
        "p05": 0.0,
        "p95": 0.0
      },
      "cow_final_private_nbytes": {
        "count": 4,
        "median": 21373952.0,
        "mean": 21373952.0,
        "min": 21368832.0,
        "max": 21379072.0,
        "p05": 21369139.2,
        "p95": 21378764.8
      },
      "decode_kv_peak_nbytes": {
        "count": 4,
        "median": 127592448.0,
        "mean": 127599104.0,
        "min": 127541248.0,
        "max": 127670272.0,
        "p05": 127544934.4,
        "p95": 127662592.0
      },
      "decode_kv_steady_nbytes": {
        "count": 4,
        "median": 127556608.0,
        "mean": 127563264.0,
        "min": 127531008.0,
        "max": 127608832.0,
        "p05": 127533158.4,
        "p95": 127602688.0
      },
      "cuda_peak_allocated_bytes": {
        "count": 4,
        "median": 70445429248.0,
        "mean": 70445332480.0,
        "min": 70444782080.0,
        "max": 70445689344.0,
        "p05": 70444863948.8,
        "p95": 70445665536.0
      },
      "cuda_peak_reserved_bytes": {
        "count": 4,
        "median": 70590136320.0,
        "mean": 70592233472.0,
        "min": 70575456256.0,
        "max": 70613204992.0,
        "p05": 70577029120.0,
        "p95": 70610373836.8
      },
      "steady_state_cuda_allocated_bytes": {
        "count": 4,
        "median": 69592335104.0,
        "mean": 69592287616.0,
        "min": 69592006144.0,
        "max": 69592474112.0,
        "p05": 69592046233.6,
        "p95": 69592462515.2
      },
      "steady_state_cuda_reserved_bytes": {
        "count": 4,
        "median": 70590136320.0,
        "mean": 70592233472.0,
        "min": 70575456256.0,
        "max": 70613204992.0,
        "p05": 70577029120.0,
        "p95": 70610373836.8
      },
      "nvml_sampled_peak_process_bytes": {
        "count": 4,
        "median": 71063044096.0,
        "mean": 71065665536.0,
        "min": 71049412608.0,
        "max": 71087161344.0,
        "p05": 71050670899.2,
        "p95": 71084330188.79999
      },
      "steady_state_nvml_process_bytes": {
        "count": 4,
        "median": 71061995520.0,
        "mean": 71064616960.0,
        "min": 71047315456.0,
        "max": 71087161344.0,
        "p05": 71048888320.0,
        "p95": 71084015616.0
      },
      "ttft_seconds": {
        "count": 4,
        "median": 1.145200909115374,
        "mean": 1.150168972206302,
        "min": 0.7062133313156664,
        "max": 1.6040607392787933,
        "p05": 0.706405206490308,
        "p95": 1.600888026249595
      },
      "median_tpot_seconds": {
        "count": 4,
        "median": 0.08681154914665967,
        "mean": 0.1280885247979313,
        "min": 0.08438992779701948,
        "max": 0.25434107310138643,
        "p05": 0.08460066239349544,
        "p95": 0.22936415311414743
      },
      "throughput_tokens_per_second": {
        "count": 4,
        "median": 2.3768582366076663,
        "mean": 2.937965568483235,
        "min": 0.9562096772687172,
        "max": 6.04193612344889,
        "p05": 1.1595068164517404,
        "p95": 5.501974585140524
      },
      "max_resident_documents_store_only": {
        "count": 4,
        "median": 1294.0,
        "mean": 1294.25,
        "min": 1293.0,
        "max": 1296.0,
        "p05": 1293.15,
        "p95": 1295.6999999999998
      },
      "max_resident_documents_with_one_active_request": {
        "count": 4,
        "median": 1279.5,
        "mean": 1279.0,
        "min": 1277.0,
        "max": 1280.0,
        "p05": 1277.3000000000002,
        "p95": 1280.0
      },
      "f1": {
        "count": 4,
        "median": 0.42857142857142855,
        "mean": 0.4642857142857143,
        "min": 0.0,
        "max": 1.0,
        "p05": 0.0,
        "p95": 0.9785714285714285
      }
    },
    {
      "dataset": "qasper",
      "config": "full-prefix-q16",
      "workloads": 4,
      "measurements": 4,
      "write_build_seconds": {
        "count": 4,
        "median": 0.6346065788529813,
        "mean": 0.6157311059068888,
        "min": 0.5523738260380924,
        "max": 0.6413374398835003,
        "p05": 0.5645070555619895,
        "p95": 0.6405294941272587
      },
      "persistent_document_nbytes": {
        "count": 4,
        "median": 146759680.0,
        "mean": 143953920.0,
        "min": 135495680.0,
        "max": 146800640.0,
        "p05": 137182208.0,
        "p95": 146797568.0
      },
      "persistent_materialized_staging_nbytes": {
        "count": 4,
        "median": 0.0,
        "mean": 0.0,
        "min": 0.0,
        "max": 0.0,
        "p05": 0.0,
        "p95": 0.0
      },
      "persistent_total_resident_nbytes": {
        "count": 4,
        "median": 146759680.0,
        "mean": 143953920.0,
        "min": 135495680.0,
        "max": 146800640.0,
        "p05": 137182208.0,
        "p95": 146797568.0
      },
      "capacity_document_denominator_nbytes": {
        "count": 4,
        "median": 146759680.0,
        "mean": 143953920.0,
        "min": 135495680.0,
        "max": 146800640.0,
        "p05": 137182208.0,
        "p95": 146797568.0
      },
      "selected_fork_active_state_peak_nbytes": {
        "count": 4,
        "median": 146759680.0,
        "mean": 143953920.0,
        "min": 135495680.0,
        "max": 146800640.0,
        "p05": 137182208.0,
        "p95": 146797568.0
      },
      "selected_fork_active_state_steady_nbytes": {
        "count": 4,
        "median": 146759680.0,
        "mean": 143953920.0,
        "min": 135495680.0,
        "max": 146800640.0,
        "p05": 137182208.0,
        "p95": 146797568.0
      },
      "cow_initial_shared_nbytes": {
        "count": 0,
        "median": null,
        "mean": null,
        "min": null,
        "max": null,
        "p05": null,
        "p95": null
      },
      "cow_initial_private_nbytes": {
        "count": 0,
        "median": null,
        "mean": null,
        "min": null,
        "max": null,
        "p05": null,
        "p95": null
      },
      "cow_after_query_shared_nbytes": {
        "count": 0,
        "median": null,
        "mean": null,
        "min": null,
        "max": null,
        "p05": null,
        "p95": null
      },
      "cow_after_query_private_nbytes": {
        "count": 0,
        "median": null,
        "mean": null,
        "min": null,
        "max": null,
        "p05": null,
        "p95": null
      },
      "cow_final_shared_nbytes": {
        "count": 0,
        "median": null,
        "mean": null,
        "min": null,
        "max": null,
        "p05": null,
        "p95": null
      },
      "cow_final_private_nbytes": {
        "count": 0,
        "median": null,
        "mean": null,
        "min": null,
        "max": null,
        "p05": null,
        "p95": null
      },
      "decode_kv_peak_nbytes": {
        "count": 4,
        "median": 2150400.0,
        "mean": 2165760.0,
        "min": 2109440.0,
        "max": 2252800.0,
        "p05": 2112512.0,
        "p95": 2240512.0
      },
      "decode_kv_steady_nbytes": {
        "count": 4,
        "median": 2088960.0,
        "mean": 2104320.0,
        "min": 2048000.0,
        "max": 2191360.0,
        "p05": 2051072.0,
        "p95": 2179072.0
      },
      "cuda_peak_allocated_bytes": {
        "count": 4,
        "median": 69841842176.0,
        "mean": 69848758400.0,
        "min": 69830576640.0,
        "max": 69880772608.0,
        "p05": 69832260172.8,
        "p95": 69874939340.8
      },
      "cuda_peak_reserved_bytes": {
        "count": 4,
        "median": 69927436288.0,
        "mean": 69921144832.0,
        "min": 69891784704.0,
        "max": 69937922048.0,
        "p05": 69895559577.6,
        "p95": 69937922048.0
      },
      "steady_state_cuda_allocated_bytes": {
        "count": 4,
        "median": 69770505216.0,
        "mean": 69779485696.0,
        "min": 69767605248.0,
        "max": 69809327104.0,
        "p05": 69768037708.8,
        "p95": 69803506355.2
      },
      "steady_state_cuda_reserved_bytes": {
        "count": 4,
        "median": 69927436288.0,
        "mean": 69921144832.0,
        "min": 69891784704.0,
        "max": 69937922048.0,
        "p05": 69895559577.6,
        "p95": 69937922048.0
      },
      "nvml_sampled_peak_process_bytes": {
        "count": 4,
        "median": 70401392640.0,
        "mean": 70395101184.0,
        "min": 70365741056.0,
        "max": 70411878400.0,
        "p05": 70369515929.6,
        "p95": 70411878400.0
      },
      "steady_state_nvml_process_bytes": {
        "count": 4,
        "median": 70401392640.0,
        "mean": 70395101184.0,
        "min": 70365741056.0,
        "max": 70411878400.0,
        "p05": 70369515929.6,
        "p95": 70411878400.0
      },
      "ttft_seconds": {
        "count": 4,
        "median": 0.17878230731002986,
        "mean": 0.17610819858964533,
        "min": 0.15725477179512382,
        "max": 0.18961340794339776,
        "p05": 0.16023068591021,
        "p95": 0.18824195906054228
      },
      "median_tpot_seconds": {
        "count": 4,
        "median": 0.05458768061362207,
        "mean": 0.0544892898760736,
        "min": 0.05092590115964413,
        "max": 0.05785589711740613,
        "p05": 0.05113923414610326,
        "p95": 0.05770159857347607
      },
      "throughput_tokens_per_second": {
        "count": 4,
        "median": 14.376274165975758,
        "mean": 14.348023533792237,
        "min": 13.429319962410656,
        "max": 15.210225840806771,
        "p05": 13.49460235445852,
        "p95": 15.16189382806902
      },
      "max_resident_documents_store_only": {
        "count": 4,
        "median": 521.0,
        "mean": 531.75,
        "min": 521.0,
        "max": 564.0,
        "p05": 521.0,
        "p95": 557.55
      },
      "max_resident_documents_with_one_active_request": {
        "count": 4,
        "median": 519.0,
        "mean": 529.75,
        "min": 519.0,
        "max": 562.0,
        "p05": 519.0,
        "p95": 555.55
      },
      "f1": {
        "count": 4,
        "median": 0.22875816993464052,
        "mean": 0.21630216189039717,
        "min": 0.1,
        "max": 0.30769230769230765,
        "p05": 0.11833333333333335,
        "p95": 0.2968325791855203
      }
    },
    {
      "dataset": "qasper",
      "config": "qcomem-d7-frozen-static",
      "workloads": 4,
      "measurements": 4,
      "write_build_seconds": {
        "count": 4,
        "median": 0.18408813257701695,
        "mean": 0.17777172336354852,
        "min": 0.1318761962465942,
        "max": 0.21103443205356598,
        "p05": 0.13721075479406863,
        "p95": 0.20948971903417257
      },
      "persistent_document_nbytes": {
        "count": 4,
        "median": 10459776.0,
        "mean": 10223040.0,
        "min": 9509376.0,
        "max": 10463232.0,
        "p05": 9651676.8,
        "p95": 10462972.799999999
      },
      "persistent_materialized_staging_nbytes": {
        "count": 4,
        "median": 37539840.0,
        "mean": 36698112.0,
        "min": 34160640.0,
        "max": 37552128.0,
        "p05": 34666598.4,
        "p95": 37551206.4
      },
      "persistent_total_resident_nbytes": {
        "count": 4,
        "median": 47999616.0,
        "mean": 46921152.0,
        "min": 43670016.0,
        "max": 48015360.0,
        "p05": 44318275.2,
        "p95": 48014179.2
      },
      "capacity_document_denominator_nbytes": {
        "count": 4,
        "median": 47999616.0,
        "mean": 46921152.0,
        "min": 43670016.0,
        "max": 48015360.0,
        "p05": 44318275.2,
        "p95": 48014179.2
      },
      "selected_fork_active_state_peak_nbytes": {
        "count": 4,
        "median": 37740544.0,
        "mean": 36900352.0,
        "min": 34371584.0,
        "max": 37748736.0,
        "p05": 34876313.6,
        "p95": 37748121.6
      },
      "selected_fork_active_state_steady_nbytes": {
        "count": 4,
        "median": 21379072.0,
        "mean": 21100032.0,
        "min": 20262912.0,
        "max": 21379072.0,
        "p05": 20430336.0,
        "p95": 21379072.0
      },
      "cow_initial_shared_nbytes": {
        "count": 4,
        "median": 24563712.0,
        "mean": 23721984.0,
        "min": 21184512.0,
        "max": 24576000.0,
        "p05": 21690470.4,
        "p95": 24575078.400000002
      },
      "cow_initial_private_nbytes": {
        "count": 4,
        "median": 12976128.0,
        "mean": 12976128.0,
        "min": 12976128.0,
        "max": 12976128.0,
        "p05": 12976128.0,
        "p95": 12976128.0
      },
      "cow_after_query_shared_nbytes": {
        "count": 4,
        "median": 16375808.0,
        "mean": 15814656.0,
        "min": 14123008.0,
        "max": 16384000.0,
        "p05": 14460313.6,
        "p95": 16383385.6
      },
      "cow_after_query_private_nbytes": {
        "count": 4,
        "median": 21364736.0,
        "mean": 21085696.0,
        "min": 20248576.0,
        "max": 21364736.0,
        "p05": 20416000.0,
        "p95": 21364736.0
      },
      "cow_final_shared_nbytes": {
        "count": 4,
        "median": 0.0,
        "mean": 0.0,
        "min": 0.0,
        "max": 0.0,
        "p05": 0.0,
        "p95": 0.0
      },
      "cow_final_private_nbytes": {
        "count": 4,
        "median": 21379072.0,
        "mean": 21100032.0,
        "min": 20262912.0,
        "max": 21379072.0,
        "p05": 20430336.0,
        "p95": 21379072.0
      },
      "decode_kv_peak_nbytes": {
        "count": 4,
        "median": 127742976.0,
        "mean": 125236224.0,
        "min": 117710848.0,
        "max": 127748096.0,
        "p05": 119215513.6,
        "p95": 127747481.6
      },
      "decode_kv_steady_nbytes": {
        "count": 4,
        "median": 127681536.0,
        "mean": 125174784.0,
        "min": 117649408.0,
        "max": 127686656.0,
        "p05": 119154073.6,
        "p95": 127686041.6
      },
      "cuda_peak_allocated_bytes": {
        "count": 4,
        "median": 70422109696.0,
        "mean": 70401403776.0,
        "min": 70311179264.0,
        "max": 70450216448.0,
        "p05": 70327815910.40001,
        "p95": 70446003353.6
      },
      "cuda_peak_reserved_bytes": {
        "count": 4,
        "median": 70573359104.0,
        "mean": 70543998976.0,
        "min": 70449627136.0,
        "max": 70579650560.0,
        "p05": 70467243212.8,
        "p95": 70579650560.0
      },
      "steady_state_cuda_allocated_bytes": {
        "count": 4,
        "median": 69587428864.0,
        "mean": 69591949184.0,
        "min": 69581685760.0,
        "max": 69611253248.0,
        "p05": 69581687680.0,
        "p95": 69608539136.0
      },
      "steady_state_cuda_reserved_bytes": {
        "count": 4,
        "median": 70573359104.0,
        "mean": 70543998976.0,
        "min": 70449627136.0,
        "max": 70579650560.0,
        "p05": 70467243212.8,
        "p95": 70579650560.0
      },
      "nvml_sampled_peak_process_bytes": {
        "count": 4,
        "median": 71047315456.0,
        "mean": 71017955328.0,
        "min": 70923583488.0,
        "max": 71053606912.0,
        "p05": 70941199564.8,
        "p95": 71053606912.0
      },
      "steady_state_nvml_process_bytes": {
        "count": 4,
        "median": 71047315456.0,
        "mean": 71017955328.0,
        "min": 70923583488.0,
        "max": 71053606912.0,
        "p05": 70941199564.8,
        "p95": 71053606912.0
      },
      "ttft_seconds": {
        "count": 4,
        "median": 0.9473643684759736,
        "mean": 1.1087644557701424,
        "min": 0.680231440346688,
        "max": 1.8600976457819343,
        "p05": 0.6893987650051713,
        "p95": 1.7540902687469495
      },
      "median_tpot_seconds": {
        "count": 4,
        "median": 0.08339148457162082,
        "mean": 0.08087945892475545,
        "min": 0.058156611397862434,
        "max": 0.09857825515791774,
        "p05": 0.06187544132117182,
        "p95": 0.09636664062272757
      },
      "throughput_tokens_per_second": {
        "count": 4,
        "median": 5.145467328523563,
        "mean": 5.109077617154371,
        "min": 2.801226382596156,
        "max": 7.344149428974204,
        "p05": 3.023986875773403,
        "p95": 7.143222762618471
      },
      "max_resident_documents_store_only": {
        "count": 4,
        "median": 1593.5,
        "mean": 1632.75,
        "min": 1593.0,
        "max": 1751.0,
        "p05": 1593.0,
        "p95": 1727.45
      },
      "max_resident_documents_with_one_active_request": {
        "count": 4,
        "median": 1572.5,
        "mean": 1612.25,
        "min": 1572.0,
        "max": 1732.0,
        "p05": 1572.0,
        "p95": 1708.1499999999999
      },
      "f1": {
        "count": 4,
        "median": 0.22875816993464052,
        "mean": 0.21630216189039717,
        "min": 0.1,
        "max": 0.30769230769230765,
        "p05": 0.11833333333333335,
        "p95": 0.2968325791855203
      }
    },
    {
      "dataset": "qasper",
      "config": "qcomem-d7-r16-a16-l16",
      "workloads": 4,
      "measurements": 4,
      "write_build_seconds": {
        "count": 4,
        "median": 0.12715165899135172,
        "mean": 0.14031867973972112,
        "min": 0.1248107347637415,
        "max": 0.18216066621243954,
        "p05": 0.12502670791000128,
        "p95": 0.1740444806171581
      },
      "persistent_document_nbytes": {
        "count": 4,
        "median": 37539840.0,
        "mean": 36698112.0,
        "min": 34160640.0,
        "max": 37552128.0,
        "p05": 34666598.4,
        "p95": 37551206.4
      },
      "persistent_materialized_staging_nbytes": {
        "count": 4,
        "median": 37539840.0,
        "mean": 36698112.0,
        "min": 34160640.0,
        "max": 37552128.0,
        "p05": 34666598.4,
        "p95": 37551206.4
      },
      "persistent_total_resident_nbytes": {
        "count": 4,
        "median": 58703872.0,
        "mean": 57581568.0,
        "min": 54198272.0,
        "max": 58720256.0,
        "p05": 54872883.199999996,
        "p95": 58719027.2
      },
      "capacity_document_denominator_nbytes": {
        "count": 4,
        "median": 58703872.0,
        "mean": 57581568.0,
        "min": 54198272.0,
        "max": 58720256.0,
        "p05": 54872883.199999996,
        "p95": 58719027.2
      },
      "selected_fork_active_state_peak_nbytes": {
        "count": 4,
        "median": 37740544.0,
        "mean": 36900352.0,
        "min": 34371584.0,
        "max": 37748736.0,
        "p05": 34876313.6,
        "p95": 37748121.6
      },
      "selected_fork_active_state_steady_nbytes": {
        "count": 4,
        "median": 21379072.0,
        "mean": 21100032.0,
        "min": 20262912.0,
        "max": 21379072.0,
        "p05": 20430336.0,
        "p95": 21379072.0
      },
      "cow_initial_shared_nbytes": {
        "count": 4,
        "median": 24563712.0,
        "mean": 23721984.0,
        "min": 21184512.0,
        "max": 24576000.0,
        "p05": 21690470.4,
        "p95": 24575078.400000002
      },
      "cow_initial_private_nbytes": {
        "count": 4,
        "median": 12976128.0,
        "mean": 12976128.0,
        "min": 12976128.0,
        "max": 12976128.0,
        "p05": 12976128.0,
        "p95": 12976128.0
      },
      "cow_after_query_shared_nbytes": {
        "count": 4,
        "median": 16375808.0,
        "mean": 15814656.0,
        "min": 14123008.0,
        "max": 16384000.0,
        "p05": 14460313.6,
        "p95": 16383385.6
      },
      "cow_after_query_private_nbytes": {
        "count": 4,
        "median": 21364736.0,
        "mean": 21085696.0,
        "min": 20248576.0,
        "max": 21364736.0,
        "p05": 20416000.0,
        "p95": 21364736.0
      },
      "cow_final_shared_nbytes": {
        "count": 4,
        "median": 0.0,
        "mean": 0.0,
        "min": 0.0,
        "max": 0.0,
        "p05": 0.0,
        "p95": 0.0
      },
      "cow_final_private_nbytes": {
        "count": 4,
        "median": 21379072.0,
        "mean": 21100032.0,
        "min": 20262912.0,
        "max": 21379072.0,
        "p05": 20430336.0,
        "p95": 21379072.0
      },
      "decode_kv_peak_nbytes": {
        "count": 4,
        "median": 127742976.0,
        "mean": 125236224.0,
        "min": 117710848.0,
        "max": 127748096.0,
        "p05": 119215513.6,
        "p95": 127747481.6
      },
      "decode_kv_steady_nbytes": {
        "count": 4,
        "median": 127681536.0,
        "mean": 125174784.0,
        "min": 117649408.0,
        "max": 127686656.0,
        "p05": 119154073.6,
        "p95": 127686041.6
      },
      "cuda_peak_allocated_bytes": {
        "count": 4,
        "median": 70491231232.0,
        "mean": 70530648448.0,
        "min": 70435339776.0,
        "max": 70704791552.0,
        "p05": 70443720806.4,
        "p95": 70672760192.0
      },
      "cuda_peak_reserved_bytes": {
        "count": 4,
        "median": 70634176512.0,
        "mean": 70663536640.0,
        "min": 70527221760.0,
        "max": 70858571776.0,
        "p05": 70543264972.8,
        "p95": 70824912486.4
      },
      "steady_state_cuda_allocated_bytes": {
        "count": 4,
        "median": 69649145856.0,
        "mean": 69719520512.0,
        "min": 69594441728.0,
        "max": 69985348608.0,
        "p05": 69602646656.0,
        "p95": 69934918886.4
      },
      "steady_state_cuda_reserved_bytes": {
        "count": 4,
        "median": 70634176512.0,
        "mean": 70663536640.0,
        "min": 70527221760.0,
        "max": 70858571776.0,
        "p05": 70543264972.8,
        "p95": 70824912486.4
      },
      "nvml_sampled_peak_process_bytes": {
        "count": 4,
        "median": 71108132864.0,
        "mean": 71137492992.0,
        "min": 71001178112.0,
        "max": 71332528128.0,
        "p05": 71017221324.8,
        "p95": 71298868838.4
      },
      "steady_state_nvml_process_bytes": {
        "count": 4,
        "median": 71108132864.0,
        "mean": 71137492992.0,
        "min": 71001178112.0,
        "max": 71332528128.0,
        "p05": 71017221324.8,
        "p95": 71298868838.4
      },
      "ttft_seconds": {
        "count": 4,
        "median": 0.6638338142074645,
        "mean": 0.6738164003472775,
        "min": 0.6222494500689209,
        "max": 0.7453485229052603,
        "p05": 0.6279120863648131,
        "p95": 0.7336963349254801
      },
      "median_tpot_seconds": {
        "count": 4,
        "median": 0.05594224575906992,
        "mean": 0.06314170721452683,
        "min": 0.05192175228148699,
        "max": 0.0887605850584805,
        "p05": 0.05208930030930787,
        "p95": 0.08427336015738546
      },
      "throughput_tokens_per_second": {
        "count": 4,
        "median": 7.710551592660083,
        "mean": 7.264617103411249,
        "min": 5.830515774183127,
        "max": 7.806849454141703,
        "p05": 6.109231600710043,
        "p95": 7.7956943211640874
      },
      "max_resident_documents_store_only": {
        "count": 4,
        "median": 1303.0,
        "mean": 1329.75,
        "min": 1302.0,
        "max": 1411.0,
        "p05": 1302.15,
        "p95": 1394.8
      },
      "max_resident_documents_with_one_active_request": {
        "count": 4,
        "median": 1288.0,
        "mean": 1314.0,
        "min": 1285.0,
        "max": 1395.0,
        "p05": 1285.15,
        "p95": 1379.25
      },
      "f1": {
        "count": 4,
        "median": 0.22875816993464052,
        "mean": 0.21630216189039717,
        "min": 0.1,
        "max": 0.30769230769230765,
        "p05": 0.11833333333333335,
        "p95": 0.2968325791855203
      }
    }
  ],
  "summary_by_dataset_config": [
    {
      "dataset": "2wikimqa",
      "config": "full-prefix-q16",
      "workloads": 4,
      "measurements": 4,
      "write_build_seconds": {
        "count": 4,
        "median": 0.6392834179569036,
        "mean": 0.6403866541804746,
        "min": 0.6363350567407906,
        "max": 0.6466447240673006,
        "p05": 0.6364813877269625,
        "p95": 0.645836451346986
      },
      "persistent_document_nbytes": {
        "count": 4,
        "median": 147763200.0,
        "mean": 147717120.0,
        "min": 147517440.0,
        "max": 147824640.0,
        "p05": 147551232.0,
        "p95": 147818496.0
      },
      "persistent_materialized_staging_nbytes": {
        "count": 4,
        "median": 0.0,
        "mean": 0.0,
        "min": 0.0,
        "max": 0.0,
        "p05": 0.0,
        "p95": 0.0
      },
      "persistent_total_resident_nbytes": {
        "count": 4,
        "median": 147763200.0,
        "mean": 147717120.0,
        "min": 147517440.0,
        "max": 147824640.0,
        "p05": 147551232.0,
        "p95": 147818496.0
      },
      "capacity_document_denominator_nbytes": {
        "count": 4,
        "median": 147763200.0,
        "mean": 147717120.0,
        "min": 147517440.0,
        "max": 147824640.0,
        "p05": 147551232.0,
        "p95": 147818496.0
      },
      "selected_fork_active_state_peak_nbytes": {
        "count": 4,
        "median": 147763200.0,
        "mean": 147717120.0,
        "min": 147517440.0,
        "max": 147824640.0,
        "p05": 147551232.0,
        "p95": 147818496.0
      },
      "selected_fork_active_state_steady_nbytes": {
        "count": 4,
        "median": 147763200.0,
        "mean": 147717120.0,
        "min": 147517440.0,
        "max": 147824640.0,
        "p05": 147551232.0,
        "p95": 147818496.0
      },
      "cow_initial_shared_nbytes": {
        "count": 0,
        "median": null,
        "mean": null,
        "min": null,
        "max": null,
        "p05": null,
        "p95": null
      },
      "cow_initial_private_nbytes": {
        "count": 0,
        "median": null,
        "mean": null,
        "min": null,
        "max": null,
        "p05": null,
        "p95": null
      },
      "cow_after_query_shared_nbytes": {
        "count": 0,
        "median": null,
        "mean": null,
        "min": null,
        "max": null,
        "p05": null,
        "p95": null
      },
      "cow_after_query_private_nbytes": {
        "count": 0,
        "median": null,
        "mean": null,
        "min": null,
        "max": null,
        "p05": null,
        "p95": null
      },
      "cow_final_shared_nbytes": {
        "count": 0,
        "median": null,
        "mean": null,
        "min": null,
        "max": null,
        "p05": null,
        "p95": null
      },
      "cow_final_private_nbytes": {
        "count": 0,
        "median": null,
        "mean": null,
        "min": null,
        "max": null,
        "p05": null,
        "p95": null
      },
      "decode_kv_peak_nbytes": {
        "count": 4,
        "median": 1075200.0,
        "mean": 1141760.0,
        "min": 1024000.0,
        "max": 1392640.0,
        "p05": 1030144.0,
        "p95": 1346560.0
      },
      "decode_kv_steady_nbytes": {
        "count": 4,
        "median": 1039360.0,
        "mean": 1105920.0,
        "min": 1013760.0,
        "max": 1331200.0,
        "p05": 1013760.0,
        "p95": 1291264.0
      },
      "cuda_peak_allocated_bytes": {
        "count": 4,
        "median": 69892499968.0,
        "mean": 69880874240.0,
        "min": 69794959872.0,
        "max": 69943537152.0,
        "p05": 69808522905.6,
        "p95": 69936949555.2
      },
      "cuda_peak_reserved_bytes": {
        "count": 4,
        "median": 69970427904.0,
        "mean": 69957844992.0,
        "min": 69893881856.0,
        "max": 69996642304.0,
        "p05": 69904262758.4,
        "p95": 69993811148.8
      },
      "steady_state_cuda_allocated_bytes": {
        "count": 4,
        "median": 69762283008.0,
        "mean": 69770327552.0,
        "min": 69726101504.0,
        "max": 69830642688.0,
        "p05": 69727184000.0,
        "p95": 69824733465.59999
      },
      "steady_state_cuda_reserved_bytes": {
        "count": 4,
        "median": 69970427904.0,
        "mean": 69957844992.0,
        "min": 69893881856.0,
        "max": 69996642304.0,
        "p05": 69904262758.4,
        "p95": 69993811148.8
      },
      "nvml_sampled_peak_process_bytes": {
        "count": 4,
        "median": 70443335680.0,
        "mean": 70431277056.0,
        "min": 70367838208.0,
        "max": 70470598656.0,
        "p05": 70378219110.4,
        "p95": 70467452928.0
      },
      "steady_state_nvml_process_bytes": {
        "count": 4,
        "median": 70443335680.0,
        "mean": 70431277056.0,
        "min": 70367838208.0,
        "max": 70470598656.0,
        "p05": 70378219110.4,
        "p95": 70467452928.0
      },
      "ttft_seconds": {
        "count": 4,
        "median": 0.16355796135030687,
        "mean": 0.16481816302984953,
        "min": 0.1599099524319172,
        "max": 0.1722467769868672,
        "p05": 0.16028914952185006,
        "p95": 0.17111145888920873
      },
      "median_tpot_seconds": {
        "count": 4,
        "median": 0.05370606540236622,
        "mean": 0.05421368026873097,
        "min": 0.05345827294513583,
        "max": 0.0559843173250556,
        "p05": 0.05348044168204069,
        "p95": 0.055657579668331895
      },
      "throughput_tokens_per_second": {
        "count": 4,
        "median": 10.76124056260624,
        "mean": 10.820921516518162,
        "min": 7.1566872867644,
        "max": 14.604517654095769,
        "p05": 7.465551940180994,
        "p95": 14.25984442833202
      },
      "max_resident_documents_store_only": {
        "count": 4,
        "median": 517.0,
        "mean": 517.25,
        "min": 517.0,
        "max": 518.0,
        "p05": 517.0,
        "p95": 517.85
      },
      "max_resident_documents_with_one_active_request": {
        "count": 4,
        "median": 515.5,
        "mean": 515.5,
        "min": 515.0,
        "max": 516.0,
        "p05": 515.0,
        "p95": 516.0
      },
      "f1": {
        "count": 4,
        "median": 0.42857142857142855,
        "mean": 0.4642857142857143,
        "min": 0.0,
        "max": 1.0,
        "p05": 0.0,
        "p95": 0.9785714285714285
      }
    },
    {
      "dataset": "2wikimqa",
      "config": "qcomem-d7-frozen-static",
      "workloads": 4,
      "measurements": 4,
      "write_build_seconds": {
        "count": 4,
        "median": 0.12978345365263522,
        "mean": 0.12988359096925706,
        "min": 0.1290157726034522,
        "max": 0.1309516839683056,
        "p05": 0.12902828329242766,
        "p95": 0.13087909088935704
      },
      "persistent_document_nbytes": {
        "count": 4,
        "median": 10544448.0,
        "mean": 10540560.0,
        "min": 10523712.0,
        "max": 10549632.0,
        "p05": 10526563.2,
        "p95": 10549113.6
      },
      "persistent_materialized_staging_nbytes": {
        "count": 4,
        "median": 37840896.0,
        "mean": 37827072.0,
        "min": 37767168.0,
        "max": 37859328.0,
        "p05": 37777305.6,
        "p95": 37857484.8
      },
      "persistent_total_resident_nbytes": {
        "count": 4,
        "median": 48385344.0,
        "mean": 48367632.0,
        "min": 48290880.0,
        "max": 48408960.0,
        "p05": 48303868.8,
        "p95": 48406598.400000006
      },
      "capacity_document_denominator_nbytes": {
        "count": 4,
        "median": 48385344.0,
        "mean": 48367632.0,
        "min": 48290880.0,
        "max": 48408960.0,
        "p05": 48303868.8,
        "p95": 48406598.400000006
      },
      "selected_fork_active_state_peak_nbytes": {
        "count": 4,
        "median": 37941248.0,
        "mean": 37932032.0,
        "min": 37892096.0,
        "max": 37953536.0,
        "p05": 37898854.4,
        "p95": 37952307.2
      },
      "selected_fork_active_state_steady_nbytes": {
        "count": 4,
        "median": 21373952.0,
        "mean": 21373952.0,
        "min": 21368832.0,
        "max": 21379072.0,
        "p05": 21369139.2,
        "p95": 21378764.8
      },
      "cow_initial_shared_nbytes": {
        "count": 4,
        "median": 24864768.0,
        "mean": 24850944.0,
        "min": 24791040.0,
        "max": 24883200.0,
        "p05": 24801177.6,
        "p95": 24881356.8
      },
      "cow_initial_private_nbytes": {
        "count": 4,
        "median": 12976128.0,
        "mean": 12976128.0,
        "min": 12976128.0,
        "max": 12976128.0,
        "p05": 12976128.0,
        "p95": 12976128.0
      },
      "cow_after_query_shared_nbytes": {
        "count": 4,
        "median": 16576512.0,
        "mean": 16567296.0,
        "min": 16527360.0,
        "max": 16588800.0,
        "p05": 16534118.4,
        "p95": 16587571.2
      },
      "cow_after_query_private_nbytes": {
        "count": 4,
        "median": 21364736.0,
        "mean": 21364736.0,
        "min": 21364736.0,
        "max": 21364736.0,
        "p05": 21364736.0,
        "p95": 21364736.0
      },
      "cow_final_shared_nbytes": {
        "count": 4,
        "median": 0.0,
        "mean": 0.0,
        "min": 0.0,
        "max": 0.0,
        "p05": 0.0,
        "p95": 0.0
      },
      "cow_final_private_nbytes": {
        "count": 4,
        "median": 21373952.0,
        "mean": 21373952.0,
        "min": 21368832.0,
        "max": 21379072.0,
        "p05": 21369139.2,
        "p95": 21378764.8
      },
      "decode_kv_peak_nbytes": {
        "count": 4,
        "median": 127592448.0,
        "mean": 127599104.0,
        "min": 127541248.0,
        "max": 127670272.0,
        "p05": 127544934.4,
        "p95": 127662592.0
      },
      "decode_kv_steady_nbytes": {
        "count": 4,
        "median": 127556608.0,
        "mean": 127563264.0,
        "min": 127531008.0,
        "max": 127608832.0,
        "p05": 127533158.4,
        "p95": 127602688.0
      },
      "cuda_peak_allocated_bytes": {
        "count": 4,
        "median": 70486217216.0,
        "mean": 70486200576.0,
        "min": 70464714240.0,
        "max": 70507653632.0,
        "p05": 70464834508.8,
        "p95": 70507543347.2
      },
      "cuda_peak_reserved_bytes": {
        "count": 4,
        "median": 70616350720.0,
        "mean": 70626312192.0,
        "min": 70600622080.0,
        "max": 70671925248.0,
        "p05": 70601565798.4,
        "p95": 70665004646.4
      },
      "steady_state_cuda_allocated_bytes": {
        "count": 4,
        "median": 69633286912.0,
        "mean": 69633452928.0,
        "min": 69612121600.0,
        "max": 69655116288.0,
        "p05": 69612172211.2,
        "p95": 69654966067.2
      },
      "steady_state_cuda_reserved_bytes": {
        "count": 4,
        "median": 70616350720.0,
        "mean": 70626312192.0,
        "min": 70600622080.0,
        "max": 70671925248.0,
        "p05": 70601565798.4,
        "p95": 70665004646.4
      },
      "nvml_sampled_peak_process_bytes": {
        "count": 4,
        "median": 71089258496.0,
        "mean": 71099744256.0,
        "min": 71074578432.0,
        "max": 71145881600.0,
        "p05": 71075522150.4,
        "p95": 71138646425.6
      },
      "steady_state_nvml_process_bytes": {
        "count": 4,
        "median": 71089258496.0,
        "mean": 71099744256.0,
        "min": 71074578432.0,
        "max": 71145881600.0,
        "p05": 71075522150.4,
        "p95": 71138646425.6
      },
      "ttft_seconds": {
        "count": 4,
        "median": 0.6694059399887919,
        "mean": 0.6687343617668375,
        "min": 0.6642279620282352,
        "max": 0.6718976050615311,
        "p05": 0.6646551162470132,
        "p95": 0.6718733977759257
      },
      "median_tpot_seconds": {
        "count": 4,
        "median": 0.054714727215468884,
        "mean": 0.05501295858994126,
        "min": 0.05379446083679795,
        "max": 0.05682791909202933,
        "p05": 0.05391659822780639,
        "p95": 0.05652684287633747
      },
      "throughput_tokens_per_second": {
        "count": 4,
        "median": 4.8010014972738215,
        "mean": 4.9160949125084485,
        "min": 2.5912882216407196,
        "max": 7.471088433845432,
        "p05": 2.7438912993590794,
        "p95": 7.249429306986295
      },
      "max_resident_documents_store_only": {
        "count": 4,
        "median": 1580.5,
        "mean": 1581.25,
        "min": 1580.0,
        "max": 1584.0,
        "p05": 1580.0,
        "p95": 1583.55
      },
      "max_resident_documents_with_one_active_request": {
        "count": 4,
        "median": 1560.0,
        "mean": 1560.5,
        "min": 1559.0,
        "max": 1563.0,
        "p05": 1559.1499999999999,
        "p95": 1562.5500000000002
      },
      "f1": {
        "count": 4,
        "median": 0.42857142857142855,
        "mean": 0.4642857142857143,
        "min": 0.0,
        "max": 1.0,
        "p05": 0.0,
        "p95": 0.9785714285714285
      }
    },
    {
      "dataset": "2wikimqa",
      "config": "qcomem-d7-r16-a16-l16",
      "workloads": 4,
      "measurements": 4,
      "write_build_seconds": {
        "count": 4,
        "median": 0.19115637987852097,
        "mean": 0.19621434598229825,
        "min": 0.18135127983987331,
        "max": 0.22119334433227777,
        "p05": 0.18272943920455875,
        "p95": 0.21678040530532597
      },
      "persistent_document_nbytes": {
        "count": 4,
        "median": 37840896.0,
        "mean": 37827072.0,
        "min": 37767168.0,
        "max": 37859328.0,
        "p05": 37777305.6,
        "p95": 37857484.8
      },
      "persistent_materialized_staging_nbytes": {
        "count": 4,
        "median": 37840896.0,
        "mean": 37827072.0,
        "min": 37767168.0,
        "max": 37859328.0,
        "p05": 37777305.6,
        "p95": 37857484.8
      },
      "persistent_total_resident_nbytes": {
        "count": 4,
        "median": 59105280.0,
        "mean": 59086848.0,
        "min": 59006976.0,
        "max": 59129856.0,
        "p05": 59020492.800000004,
        "p95": 59127398.4
      },
      "capacity_document_denominator_nbytes": {
        "count": 4,
        "median": 59105280.0,
        "mean": 59086848.0,
        "min": 59006976.0,
        "max": 59129856.0,
        "p05": 59020492.800000004,
        "p95": 59127398.4
      },
      "selected_fork_active_state_peak_nbytes": {
        "count": 4,
        "median": 37941248.0,
        "mean": 37932032.0,
        "min": 37892096.0,
        "max": 37953536.0,
        "p05": 37898854.4,
        "p95": 37952307.2
      },
      "selected_fork_active_state_steady_nbytes": {
        "count": 4,
        "median": 21373952.0,
        "mean": 21373952.0,
        "min": 21368832.0,
        "max": 21379072.0,
        "p05": 21369139.2,
        "p95": 21378764.8
      },
      "cow_initial_shared_nbytes": {
        "count": 4,
        "median": 24864768.0,
        "mean": 24850944.0,
        "min": 24791040.0,
        "max": 24883200.0,
        "p05": 24801177.6,
        "p95": 24881356.8
      },
      "cow_initial_private_nbytes": {
        "count": 4,
        "median": 12976128.0,
        "mean": 12976128.0,
        "min": 12976128.0,
        "max": 12976128.0,
        "p05": 12976128.0,
        "p95": 12976128.0
      },
      "cow_after_query_shared_nbytes": {
        "count": 4,
        "median": 16576512.0,
        "mean": 16567296.0,
        "min": 16527360.0,
        "max": 16588800.0,
        "p05": 16534118.4,
        "p95": 16587571.2
      },
      "cow_after_query_private_nbytes": {
        "count": 4,
        "median": 21364736.0,
        "mean": 21364736.0,
        "min": 21364736.0,
        "max": 21364736.0,
        "p05": 21364736.0,
        "p95": 21364736.0
      },
      "cow_final_shared_nbytes": {
        "count": 4,
        "median": 0.0,
        "mean": 0.0,
        "min": 0.0,
        "max": 0.0,
        "p05": 0.0,
        "p95": 0.0
      },
      "cow_final_private_nbytes": {
        "count": 4,
        "median": 21373952.0,
        "mean": 21373952.0,
        "min": 21368832.0,
        "max": 21379072.0,
        "p05": 21369139.2,
        "p95": 21378764.8
      },
      "decode_kv_peak_nbytes": {
        "count": 4,
        "median": 127592448.0,
        "mean": 127599104.0,
        "min": 127541248.0,
        "max": 127670272.0,
        "p05": 127544934.4,
        "p95": 127662592.0
      },
      "decode_kv_steady_nbytes": {
        "count": 4,
        "median": 127556608.0,
        "mean": 127563264.0,
        "min": 127531008.0,
        "max": 127608832.0,
        "p05": 127533158.4,
        "p95": 127602688.0
      },
      "cuda_peak_allocated_bytes": {
        "count": 4,
        "median": 70445429248.0,
        "mean": 70445332480.0,
        "min": 70444782080.0,
        "max": 70445689344.0,
        "p05": 70444863948.8,
        "p95": 70445665536.0
      },
      "cuda_peak_reserved_bytes": {
        "count": 4,
        "median": 70590136320.0,
        "mean": 70592233472.0,
        "min": 70575456256.0,
        "max": 70613204992.0,
        "p05": 70577029120.0,
        "p95": 70610373836.8
      },
      "steady_state_cuda_allocated_bytes": {
        "count": 4,
        "median": 69592335104.0,
        "mean": 69592287616.0,
        "min": 69592006144.0,
        "max": 69592474112.0,
        "p05": 69592046233.6,
        "p95": 69592462515.2
      },
      "steady_state_cuda_reserved_bytes": {
        "count": 4,
        "median": 70590136320.0,
        "mean": 70592233472.0,
        "min": 70575456256.0,
        "max": 70613204992.0,
        "p05": 70577029120.0,
        "p95": 70610373836.8
      },
      "nvml_sampled_peak_process_bytes": {
        "count": 4,
        "median": 71063044096.0,
        "mean": 71065665536.0,
        "min": 71049412608.0,
        "max": 71087161344.0,
        "p05": 71050670899.2,
        "p95": 71084330188.79999
      },
      "steady_state_nvml_process_bytes": {
        "count": 4,
        "median": 71061995520.0,
        "mean": 71064616960.0,
        "min": 71047315456.0,
        "max": 71087161344.0,
        "p05": 71048888320.0,
        "p95": 71084015616.0
      },
      "ttft_seconds": {
        "count": 4,
        "median": 1.145200909115374,
        "mean": 1.150168972206302,
        "min": 0.7062133313156664,
        "max": 1.6040607392787933,
        "p05": 0.706405206490308,
        "p95": 1.600888026249595
      },
      "median_tpot_seconds": {
        "count": 4,
        "median": 0.08681154914665967,
        "mean": 0.1280885247979313,
        "min": 0.08438992779701948,
        "max": 0.25434107310138643,
        "p05": 0.08460066239349544,
        "p95": 0.22936415311414743
      },
      "throughput_tokens_per_second": {
        "count": 4,
        "median": 2.3768582366076663,
        "mean": 2.937965568483235,
        "min": 0.9562096772687172,
        "max": 6.04193612344889,
        "p05": 1.1595068164517404,
        "p95": 5.501974585140524
      },
      "max_resident_documents_store_only": {
        "count": 4,
        "median": 1294.0,
        "mean": 1294.25,
        "min": 1293.0,
        "max": 1296.0,
        "p05": 1293.15,
        "p95": 1295.6999999999998
      },
      "max_resident_documents_with_one_active_request": {
        "count": 4,
        "median": 1279.5,
        "mean": 1279.0,
        "min": 1277.0,
        "max": 1280.0,
        "p05": 1277.3000000000002,
        "p95": 1280.0
      },
      "f1": {
        "count": 4,
        "median": 0.42857142857142855,
        "mean": 0.4642857142857143,
        "min": 0.0,
        "max": 1.0,
        "p05": 0.0,
        "p95": 0.9785714285714285
      }
    },
    {
      "dataset": "qasper",
      "config": "full-prefix-q16",
      "workloads": 4,
      "measurements": 4,
      "write_build_seconds": {
        "count": 4,
        "median": 0.6346065788529813,
        "mean": 0.6157311059068888,
        "min": 0.5523738260380924,
        "max": 0.6413374398835003,
        "p05": 0.5645070555619895,
        "p95": 0.6405294941272587
      },
      "persistent_document_nbytes": {
        "count": 4,
        "median": 146759680.0,
        "mean": 143953920.0,
        "min": 135495680.0,
        "max": 146800640.0,
        "p05": 137182208.0,
        "p95": 146797568.0
      },
      "persistent_materialized_staging_nbytes": {
        "count": 4,
        "median": 0.0,
        "mean": 0.0,
        "min": 0.0,
        "max": 0.0,
        "p05": 0.0,
        "p95": 0.0
      },
      "persistent_total_resident_nbytes": {
        "count": 4,
        "median": 146759680.0,
        "mean": 143953920.0,
        "min": 135495680.0,
        "max": 146800640.0,
        "p05": 137182208.0,
        "p95": 146797568.0
      },
      "capacity_document_denominator_nbytes": {
        "count": 4,
        "median": 146759680.0,
        "mean": 143953920.0,
        "min": 135495680.0,
        "max": 146800640.0,
        "p05": 137182208.0,
        "p95": 146797568.0
      },
      "selected_fork_active_state_peak_nbytes": {
        "count": 4,
        "median": 146759680.0,
        "mean": 143953920.0,
        "min": 135495680.0,
        "max": 146800640.0,
        "p05": 137182208.0,
        "p95": 146797568.0
      },
      "selected_fork_active_state_steady_nbytes": {
        "count": 4,
        "median": 146759680.0,
        "mean": 143953920.0,
        "min": 135495680.0,
        "max": 146800640.0,
        "p05": 137182208.0,
        "p95": 146797568.0
      },
      "cow_initial_shared_nbytes": {
        "count": 0,
        "median": null,
        "mean": null,
        "min": null,
        "max": null,
        "p05": null,
        "p95": null
      },
      "cow_initial_private_nbytes": {
        "count": 0,
        "median": null,
        "mean": null,
        "min": null,
        "max": null,
        "p05": null,
        "p95": null
      },
      "cow_after_query_shared_nbytes": {
        "count": 0,
        "median": null,
        "mean": null,
        "min": null,
        "max": null,
        "p05": null,
        "p95": null
      },
      "cow_after_query_private_nbytes": {
        "count": 0,
        "median": null,
        "mean": null,
        "min": null,
        "max": null,
        "p05": null,
        "p95": null
      },
      "cow_final_shared_nbytes": {
        "count": 0,
        "median": null,
        "mean": null,
        "min": null,
        "max": null,
        "p05": null,
        "p95": null
      },
      "cow_final_private_nbytes": {
        "count": 0,
        "median": null,
        "mean": null,
        "min": null,
        "max": null,
        "p05": null,
        "p95": null
      },
      "decode_kv_peak_nbytes": {
        "count": 4,
        "median": 2150400.0,
        "mean": 2165760.0,
        "min": 2109440.0,
        "max": 2252800.0,
        "p05": 2112512.0,
        "p95": 2240512.0
      },
      "decode_kv_steady_nbytes": {
        "count": 4,
        "median": 2088960.0,
        "mean": 2104320.0,
        "min": 2048000.0,
        "max": 2191360.0,
        "p05": 2051072.0,
        "p95": 2179072.0
      },
      "cuda_peak_allocated_bytes": {
        "count": 4,
        "median": 69841842176.0,
        "mean": 69848758400.0,
        "min": 69830576640.0,
        "max": 69880772608.0,
        "p05": 69832260172.8,
        "p95": 69874939340.8
      },
      "cuda_peak_reserved_bytes": {
        "count": 4,
        "median": 69927436288.0,
        "mean": 69921144832.0,
        "min": 69891784704.0,
        "max": 69937922048.0,
        "p05": 69895559577.6,
        "p95": 69937922048.0
      },
      "steady_state_cuda_allocated_bytes": {
        "count": 4,
        "median": 69770505216.0,
        "mean": 69779485696.0,
        "min": 69767605248.0,
        "max": 69809327104.0,
        "p05": 69768037708.8,
        "p95": 69803506355.2
      },
      "steady_state_cuda_reserved_bytes": {
        "count": 4,
        "median": 69927436288.0,
        "mean": 69921144832.0,
        "min": 69891784704.0,
        "max": 69937922048.0,
        "p05": 69895559577.6,
        "p95": 69937922048.0
      },
      "nvml_sampled_peak_process_bytes": {
        "count": 4,
        "median": 70401392640.0,
        "mean": 70395101184.0,
        "min": 70365741056.0,
        "max": 70411878400.0,
        "p05": 70369515929.6,
        "p95": 70411878400.0
      },
      "steady_state_nvml_process_bytes": {
        "count": 4,
        "median": 70401392640.0,
        "mean": 70395101184.0,
        "min": 70365741056.0,
        "max": 70411878400.0,
        "p05": 70369515929.6,
        "p95": 70411878400.0
      },
      "ttft_seconds": {
        "count": 4,
        "median": 0.17878230731002986,
        "mean": 0.17610819858964533,
        "min": 0.15725477179512382,
        "max": 0.18961340794339776,
        "p05": 0.16023068591021,
        "p95": 0.18824195906054228
      },
      "median_tpot_seconds": {
        "count": 4,
        "median": 0.05458768061362207,
        "mean": 0.0544892898760736,
        "min": 0.05092590115964413,
        "max": 0.05785589711740613,
        "p05": 0.05113923414610326,
        "p95": 0.05770159857347607
      },
      "throughput_tokens_per_second": {
        "count": 4,
        "median": 14.376274165975758,
        "mean": 14.348023533792237,
        "min": 13.429319962410656,
        "max": 15.210225840806771,
        "p05": 13.49460235445852,
        "p95": 15.16189382806902
      },
      "max_resident_documents_store_only": {
        "count": 4,
        "median": 521.0,
        "mean": 531.75,
        "min": 521.0,
        "max": 564.0,
        "p05": 521.0,
        "p95": 557.55
      },
      "max_resident_documents_with_one_active_request": {
        "count": 4,
        "median": 519.0,
        "mean": 529.75,
        "min": 519.0,
        "max": 562.0,
        "p05": 519.0,
        "p95": 555.55
      },
      "f1": {
        "count": 4,
        "median": 0.22875816993464052,
        "mean": 0.21630216189039717,
        "min": 0.1,
        "max": 0.30769230769230765,
        "p05": 0.11833333333333335,
        "p95": 0.2968325791855203
      }
    },
    {
      "dataset": "qasper",
      "config": "qcomem-d7-frozen-static",
      "workloads": 4,
      "measurements": 4,
      "write_build_seconds": {
        "count": 4,
        "median": 0.18408813257701695,
        "mean": 0.17777172336354852,
        "min": 0.1318761962465942,
        "max": 0.21103443205356598,
        "p05": 0.13721075479406863,
        "p95": 0.20948971903417257
      },
      "persistent_document_nbytes": {
        "count": 4,
        "median": 10459776.0,
        "mean": 10223040.0,
        "min": 9509376.0,
        "max": 10463232.0,
        "p05": 9651676.8,
        "p95": 10462972.799999999
      },
      "persistent_materialized_staging_nbytes": {
        "count": 4,
        "median": 37539840.0,
        "mean": 36698112.0,
        "min": 34160640.0,
        "max": 37552128.0,
        "p05": 34666598.4,
        "p95": 37551206.4
      },
      "persistent_total_resident_nbytes": {
        "count": 4,
        "median": 47999616.0,
        "mean": 46921152.0,
        "min": 43670016.0,
        "max": 48015360.0,
        "p05": 44318275.2,
        "p95": 48014179.2
      },
      "capacity_document_denominator_nbytes": {
        "count": 4,
        "median": 47999616.0,
        "mean": 46921152.0,
        "min": 43670016.0,
        "max": 48015360.0,
        "p05": 44318275.2,
        "p95": 48014179.2
      },
      "selected_fork_active_state_peak_nbytes": {
        "count": 4,
        "median": 37740544.0,
        "mean": 36900352.0,
        "min": 34371584.0,
        "max": 37748736.0,
        "p05": 34876313.6,
        "p95": 37748121.6
      },
      "selected_fork_active_state_steady_nbytes": {
        "count": 4,
        "median": 21379072.0,
        "mean": 21100032.0,
        "min": 20262912.0,
        "max": 21379072.0,
        "p05": 20430336.0,
        "p95": 21379072.0
      },
      "cow_initial_shared_nbytes": {
        "count": 4,
        "median": 24563712.0,
        "mean": 23721984.0,
        "min": 21184512.0,
        "max": 24576000.0,
        "p05": 21690470.4,
        "p95": 24575078.400000002
      },
      "cow_initial_private_nbytes": {
        "count": 4,
        "median": 12976128.0,
        "mean": 12976128.0,
        "min": 12976128.0,
        "max": 12976128.0,
        "p05": 12976128.0,
        "p95": 12976128.0
      },
      "cow_after_query_shared_nbytes": {
        "count": 4,
        "median": 16375808.0,
        "mean": 15814656.0,
        "min": 14123008.0,
        "max": 16384000.0,
        "p05": 14460313.6,
        "p95": 16383385.6
      },
      "cow_after_query_private_nbytes": {
        "count": 4,
        "median": 21364736.0,
        "mean": 21085696.0,
        "min": 20248576.0,
        "max": 21364736.0,
        "p05": 20416000.0,
        "p95": 21364736.0
      },
      "cow_final_shared_nbytes": {
        "count": 4,
        "median": 0.0,
        "mean": 0.0,
        "min": 0.0,
        "max": 0.0,
        "p05": 0.0,
        "p95": 0.0
      },
      "cow_final_private_nbytes": {
        "count": 4,
        "median": 21379072.0,
        "mean": 21100032.0,
        "min": 20262912.0,
        "max": 21379072.0,
        "p05": 20430336.0,
        "p95": 21379072.0
      },
      "decode_kv_peak_nbytes": {
        "count": 4,
        "median": 127742976.0,
        "mean": 125236224.0,
        "min": 117710848.0,
        "max": 127748096.0,
        "p05": 119215513.6,
        "p95": 127747481.6
      },
      "decode_kv_steady_nbytes": {
        "count": 4,
        "median": 127681536.0,
        "mean": 125174784.0,
        "min": 117649408.0,
        "max": 127686656.0,
        "p05": 119154073.6,
        "p95": 127686041.6
      },
      "cuda_peak_allocated_bytes": {
        "count": 4,
        "median": 70422109696.0,
        "mean": 70401403776.0,
        "min": 70311179264.0,
        "max": 70450216448.0,
        "p05": 70327815910.40001,
        "p95": 70446003353.6
      },
      "cuda_peak_reserved_bytes": {
        "count": 4,
        "median": 70573359104.0,
        "mean": 70543998976.0,
        "min": 70449627136.0,
        "max": 70579650560.0,
        "p05": 70467243212.8,
        "p95": 70579650560.0
      },
      "steady_state_cuda_allocated_bytes": {
        "count": 4,
        "median": 69587428864.0,
        "mean": 69591949184.0,
        "min": 69581685760.0,
        "max": 69611253248.0,
        "p05": 69581687680.0,
        "p95": 69608539136.0
      },
      "steady_state_cuda_reserved_bytes": {
        "count": 4,
        "median": 70573359104.0,
        "mean": 70543998976.0,
        "min": 70449627136.0,
        "max": 70579650560.0,
        "p05": 70467243212.8,
        "p95": 70579650560.0
      },
      "nvml_sampled_peak_process_bytes": {
        "count": 4,
        "median": 71047315456.0,
        "mean": 71017955328.0,
        "min": 70923583488.0,
        "max": 71053606912.0,
        "p05": 70941199564.8,
        "p95": 71053606912.0
      },
      "steady_state_nvml_process_bytes": {
        "count": 4,
        "median": 71047315456.0,
        "mean": 71017955328.0,
        "min": 70923583488.0,
        "max": 71053606912.0,
        "p05": 70941199564.8,
        "p95": 71053606912.0
      },
      "ttft_seconds": {
        "count": 4,
        "median": 0.9473643684759736,
        "mean": 1.1087644557701424,
        "min": 0.680231440346688,
        "max": 1.8600976457819343,
        "p05": 0.6893987650051713,
        "p95": 1.7540902687469495
      },
      "median_tpot_seconds": {
        "count": 4,
        "median": 0.08339148457162082,
        "mean": 0.08087945892475545,
        "min": 0.058156611397862434,
        "max": 0.09857825515791774,
        "p05": 0.06187544132117182,
        "p95": 0.09636664062272757
      },
      "throughput_tokens_per_second": {
        "count": 4,
        "median": 5.145467328523563,
        "mean": 5.109077617154371,
        "min": 2.801226382596156,
        "max": 7.344149428974204,
        "p05": 3.023986875773403,
        "p95": 7.143222762618471
      },
      "max_resident_documents_store_only": {
        "count": 4,
        "median": 1593.5,
        "mean": 1632.75,
        "min": 1593.0,
        "max": 1751.0,
        "p05": 1593.0,
        "p95": 1727.45
      },
      "max_resident_documents_with_one_active_request": {
        "count": 4,
        "median": 1572.5,
        "mean": 1612.25,
        "min": 1572.0,
        "max": 1732.0,
        "p05": 1572.0,
        "p95": 1708.1499999999999
      },
      "f1": {
        "count": 4,
        "median": 0.22875816993464052,
        "mean": 0.21630216189039717,
        "min": 0.1,
        "max": 0.30769230769230765,
        "p05": 0.11833333333333335,
        "p95": 0.2968325791855203
      }
    },
    {
      "dataset": "qasper",
      "config": "qcomem-d7-r16-a16-l16",
      "workloads": 4,
      "measurements": 4,
      "write_build_seconds": {
        "count": 4,
        "median": 0.12715165899135172,
        "mean": 0.14031867973972112,
        "min": 0.1248107347637415,
        "max": 0.18216066621243954,
        "p05": 0.12502670791000128,
        "p95": 0.1740444806171581
      },
      "persistent_document_nbytes": {
        "count": 4,
        "median": 37539840.0,
        "mean": 36698112.0,
        "min": 34160640.0,
        "max": 37552128.0,
        "p05": 34666598.4,
        "p95": 37551206.4
      },
      "persistent_materialized_staging_nbytes": {
        "count": 4,
        "median": 37539840.0,
        "mean": 36698112.0,
        "min": 34160640.0,
        "max": 37552128.0,
        "p05": 34666598.4,
        "p95": 37551206.4
      },
      "persistent_total_resident_nbytes": {
        "count": 4,
        "median": 58703872.0,
        "mean": 57581568.0,
        "min": 54198272.0,
        "max": 58720256.0,
        "p05": 54872883.199999996,
        "p95": 58719027.2
      },
      "capacity_document_denominator_nbytes": {
        "count": 4,
        "median": 58703872.0,
        "mean": 57581568.0,
        "min": 54198272.0,
        "max": 58720256.0,
        "p05": 54872883.199999996,
        "p95": 58719027.2
      },
      "selected_fork_active_state_peak_nbytes": {
        "count": 4,
        "median": 37740544.0,
        "mean": 36900352.0,
        "min": 34371584.0,
        "max": 37748736.0,
        "p05": 34876313.6,
        "p95": 37748121.6
      },
      "selected_fork_active_state_steady_nbytes": {
        "count": 4,
        "median": 21379072.0,
        "mean": 21100032.0,
        "min": 20262912.0,
        "max": 21379072.0,
        "p05": 20430336.0,
        "p95": 21379072.0
      },
      "cow_initial_shared_nbytes": {
        "count": 4,
        "median": 24563712.0,
        "mean": 23721984.0,
        "min": 21184512.0,
        "max": 24576000.0,
        "p05": 21690470.4,
        "p95": 24575078.400000002
      },
      "cow_initial_private_nbytes": {
        "count": 4,
        "median": 12976128.0,
        "mean": 12976128.0,
        "min": 12976128.0,
        "max": 12976128.0,
        "p05": 12976128.0,
        "p95": 12976128.0
      },
      "cow_after_query_shared_nbytes": {
        "count": 4,
        "median": 16375808.0,
        "mean": 15814656.0,
        "min": 14123008.0,
        "max": 16384000.0,
        "p05": 14460313.6,
        "p95": 16383385.6
      },
      "cow_after_query_private_nbytes": {
        "count": 4,
        "median": 21364736.0,
        "mean": 21085696.0,
        "min": 20248576.0,
        "max": 21364736.0,
        "p05": 20416000.0,
        "p95": 21364736.0
      },
      "cow_final_shared_nbytes": {
        "count": 4,
        "median": 0.0,
        "mean": 0.0,
        "min": 0.0,
        "max": 0.0,
        "p05": 0.0,
        "p95": 0.0
      },
      "cow_final_private_nbytes": {
        "count": 4,
        "median": 21379072.0,
        "mean": 21100032.0,
        "min": 20262912.0,
        "max": 21379072.0,
        "p05": 20430336.0,
        "p95": 21379072.0
      },
      "decode_kv_peak_nbytes": {
        "count": 4,
        "median": 127742976.0,
        "mean": 125236224.0,
        "min": 117710848.0,
        "max": 127748096.0,
        "p05": 119215513.6,
        "p95": 127747481.6
      },
      "decode_kv_steady_nbytes": {
        "count": 4,
        "median": 127681536.0,
        "mean": 125174784.0,
        "min": 117649408.0,
        "max": 127686656.0,
        "p05": 119154073.6,
        "p95": 127686041.6
      },
      "cuda_peak_allocated_bytes": {
        "count": 4,
        "median": 70491231232.0,
        "mean": 70530648448.0,
        "min": 70435339776.0,
        "max": 70704791552.0,
        "p05": 70443720806.4,
        "p95": 70672760192.0
      },
      "cuda_peak_reserved_bytes": {
        "count": 4,
        "median": 70634176512.0,
        "mean": 70663536640.0,
        "min": 70527221760.0,
        "max": 70858571776.0,
        "p05": 70543264972.8,
        "p95": 70824912486.4
      },
      "steady_state_cuda_allocated_bytes": {
        "count": 4,
        "median": 69649145856.0,
        "mean": 69719520512.0,
        "min": 69594441728.0,
        "max": 69985348608.0,
        "p05": 69602646656.0,
        "p95": 69934918886.4
      },
      "steady_state_cuda_reserved_bytes": {
        "count": 4,
        "median": 70634176512.0,
        "mean": 70663536640.0,
        "min": 70527221760.0,
        "max": 70858571776.0,
        "p05": 70543264972.8,
        "p95": 70824912486.4
      },
      "nvml_sampled_peak_process_bytes": {
        "count": 4,
        "median": 71108132864.0,
        "mean": 71137492992.0,
        "min": 71001178112.0,
        "max": 71332528128.0,
        "p05": 71017221324.8,
        "p95": 71298868838.4
      },
      "steady_state_nvml_process_bytes": {
        "count": 4,
        "median": 71108132864.0,
        "mean": 71137492992.0,
        "min": 71001178112.0,
        "max": 71332528128.0,
        "p05": 71017221324.8,
        "p95": 71298868838.4
      },
      "ttft_seconds": {
        "count": 4,
        "median": 0.6638338142074645,
        "mean": 0.6738164003472775,
        "min": 0.6222494500689209,
        "max": 0.7453485229052603,
        "p05": 0.6279120863648131,
        "p95": 0.7336963349254801
      },
      "median_tpot_seconds": {
        "count": 4,
        "median": 0.05594224575906992,
        "mean": 0.06314170721452683,
        "min": 0.05192175228148699,
        "max": 0.0887605850584805,
        "p05": 0.05208930030930787,
        "p95": 0.08427336015738546
      },
      "throughput_tokens_per_second": {
        "count": 4,
        "median": 7.710551592660083,
        "mean": 7.264617103411249,
        "min": 5.830515774183127,
        "max": 7.806849454141703,
        "p05": 6.109231600710043,
        "p95": 7.7956943211640874
      },
      "max_resident_documents_store_only": {
        "count": 4,
        "median": 1303.0,
        "mean": 1329.75,
        "min": 1302.0,
        "max": 1411.0,
        "p05": 1302.15,
        "p95": 1394.8
      },
      "max_resident_documents_with_one_active_request": {
        "count": 4,
        "median": 1288.0,
        "mean": 1314.0,
        "min": 1285.0,
        "max": 1395.0,
        "p05": 1285.15,
        "p95": 1379.25
      },
      "f1": {
        "count": 4,
        "median": 0.22875816993464052,
        "mean": 0.21630216189039717,
        "min": 0.1,
        "max": 0.30769230769230765,
        "p05": 0.11833333333333335,
        "p95": 0.2968325791855203
      }
    }
  ],
  "summary_overall_config": [
    {
      "dataset": "overall",
      "config": "full-prefix-q16",
      "workloads": 8,
      "measurements": 8,
      "write_build_seconds": {
        "count": 8,
        "median": 0.6368228266946971,
        "mean": 0.6280588800436817,
        "min": 0.5523738260380924,
        "max": 0.6466447240673006,
        "p05": 0.5806846949271858,
        "p95": 0.6447871746029705
      },
      "persistent_document_nbytes": {
        "count": 8,
        "median": 147159040.0,
        "mean": 145835520.0,
        "min": 135495680.0,
        "max": 147824640.0,
        "p05": 139430912.0,
        "p95": 147810304.0
      },
      "persistent_materialized_staging_nbytes": {
        "count": 8,
        "median": 0.0,
        "mean": 0.0,
        "min": 0.0,
        "max": 0.0,
        "p05": 0.0,
        "p95": 0.0
      },
      "persistent_total_resident_nbytes": {
        "count": 8,
        "median": 147159040.0,
        "mean": 145835520.0,
        "min": 135495680.0,
        "max": 147824640.0,
        "p05": 139430912.0,
        "p95": 147810304.0
      },
      "capacity_document_denominator_nbytes": {
        "count": 8,
        "median": 147159040.0,
        "mean": 145835520.0,
        "min": 135495680.0,
        "max": 147824640.0,
        "p05": 139430912.0,
        "p95": 147810304.0
      },
      "selected_fork_active_state_peak_nbytes": {
        "count": 8,
        "median": 147159040.0,
        "mean": 145835520.0,
        "min": 135495680.0,
        "max": 147824640.0,
        "p05": 139430912.0,
        "p95": 147810304.0
      },
      "selected_fork_active_state_steady_nbytes": {
        "count": 8,
        "median": 147159040.0,
        "mean": 145835520.0,
        "min": 135495680.0,
        "max": 147824640.0,
        "p05": 139430912.0,
        "p95": 147810304.0
      },
      "cow_initial_shared_nbytes": {
        "count": 0,
        "median": null,
        "mean": null,
        "min": null,
        "max": null,
        "p05": null,
        "p95": null
      },
      "cow_initial_private_nbytes": {
        "count": 0,
        "median": null,
        "mean": null,
        "min": null,
        "max": null,
        "p05": null,
        "p95": null
      },
      "cow_after_query_shared_nbytes": {
        "count": 0,
        "median": null,
        "mean": null,
        "min": null,
        "max": null,
        "p05": null,
        "p95": null
      },
      "cow_after_query_private_nbytes": {
        "count": 0,
        "median": null,
        "mean": null,
        "min": null,
        "max": null,
        "p05": null,
        "p95": null
      },
      "cow_final_shared_nbytes": {
        "count": 0,
        "median": null,
        "mean": null,
        "min": null,
        "max": null,
        "p05": null,
        "p95": null
      },
      "cow_final_private_nbytes": {
        "count": 0,
        "median": null,
        "mean": null,
        "min": null,
        "max": null,
        "p05": null,
        "p95": null
      },
      "decode_kv_peak_nbytes": {
        "count": 8,
        "median": 1751040.0,
        "mean": 1653760.0,
        "min": 1024000.0,
        "max": 2252800.0,
        "p05": 1038336.0,
        "p95": 2224128.0
      },
      "decode_kv_steady_nbytes": {
        "count": 8,
        "median": 1689600.0,
        "mean": 1605120.0,
        "min": 1013760.0,
        "max": 2191360.0,
        "p05": 1013760.0,
        "p95": 2162688.0
      },
      "cuda_peak_allocated_bytes": {
        "count": 8,
        "median": 69861328384.0,
        "mean": 69864816320.0,
        "min": 69794959872.0,
        "max": 69943537152.0,
        "p05": 69807425740.8,
        "p95": 69928166092.8
      },
      "cuda_peak_reserved_bytes": {
        "count": 8,
        "median": 69937922048.0,
        "mean": 69939494912.0,
        "min": 69891784704.0,
        "max": 69996642304.0,
        "p05": 69892518707.2,
        "p95": 69990036275.2
      },
      "steady_state_cuda_allocated_bytes": {
        "count": 8,
        "median": 69770505216.0,
        "mean": 69774906624.0,
        "min": 69726101504.0,
        "max": 69830642688.0,
        "p05": 69728627328.0,
        "p95": 69823182233.6
      },
      "steady_state_cuda_reserved_bytes": {
        "count": 8,
        "median": 69937922048.0,
        "mean": 69939494912.0,
        "min": 69891784704.0,
        "max": 69996642304.0,
        "p05": 69892518707.2,
        "p95": 69990036275.2
      },
      "nvml_sampled_peak_process_bytes": {
        "count": 8,
        "median": 70411878400.0,
        "mean": 70413189120.0,
        "min": 70365741056.0,
        "max": 70470598656.0,
        "p05": 70366475059.2,
        "p95": 70463258624.0
      },
      "steady_state_nvml_process_bytes": {
        "count": 8,
        "median": 70411878400.0,
        "mean": 70413189120.0,
        "min": 70365741056.0,
        "max": 70470598656.0,
        "p05": 70366475059.2,
        "p95": 70463258624.0
      },
      "ttft_seconds": {
        "count": 8,
        "median": 0.16846238332800567,
        "mean": 0.17046318080974743,
        "min": 0.15725477179512382,
        "max": 0.18961340794339776,
        "p05": 0.1581840850180015,
        "p95": 0.1864133605500683
      },
      "median_tpot_seconds": {
        "count": 8,
        "median": 0.05370606540236622,
        "mean": 0.054351485072402284,
        "min": 0.05092590115964413,
        "max": 0.05785589711740613,
        "p05": 0.05142367812804877,
        "p95": 0.057495867181569335
      },
      "throughput_tokens_per_second": {
        "count": 8,
        "median": 13.646927935903538,
        "mean": 12.5844725251552,
        "min": 7.1566872867644,
        "max": 15.210225840806771,
        "p05": 7.877371478069787,
        "p95": 15.097451144418686
      },
      "max_resident_documents_store_only": {
        "count": 8,
        "median": 519.5,
        "mean": 524.5,
        "min": 517.0,
        "max": 564.0,
        "p05": 517.0,
        "p95": 548.9499999999999
      },
      "max_resident_documents_with_one_active_request": {
        "count": 8,
        "median": 517.5,
        "mean": 522.625,
        "min": 515.0,
        "max": 562.0,
        "p05": 515.0,
        "p95": 546.95
      },
      "f1": {
        "count": 8,
        "median": 0.22875816993464052,
        "mean": 0.34029393808805575,
        "min": 0.0,
        "max": 1.0,
        "p05": 0.0,
        "p95": 0.95
      }
    },
    {
      "dataset": "overall",
      "config": "qcomem-d7-frozen-static",
      "workloads": 8,
      "measurements": 8,
      "write_build_seconds": {
        "count": 8,
        "median": 0.1314139401074499,
        "mean": 0.1538276571664028,
        "min": 0.1290157726034522,
        "max": 0.21103443205356598,
        "p05": 0.1290449642110616,
        "p95": 0.20743010167498144
      },
      "persistent_document_nbytes": {
        "count": 8,
        "median": 10493472.0,
        "mean": 10381800.0,
        "min": 9509376.0,
        "max": 10549632.0,
        "p05": 9841411.2,
        "p95": 10548422.4
      },
      "persistent_materialized_staging_nbytes": {
        "count": 8,
        "median": 37659648.0,
        "mean": 37262592.0,
        "min": 34160640.0,
        "max": 37859328.0,
        "p05": 35341209.599999994,
        "p95": 37855027.2
      },
      "persistent_total_resident_nbytes": {
        "count": 8,
        "median": 48153120.0,
        "mean": 47644392.0,
        "min": 43670016.0,
        "max": 48408960.0,
        "p05": 45182620.8,
        "p95": 48403449.6
      },
      "capacity_document_denominator_nbytes": {
        "count": 8,
        "median": 48153120.0,
        "mean": 47644392.0,
        "min": 43670016.0,
        "max": 48408960.0,
        "p05": 45182620.8,
        "p95": 48403449.6
      },
      "selected_fork_active_state_peak_nbytes": {
        "count": 8,
        "median": 37820416.0,
        "mean": 37416192.0,
        "min": 34371584.0,
        "max": 37953536.0,
        "p05": 35549286.4,
        "p95": 37950668.8
      },
      "selected_fork_active_state_steady_nbytes": {
        "count": 8,
        "median": 21378048.0,
        "mean": 21236992.0,
        "min": 20262912.0,
        "max": 21379072.0,
        "p05": 20649984.0,
        "p95": 21379072.0
      },
      "cow_initial_shared_nbytes": {
        "count": 8,
        "median": 24683520.0,
        "mean": 24286464.0,
        "min": 21184512.0,
        "max": 24883200.0,
        "p05": 22365081.6,
        "p95": 24878899.200000003
      },
      "cow_initial_private_nbytes": {
        "count": 8,
        "median": 12976128.0,
        "mean": 12976128.0,
        "min": 12976128.0,
        "max": 12976128.0,
        "p05": 12976128.0,
        "p95": 12976128.0
      },
      "cow_after_query_shared_nbytes": {
        "count": 8,
        "median": 16455680.0,
        "mean": 16190976.0,
        "min": 14123008.0,
        "max": 16588800.0,
        "p05": 14910054.399999999,
        "p95": 16585932.8
      },
      "cow_after_query_private_nbytes": {
        "count": 8,
        "median": 21364736.0,
        "mean": 21225216.0,
        "min": 20248576.0,
        "max": 21364736.0,
        "p05": 20639232.0,
        "p95": 21364736.0
      },
      "cow_final_shared_nbytes": {
        "count": 8,
        "median": 0.0,
        "mean": 0.0,
        "min": 0.0,
        "max": 0.0,
        "p05": 0.0,
        "p95": 0.0
      },
      "cow_final_private_nbytes": {
        "count": 8,
        "median": 21378048.0,
        "mean": 21236992.0,
        "min": 20262912.0,
        "max": 21379072.0,
        "p05": 20649984.0,
        "p95": 21379072.0
      },
      "decode_kv_peak_nbytes": {
        "count": 8,
        "median": 127644672.0,
        "mean": 126417664.0,
        "min": 117710848.0,
        "max": 127748096.0,
        "p05": 121151488.0,
        "p95": 127746662.4
      },
      "decode_kv_steady_nbytes": {
        "count": 8,
        "median": 127588352.0,
        "mean": 126369024.0,
        "min": 117649408.0,
        "max": 127686656.0,
        "p05": 121107968.0,
        "p95": 127685222.4
      },
      "cuda_peak_allocated_bytes": {
        "count": 8,
        "median": 70457465344.0,
        "mean": 70443802176.0,
        "min": 70311179264.0,
        "max": 70507653632.0,
        "p05": 70349998105.59999,
        "p95": 70507396300.8
      },
      "cuda_peak_reserved_bytes": {
        "count": 8,
        "median": 70590136320.0,
        "mean": 70585155584.0,
        "min": 70449627136.0,
        "max": 70671925248.0,
        "p05": 70490731315.2,
        "p95": 70655777177.59999
      },
      "steady_state_cuda_allocated_bytes": {
        "count": 8,
        "median": 69611687424.0,
        "mean": 69612701056.0,
        "min": 69581685760.0,
        "max": 69655116288.0,
        "p05": 69581690240.0,
        "p95": 69654765772.8
      },
      "steady_state_cuda_reserved_bytes": {
        "count": 8,
        "median": 70590136320.0,
        "mean": 70585155584.0,
        "min": 70449627136.0,
        "max": 70671925248.0,
        "p05": 70490731315.2,
        "p95": 70655777177.59999
      },
      "nvml_sampled_peak_process_bytes": {
        "count": 8,
        "median": 71064092672.0,
        "mean": 71058849792.0,
        "min": 70923583488.0,
        "max": 71145881600.0,
        "p05": 70964687667.2,
        "p95": 71128999526.4
      },
      "steady_state_nvml_process_bytes": {
        "count": 8,
        "median": 71064092672.0,
        "mean": 71058849792.0,
        "min": 70923583488.0,
        "max": 71145881600.0,
        "p05": 70964687667.2,
        "p95": 71128999526.4
      },
      "ttft_seconds": {
        "count": 8,
        "median": 0.6760645227041095,
        "mean": 0.88874940876849,
        "min": 0.6642279620282352,
        "max": 1.8600976457819343,
        "p05": 0.6652246552053839,
        "p95": 1.61274709936697
      },
      "median_tpot_seconds": {
        "count": 8,
        "median": 0.057492265244945884,
        "mean": 0.06794620875734836,
        "min": 0.05379446083679795,
        "max": 0.09857825515791774,
        "p05": 0.0540794480824843,
        "p95": 0.09341782124247401
      },
      "throughput_tokens_per_second": {
        "count": 8,
        "median": 5.139828629281164,
        "mean": 5.01258626483141,
        "min": 2.5912882216407196,
        "max": 7.471088433845432,
        "p05": 2.664766577975122,
        "p95": 7.4266597821405025
      },
      "max_resident_documents_store_only": {
        "count": 8,
        "median": 1588.5,
        "mean": 1607.0,
        "min": 1580.0,
        "max": 1751.0,
        "p05": 1579.9999999999998,
        "p95": 1696.0499999999997
      },
      "max_resident_documents_with_one_active_request": {
        "count": 8,
        "median": 1567.5,
        "mean": 1586.375,
        "min": 1559.0,
        "max": 1732.0,
        "p05": 1559.35,
        "p95": 1676.35
      },
      "f1": {
        "count": 8,
        "median": 0.22875816993464052,
        "mean": 0.34029393808805575,
        "min": 0.0,
        "max": 1.0,
        "p05": 0.0,
        "p95": 0.95
      }
    },
    {
      "dataset": "overall",
      "config": "qcomem-d7-r16-a16-l16",
      "workloads": 8,
      "measurements": 8,
      "write_build_seconds": {
        "count": 8,
        "median": 0.18175597302615643,
        "mean": 0.1682665128610097,
        "min": 0.1248107347637415,
        "max": 0.22119334433227777,
        "p05": 0.12531467210501432,
        "p95": 0.2108964866027236
      },
      "persistent_document_nbytes": {
        "count": 8,
        "median": 37659648.0,
        "mean": 37262592.0,
        "min": 34160640.0,
        "max": 37859328.0,
        "p05": 35341209.599999994,
        "p95": 37855027.2
      },
      "persistent_materialized_staging_nbytes": {
        "count": 8,
        "median": 37659648.0,
        "mean": 37262592.0,
        "min": 34160640.0,
        "max": 37859328.0,
        "p05": 35341209.599999994,
        "p95": 37855027.2
      },
      "persistent_total_resident_nbytes": {
        "count": 8,
        "median": 58863616.0,
        "mean": 58334208.0,
        "min": 54198272.0,
        "max": 59129856.0,
        "p05": 55772364.8,
        "p95": 59124121.6
      },
      "capacity_document_denominator_nbytes": {
        "count": 8,
        "median": 58863616.0,
        "mean": 58334208.0,
        "min": 54198272.0,
        "max": 59129856.0,
        "p05": 55772364.8,
        "p95": 59124121.6
      },
      "selected_fork_active_state_peak_nbytes": {
        "count": 8,
        "median": 37820416.0,
        "mean": 37416192.0,
        "min": 34371584.0,
        "max": 37953536.0,
        "p05": 35549286.4,
        "p95": 37950668.8
      },
      "selected_fork_active_state_steady_nbytes": {
        "count": 8,
        "median": 21378048.0,
        "mean": 21236992.0,
        "min": 20262912.0,
        "max": 21379072.0,
        "p05": 20649984.0,
        "p95": 21379072.0
      },
      "cow_initial_shared_nbytes": {
        "count": 8,
        "median": 24683520.0,
        "mean": 24286464.0,
        "min": 21184512.0,
        "max": 24883200.0,
        "p05": 22365081.6,
        "p95": 24878899.200000003
      },
      "cow_initial_private_nbytes": {
        "count": 8,
        "median": 12976128.0,
        "mean": 12976128.0,
        "min": 12976128.0,
        "max": 12976128.0,
        "p05": 12976128.0,
        "p95": 12976128.0
      },
      "cow_after_query_shared_nbytes": {
        "count": 8,
        "median": 16455680.0,
        "mean": 16190976.0,
        "min": 14123008.0,
        "max": 16588800.0,
        "p05": 14910054.399999999,
        "p95": 16585932.8
      },
      "cow_after_query_private_nbytes": {
        "count": 8,
        "median": 21364736.0,
        "mean": 21225216.0,
        "min": 20248576.0,
        "max": 21364736.0,
        "p05": 20639232.0,
        "p95": 21364736.0
      },
      "cow_final_shared_nbytes": {
        "count": 8,
        "median": 0.0,
        "mean": 0.0,
        "min": 0.0,
        "max": 0.0,
        "p05": 0.0,
        "p95": 0.0
      },
      "cow_final_private_nbytes": {
        "count": 8,
        "median": 21378048.0,
        "mean": 21236992.0,
        "min": 20262912.0,
        "max": 21379072.0,
        "p05": 20649984.0,
        "p95": 21379072.0
      },
      "decode_kv_peak_nbytes": {
        "count": 8,
        "median": 127644672.0,
        "mean": 126417664.0,
        "min": 117710848.0,
        "max": 127748096.0,
        "p05": 121151488.0,
        "p95": 127746662.4
      },
      "decode_kv_steady_nbytes": {
        "count": 8,
        "median": 127588352.0,
        "mean": 126369024.0,
        "min": 117649408.0,
        "max": 127686656.0,
        "p05": 121107968.0,
        "p95": 127685222.4
      },
      "cuda_peak_allocated_bytes": {
        "count": 8,
        "median": 70445609984.0,
        "mean": 70487990464.0,
        "min": 70435339776.0,
        "max": 70704791552.0,
        "p05": 70438644582.4,
        "p95": 70630051712.0
      },
      "cuda_peak_reserved_bytes": {
        "count": 8,
        "median": 70603767808.0,
        "mean": 70627885056.0,
        "min": 70527221760.0,
        "max": 70858571776.0,
        "p05": 70544103833.59999,
        "p95": 70780033433.6
      },
      "steady_state_cuda_allocated_bytes": {
        "count": 8,
        "median": 69593457920.0,
        "mean": 69655904064.0,
        "min": 69592006144.0,
        "max": 69985348608.0,
        "p05": 69592099686.4,
        "p95": 69867679257.6
      },
      "steady_state_cuda_reserved_bytes": {
        "count": 8,
        "median": 70603767808.0,
        "mean": 70627885056.0,
        "min": 70527221760.0,
        "max": 70858571776.0,
        "p05": 70544103833.59999,
        "p95": 70780033433.6
      },
      "nvml_sampled_peak_process_bytes": {
        "count": 8,
        "median": 71077724160.0,
        "mean": 71101579264.0,
        "min": 71001178112.0,
        "max": 71332528128.0,
        "p05": 71018060185.6,
        "p95": 71253989785.6
      },
      "steady_state_nvml_process_bytes": {
        "count": 8,
        "median": 71076675584.0,
        "mean": 71101054976.0,
        "min": 71001178112.0,
        "max": 71332528128.0,
        "p05": 71017326182.4,
        "p95": 71253989785.6
      },
      "ttft_seconds": {
        "count": 8,
        "median": 0.7068529152311385,
        "mean": 0.9119926862767898,
        "min": 0.6222494500689209,
        "max": 1.6040607392787933,
        "p05": 0.6354622680926696,
        "p95": 1.596657742210664
      },
      "median_tpot_seconds": {
        "count": 8,
        "median": 0.08509237645193934,
        "mean": 0.09561511600622907,
        "min": 0.05192175228148699,
        "max": 0.25434107310138643,
        "p05": 0.05231269767973572,
        "p95": 0.19638790228636926
      },
      "throughput_tokens_per_second": {
        "count": 8,
        "median": 5.936225948816008,
        "mean": 5.101291335947242,
        "min": 0.9562096772687172,
        "max": 7.806849454141703,
        "p05": 1.430569668695771,
        "p95": 7.780820810527267
      },
      "max_resident_documents_store_only": {
        "count": 8,
        "median": 1299.0,
        "mean": 1312.0,
        "min": 1293.0,
        "max": 1411.0,
        "p05": 1293.35,
        "p95": 1373.2
      },
      "max_resident_documents_with_one_active_request": {
        "count": 8,
        "median": 1282.5,
        "mean": 1296.5,
        "min": 1277.0,
        "max": 1395.0,
        "p05": 1277.6999999999998,
        "p95": 1358.25
      },
      "f1": {
        "count": 8,
        "median": 0.22875816993464052,
        "mean": 0.34029393808805575,
        "min": 0.0,
        "max": 1.0,
        "p05": 0.0,
        "p95": 0.95
      }
    }
  ],
  "summary_by_dataset_config_and_length": [
    {
      "dataset": "2wikimqa",
      "config": "full-prefix-q16",
      "document_tokens": 4035,
      "measurements": 1,
      "write_build_seconds": {
        "count": 1,
        "median": 0.6363350567407906,
        "mean": 0.6363350567407906,
        "min": 0.6363350567407906,
        "max": 0.6363350567407906,
        "p05": 0.6363350567407906,
        "p95": 0.6363350567407906
      },
      "persistent_document_nbytes": {
        "count": 1,
        "median": 147517440.0,
        "mean": 147517440.0,
        "min": 147517440.0,
        "max": 147517440.0,
        "p05": 147517440.0,
        "p95": 147517440.0
      },
      "persistent_materialized_staging_nbytes": {
        "count": 1,
        "median": 0.0,
        "mean": 0.0,
        "min": 0.0,
        "max": 0.0,
        "p05": 0.0,
        "p95": 0.0
      },
      "persistent_total_resident_nbytes": {
        "count": 1,
        "median": 147517440.0,
        "mean": 147517440.0,
        "min": 147517440.0,
        "max": 147517440.0,
        "p05": 147517440.0,
        "p95": 147517440.0
      },
      "capacity_document_denominator_nbytes": {
        "count": 1,
        "median": 147517440.0,
        "mean": 147517440.0,
        "min": 147517440.0,
        "max": 147517440.0,
        "p05": 147517440.0,
        "p95": 147517440.0
      },
      "selected_fork_active_state_peak_nbytes": {
        "count": 1,
        "median": 147517440.0,
        "mean": 147517440.0,
        "min": 147517440.0,
        "max": 147517440.0,
        "p05": 147517440.0,
        "p95": 147517440.0
      },
      "selected_fork_active_state_steady_nbytes": {
        "count": 1,
        "median": 147517440.0,
        "mean": 147517440.0,
        "min": 147517440.0,
        "max": 147517440.0,
        "p05": 147517440.0,
        "p95": 147517440.0
      },
      "cow_initial_shared_nbytes": {
        "count": 0,
        "median": null,
        "mean": null,
        "min": null,
        "max": null,
        "p05": null,
        "p95": null
      },
      "cow_initial_private_nbytes": {
        "count": 0,
        "median": null,
        "mean": null,
        "min": null,
        "max": null,
        "p05": null,
        "p95": null
      },
      "cow_after_query_shared_nbytes": {
        "count": 0,
        "median": null,
        "mean": null,
        "min": null,
        "max": null,
        "p05": null,
        "p95": null
      },
      "cow_after_query_private_nbytes": {
        "count": 0,
        "median": null,
        "mean": null,
        "min": null,
        "max": null,
        "p05": null,
        "p95": null
      },
      "cow_final_shared_nbytes": {
        "count": 0,
        "median": null,
        "mean": null,
        "min": null,
        "max": null,
        "p05": null,
        "p95": null
      },
      "cow_final_private_nbytes": {
        "count": 0,
        "median": null,
        "mean": null,
        "min": null,
        "max": null,
        "p05": null,
        "p95": null
      },
      "decode_kv_peak_nbytes": {
        "count": 1,
        "median": 1392640.0,
        "mean": 1392640.0,
        "min": 1392640.0,
        "max": 1392640.0,
        "p05": 1392640.0,
        "p95": 1392640.0
      },
      "decode_kv_steady_nbytes": {
        "count": 1,
        "median": 1331200.0,
        "mean": 1331200.0,
        "min": 1331200.0,
        "max": 1331200.0,
        "p05": 1331200.0,
        "p95": 1331200.0
      },
      "cuda_peak_allocated_bytes": {
        "count": 1,
        "median": 69943537152.0,
        "mean": 69943537152.0,
        "min": 69943537152.0,
        "max": 69943537152.0,
        "p05": 69943537152.0,
        "p95": 69943537152.0
      },
      "cuda_peak_reserved_bytes": {
        "count": 1,
        "median": 69996642304.0,
        "mean": 69996642304.0,
        "min": 69996642304.0,
        "max": 69996642304.0,
        "p05": 69996642304.0,
        "p95": 69996642304.0
      },
      "steady_state_cuda_allocated_bytes": {
        "count": 1,
        "median": 69791247872.0,
        "mean": 69791247872.0,
        "min": 69791247872.0,
        "max": 69791247872.0,
        "p05": 69791247872.0,
        "p95": 69791247872.0
      },
      "steady_state_cuda_reserved_bytes": {
        "count": 1,
        "median": 69996642304.0,
        "mean": 69996642304.0,
        "min": 69996642304.0,
        "max": 69996642304.0,
        "p05": 69996642304.0,
        "p95": 69996642304.0
      },
      "nvml_sampled_peak_process_bytes": {
        "count": 1,
        "median": 70470598656.0,
        "mean": 70470598656.0,
        "min": 70470598656.0,
        "max": 70470598656.0,
        "p05": 70470598656.0,
        "p95": 70470598656.0
      },
      "steady_state_nvml_process_bytes": {
        "count": 1,
        "median": 70470598656.0,
        "mean": 70470598656.0,
        "min": 70470598656.0,
        "max": 70470598656.0,
        "p05": 70470598656.0,
        "p95": 70470598656.0
      },
      "ttft_seconds": {
        "count": 1,
        "median": 0.1599099524319172,
        "mean": 0.1599099524319172,
        "min": 0.1599099524319172,
        "max": 0.1599099524319172,
        "p05": 0.1599099524319172,
        "p95": 0.1599099524319172
      },
      "median_tpot_seconds": {
        "count": 1,
        "median": 0.0559843173250556,
        "mean": 0.0559843173250556,
        "min": 0.0559843173250556,
        "max": 0.0559843173250556,
        "p05": 0.0559843173250556,
        "p95": 0.0559843173250556
      },
      "throughput_tokens_per_second": {
        "count": 1,
        "median": 14.604517654095769,
        "mean": 14.604517654095769,
        "min": 14.604517654095769,
        "max": 14.604517654095769,
        "p05": 14.604517654095769,
        "p95": 14.604517654095769
      },
      "max_resident_documents_store_only": {
        "count": 1,
        "median": 518.0,
        "mean": 518.0,
        "min": 518.0,
        "max": 518.0,
        "p05": 518.0,
        "p95": 518.0
      },
      "max_resident_documents_with_one_active_request": {
        "count": 1,
        "median": 516.0,
        "mean": 516.0,
        "min": 516.0,
        "max": 516.0,
        "p05": 516.0,
        "p95": 516.0
      },
      "f1": {
        "count": 1,
        "median": 0.0,
        "mean": 0.0,
        "min": 0.0,
        "max": 0.0,
        "p05": 0.0,
        "p95": 0.0
      }
    },
    {
      "dataset": "2wikimqa",
      "config": "full-prefix-q16",
      "document_tokens": 4046,
      "measurements": 1,
      "write_build_seconds": {
        "count": 1,
        "median": 0.6373105966486037,
        "mean": 0.6373105966486037,
        "min": 0.6373105966486037,
        "max": 0.6373105966486037,
        "p05": 0.6373105966486037,
        "p95": 0.6373105966486037
      },
      "persistent_document_nbytes": {
        "count": 1,
        "median": 147742720.0,
        "mean": 147742720.0,
        "min": 147742720.0,
        "max": 147742720.0,
        "p05": 147742720.0,
        "p95": 147742720.0
      },
      "persistent_materialized_staging_nbytes": {
        "count": 1,
        "median": 0.0,
        "mean": 0.0,
        "min": 0.0,
        "max": 0.0,
        "p05": 0.0,
        "p95": 0.0
      },
      "persistent_total_resident_nbytes": {
        "count": 1,
        "median": 147742720.0,
        "mean": 147742720.0,
        "min": 147742720.0,
        "max": 147742720.0,
        "p05": 147742720.0,
        "p95": 147742720.0
      },
      "capacity_document_denominator_nbytes": {
        "count": 1,
        "median": 147742720.0,
        "mean": 147742720.0,
        "min": 147742720.0,
        "max": 147742720.0,
        "p05": 147742720.0,
        "p95": 147742720.0
      },
      "selected_fork_active_state_peak_nbytes": {
        "count": 1,
        "median": 147742720.0,
        "mean": 147742720.0,
        "min": 147742720.0,
        "max": 147742720.0,
        "p05": 147742720.0,
        "p95": 147742720.0
      },
      "selected_fork_active_state_steady_nbytes": {
        "count": 1,
        "median": 147742720.0,
        "mean": 147742720.0,
        "min": 147742720.0,
        "max": 147742720.0,
        "p05": 147742720.0,
        "p95": 147742720.0
      },
      "cow_initial_shared_nbytes": {
        "count": 0,
        "median": null,
        "mean": null,
        "min": null,
        "max": null,
        "p05": null,
        "p95": null
      },
      "cow_initial_private_nbytes": {
        "count": 0,
        "median": null,
        "mean": null,
        "min": null,
        "max": null,
        "p05": null,
        "p95": null
      },
      "cow_after_query_shared_nbytes": {
        "count": 0,
        "median": null,
        "mean": null,
        "min": null,
        "max": null,
        "p05": null,
        "p95": null
      },
      "cow_after_query_private_nbytes": {
        "count": 0,
        "median": null,
        "mean": null,
        "min": null,
        "max": null,
        "p05": null,
        "p95": null
      },
      "cow_final_shared_nbytes": {
        "count": 0,
        "median": null,
        "mean": null,
        "min": null,
        "max": null,
        "p05": null,
        "p95": null
      },
      "cow_final_private_nbytes": {
        "count": 0,
        "median": null,
        "mean": null,
        "min": null,
        "max": null,
        "p05": null,
        "p95": null
      },
      "decode_kv_peak_nbytes": {
        "count": 1,
        "median": 1085440.0,
        "mean": 1085440.0,
        "min": 1085440.0,
        "max": 1085440.0,
        "p05": 1085440.0,
        "p95": 1085440.0
      },
      "decode_kv_steady_nbytes": {
        "count": 1,
        "median": 1064960.0,
        "mean": 1064960.0,
        "min": 1064960.0,
        "max": 1064960.0,
        "p05": 1064960.0,
        "p95": 1064960.0
      },
      "cuda_peak_allocated_bytes": {
        "count": 1,
        "median": 69885380096.0,
        "mean": 69885380096.0,
        "min": 69885380096.0,
        "max": 69885380096.0,
        "p05": 69885380096.0,
        "p95": 69885380096.0
      },
      "cuda_peak_reserved_bytes": {
        "count": 1,
        "median": 69963087872.0,
        "mean": 69963087872.0,
        "min": 69963087872.0,
        "max": 69963087872.0,
        "p05": 69963087872.0,
        "p95": 69963087872.0
      },
      "steady_state_cuda_allocated_bytes": {
        "count": 1,
        "median": 69733318144.0,
        "mean": 69733318144.0,
        "min": 69733318144.0,
        "max": 69733318144.0,
        "p05": 69733318144.0,
        "p95": 69733318144.0
      },
      "steady_state_cuda_reserved_bytes": {
        "count": 1,
        "median": 69963087872.0,
        "mean": 69963087872.0,
        "min": 69963087872.0,
        "max": 69963087872.0,
        "p05": 69963087872.0,
        "p95": 69963087872.0
      },
      "nvml_sampled_peak_process_bytes": {
        "count": 1,
        "median": 70437044224.0,
        "mean": 70437044224.0,
        "min": 70437044224.0,
        "max": 70437044224.0,
        "p05": 70437044224.0,
        "p95": 70437044224.0
      },
      "steady_state_nvml_process_bytes": {
        "count": 1,
        "median": 70437044224.0,
        "mean": 70437044224.0,
        "min": 70437044224.0,
        "max": 70437044224.0,
        "p05": 70437044224.0,
        "p95": 70437044224.0
      },
      "ttft_seconds": {
        "count": 1,
        "median": 0.16467798966914415,
        "mean": 0.16467798966914415,
        "min": 0.16467798966914415,
        "max": 0.16467798966914415,
        "p05": 0.16467798966914415,
        "p95": 0.16467798966914415
      },
      "median_tpot_seconds": {
        "count": 1,
        "median": 0.05345827294513583,
        "mean": 0.05345827294513583,
        "min": 0.05345827294513583,
        "max": 0.05345827294513583,
        "p05": 0.05345827294513583,
        "p95": 0.05345827294513583
      },
      "throughput_tokens_per_second": {
        "count": 1,
        "median": 9.215784976208367,
        "mean": 9.215784976208367,
        "min": 9.215784976208367,
        "max": 9.215784976208367,
        "p05": 9.215784976208367,
        "p95": 9.215784976208367
      },
      "max_resident_documents_store_only": {
        "count": 1,
        "median": 517.0,
        "mean": 517.0,
        "min": 517.0,
        "max": 517.0,
        "p05": 517.0,
        "p95": 517.0
      },
      "max_resident_documents_with_one_active_request": {
        "count": 1,
        "median": 515.0,
        "mean": 515.0,
        "min": 515.0,
        "max": 515.0,
        "p05": 515.0,
        "p95": 515.0
      },
      "f1": {
        "count": 1,
        "median": 1.0,
        "mean": 1.0,
        "min": 1.0,
        "max": 1.0,
        "p05": 1.0,
        "p95": 1.0
      }
    },
    {
      "dataset": "2wikimqa",
      "config": "full-prefix-q16",
      "document_tokens": 4048,
      "measurements": 1,
      "write_build_seconds": {
        "count": 1,
        "median": 0.6412562392652035,
        "mean": 0.6412562392652035,
        "min": 0.6412562392652035,
        "max": 0.6412562392652035,
        "p05": 0.6412562392652035,
        "p95": 0.6412562392652035
      },
      "persistent_document_nbytes": {
        "count": 1,
        "median": 147783680.0,
        "mean": 147783680.0,
        "min": 147783680.0,
        "max": 147783680.0,
        "p05": 147783680.0,
        "p95": 147783680.0
      },
      "persistent_materialized_staging_nbytes": {
        "count": 1,
        "median": 0.0,
        "mean": 0.0,
        "min": 0.0,
        "max": 0.0,
        "p05": 0.0,
        "p95": 0.0
      },
      "persistent_total_resident_nbytes": {
        "count": 1,
        "median": 147783680.0,
        "mean": 147783680.0,
        "min": 147783680.0,
        "max": 147783680.0,
        "p05": 147783680.0,
        "p95": 147783680.0
      },
      "capacity_document_denominator_nbytes": {
        "count": 1,
        "median": 147783680.0,
        "mean": 147783680.0,
        "min": 147783680.0,
        "max": 147783680.0,
        "p05": 147783680.0,
        "p95": 147783680.0
      },
      "selected_fork_active_state_peak_nbytes": {
        "count": 1,
        "median": 147783680.0,
        "mean": 147783680.0,
        "min": 147783680.0,
        "max": 147783680.0,
        "p05": 147783680.0,
        "p95": 147783680.0
      },
      "selected_fork_active_state_steady_nbytes": {
        "count": 1,
        "median": 147783680.0,
        "mean": 147783680.0,
        "min": 147783680.0,
        "max": 147783680.0,
        "p05": 147783680.0,
        "p95": 147783680.0
      },
      "cow_initial_shared_nbytes": {
        "count": 0,
        "median": null,
        "mean": null,
        "min": null,
        "max": null,
        "p05": null,
        "p95": null
      },
      "cow_initial_private_nbytes": {
        "count": 0,
        "median": null,
        "mean": null,
        "min": null,
        "max": null,
        "p05": null,
        "p95": null
      },
      "cow_after_query_shared_nbytes": {
        "count": 0,
        "median": null,
        "mean": null,
        "min": null,
        "max": null,
        "p05": null,
        "p95": null
      },
      "cow_after_query_private_nbytes": {
        "count": 0,
        "median": null,
        "mean": null,
        "min": null,
        "max": null,
        "p05": null,
        "p95": null
      },
      "cow_final_shared_nbytes": {
        "count": 0,
        "median": null,
        "mean": null,
        "min": null,
        "max": null,
        "p05": null,
        "p95": null
      },
      "cow_final_private_nbytes": {
        "count": 0,
        "median": null,
        "mean": null,
        "min": null,
        "max": null,
        "p05": null,
        "p95": null
      },
      "decode_kv_peak_nbytes": {
        "count": 1,
        "median": 1024000.0,
        "mean": 1024000.0,
        "min": 1024000.0,
        "max": 1024000.0,
        "p05": 1024000.0,
        "p95": 1024000.0
      },
      "decode_kv_steady_nbytes": {
        "count": 1,
        "median": 1013760.0,
        "mean": 1013760.0,
        "min": 1013760.0,
        "max": 1013760.0,
        "p05": 1013760.0,
        "p95": 1013760.0
      },
      "cuda_peak_allocated_bytes": {
        "count": 1,
        "median": 69899619840.0,
        "mean": 69899619840.0,
        "min": 69899619840.0,
        "max": 69899619840.0,
        "p05": 69899619840.0,
        "p95": 69899619840.0
      },
      "cuda_peak_reserved_bytes": {
        "count": 1,
        "median": 69977767936.0,
        "mean": 69977767936.0,
        "min": 69977767936.0,
        "max": 69977767936.0,
        "p05": 69977767936.0,
        "p95": 69977767936.0
      },
      "steady_state_cuda_allocated_bytes": {
        "count": 1,
        "median": 69830642688.0,
        "mean": 69830642688.0,
        "min": 69830642688.0,
        "max": 69830642688.0,
        "p05": 69830642688.0,
        "p95": 69830642688.0
      },
      "steady_state_cuda_reserved_bytes": {
        "count": 1,
        "median": 69977767936.0,
        "mean": 69977767936.0,
        "min": 69977767936.0,
        "max": 69977767936.0,
        "p05": 69977767936.0,
        "p95": 69977767936.0
      },
      "nvml_sampled_peak_process_bytes": {
        "count": 1,
        "median": 70449627136.0,
        "mean": 70449627136.0,
        "min": 70449627136.0,
        "max": 70449627136.0,
        "p05": 70449627136.0,
        "p95": 70449627136.0
      },
      "steady_state_nvml_process_bytes": {
        "count": 1,
        "median": 70449627136.0,
        "mean": 70449627136.0,
        "min": 70449627136.0,
        "max": 70449627136.0,
        "p05": 70449627136.0,
        "p95": 70449627136.0
      },
      "ttft_seconds": {
        "count": 1,
        "median": 0.1722467769868672,
        "mean": 0.1722467769868672,
        "min": 0.1722467769868672,
        "max": 0.1722467769868672,
        "p05": 0.1722467769868672,
        "p95": 0.1722467769868672
      },
      "median_tpot_seconds": {
        "count": 1,
        "median": 0.05360606452450156,
        "mean": 0.05360606452450156,
        "min": 0.05360606452450156,
        "max": 0.05360606452450156,
        "p05": 0.05360606452450156,
        "p95": 0.05360606452450156
      },
      "throughput_tokens_per_second": {
        "count": 1,
        "median": 7.1566872867644,
        "mean": 7.1566872867644,
        "min": 7.1566872867644,
        "max": 7.1566872867644,
        "p05": 7.1566872867644,
        "p95": 7.1566872867644
      },
      "max_resident_documents_store_only": {
        "count": 1,
        "median": 517.0,
        "mean": 517.0,
        "min": 517.0,
        "max": 517.0,
        "p05": 517.0,
        "p95": 517.0
      },
      "max_resident_documents_with_one_active_request": {
        "count": 1,
        "median": 515.0,
        "mean": 515.0,
        "min": 515.0,
        "max": 515.0,
        "p05": 515.0,
        "p95": 515.0
      },
      "f1": {
        "count": 1,
        "median": 0.0,
        "mean": 0.0,
        "min": 0.0,
        "max": 0.0,
        "p05": 0.0,
        "p95": 0.0
      }
    },
    {
      "dataset": "2wikimqa",
      "config": "full-prefix-q16",
      "document_tokens": 4050,
      "measurements": 1,
      "write_build_seconds": {
        "count": 1,
        "median": 0.6466447240673006,
        "mean": 0.6466447240673006,
        "min": 0.6466447240673006,
        "max": 0.6466447240673006,
        "p05": 0.6466447240673006,
        "p95": 0.6466447240673006
      },
      "persistent_document_nbytes": {
        "count": 1,
        "median": 147824640.0,
        "mean": 147824640.0,
        "min": 147824640.0,
        "max": 147824640.0,
        "p05": 147824640.0,
        "p95": 147824640.0
      },
      "persistent_materialized_staging_nbytes": {
        "count": 1,
        "median": 0.0,
        "mean": 0.0,
        "min": 0.0,
        "max": 0.0,
        "p05": 0.0,
        "p95": 0.0
      },
      "persistent_total_resident_nbytes": {
        "count": 1,
        "median": 147824640.0,
        "mean": 147824640.0,
        "min": 147824640.0,
        "max": 147824640.0,
        "p05": 147824640.0,
        "p95": 147824640.0
      },
      "capacity_document_denominator_nbytes": {
        "count": 1,
        "median": 147824640.0,
        "mean": 147824640.0,
        "min": 147824640.0,
        "max": 147824640.0,
        "p05": 147824640.0,
        "p95": 147824640.0
      },
      "selected_fork_active_state_peak_nbytes": {
        "count": 1,
        "median": 147824640.0,
        "mean": 147824640.0,
        "min": 147824640.0,
        "max": 147824640.0,
        "p05": 147824640.0,
        "p95": 147824640.0
      },
      "selected_fork_active_state_steady_nbytes": {
        "count": 1,
        "median": 147824640.0,
        "mean": 147824640.0,
        "min": 147824640.0,
        "max": 147824640.0,
        "p05": 147824640.0,
        "p95": 147824640.0
      },
      "cow_initial_shared_nbytes": {
        "count": 0,
        "median": null,
        "mean": null,
        "min": null,
        "max": null,
        "p05": null,
        "p95": null
      },
      "cow_initial_private_nbytes": {
        "count": 0,
        "median": null,
        "mean": null,
        "min": null,
        "max": null,
        "p05": null,
        "p95": null
      },
      "cow_after_query_shared_nbytes": {
        "count": 0,
        "median": null,
        "mean": null,
        "min": null,
        "max": null,
        "p05": null,
        "p95": null
      },
      "cow_after_query_private_nbytes": {
        "count": 0,
        "median": null,
        "mean": null,
        "min": null,
        "max": null,
        "p05": null,
        "p95": null
      },
      "cow_final_shared_nbytes": {
        "count": 0,
        "median": null,
        "mean": null,
        "min": null,
        "max": null,
        "p05": null,
        "p95": null
      },
      "cow_final_private_nbytes": {
        "count": 0,
        "median": null,
        "mean": null,
        "min": null,
        "max": null,
        "p05": null,
        "p95": null
      },
      "decode_kv_peak_nbytes": {
        "count": 1,
        "median": 1064960.0,
        "mean": 1064960.0,
        "min": 1064960.0,
        "max": 1064960.0,
        "p05": 1064960.0,
        "p95": 1064960.0
      },
      "decode_kv_steady_nbytes": {
        "count": 1,
        "median": 1013760.0,
        "mean": 1013760.0,
        "min": 1013760.0,
        "max": 1013760.0,
        "p05": 1013760.0,
        "p95": 1013760.0
      },
      "cuda_peak_allocated_bytes": {
        "count": 1,
        "median": 69794959872.0,
        "mean": 69794959872.0,
        "min": 69794959872.0,
        "max": 69794959872.0,
        "p05": 69794959872.0,
        "p95": 69794959872.0
      },
      "cuda_peak_reserved_bytes": {
        "count": 1,
        "median": 69893881856.0,
        "mean": 69893881856.0,
        "min": 69893881856.0,
        "max": 69893881856.0,
        "p05": 69893881856.0,
        "p95": 69893881856.0
      },
      "steady_state_cuda_allocated_bytes": {
        "count": 1,
        "median": 69726101504.0,
        "mean": 69726101504.0,
        "min": 69726101504.0,
        "max": 69726101504.0,
        "p05": 69726101504.0,
        "p95": 69726101504.0
      },
      "steady_state_cuda_reserved_bytes": {
        "count": 1,
        "median": 69893881856.0,
        "mean": 69893881856.0,
        "min": 69893881856.0,
        "max": 69893881856.0,
        "p05": 69893881856.0,
        "p95": 69893881856.0
      },
      "nvml_sampled_peak_process_bytes": {
        "count": 1,
        "median": 70367838208.0,
        "mean": 70367838208.0,
        "min": 70367838208.0,
        "max": 70367838208.0,
        "p05": 70367838208.0,
        "p95": 70367838208.0
      },
      "steady_state_nvml_process_bytes": {
        "count": 1,
        "median": 70367838208.0,
        "mean": 70367838208.0,
        "min": 70367838208.0,
        "max": 70367838208.0,
        "p05": 70367838208.0,
        "p95": 70367838208.0
      },
      "ttft_seconds": {
        "count": 1,
        "median": 0.16243793303146958,
        "mean": 0.16243793303146958,
        "min": 0.16243793303146958,
        "max": 0.16243793303146958,
        "p05": 0.16243793303146958,
        "p95": 0.16243793303146958
      },
      "median_tpot_seconds": {
        "count": 1,
        "median": 0.05380606628023088,
        "mean": 0.05380606628023088,
        "min": 0.05380606628023088,
        "max": 0.05380606628023088,
        "p05": 0.05380606628023088,
        "p95": 0.05380606628023088
      },
      "throughput_tokens_per_second": {
        "count": 1,
        "median": 12.306696149004113,
        "mean": 12.306696149004113,
        "min": 12.306696149004113,
        "max": 12.306696149004113,
        "p05": 12.306696149004113,
        "p95": 12.306696149004113
      },
      "max_resident_documents_store_only": {
        "count": 1,
        "median": 517.0,
        "mean": 517.0,
        "min": 517.0,
        "max": 517.0,
        "p05": 517.0,
        "p95": 517.0
      },
      "max_resident_documents_with_one_active_request": {
        "count": 1,
        "median": 516.0,
        "mean": 516.0,
        "min": 516.0,
        "max": 516.0,
        "p05": 516.0,
        "p95": 516.0
      },
      "f1": {
        "count": 1,
        "median": 0.8571428571428571,
        "mean": 0.8571428571428571,
        "min": 0.8571428571428571,
        "max": 0.8571428571428571,
        "p05": 0.8571428571428571,
        "p95": 0.8571428571428571
      }
    },
    {
      "dataset": "2wikimqa",
      "config": "qcomem-d7-frozen-static",
      "document_tokens": 4035,
      "measurements": 1,
      "write_build_seconds": {
        "count": 1,
        "median": 0.1290991771966219,
        "mean": 0.1290991771966219,
        "min": 0.1290991771966219,
        "max": 0.1290991771966219,
        "p05": 0.1290991771966219,
        "p95": 0.1290991771966219
      },
      "persistent_document_nbytes": {
        "count": 1,
        "median": 10523712.0,
        "mean": 10523712.0,
        "min": 10523712.0,
        "max": 10523712.0,
        "p05": 10523712.0,
        "p95": 10523712.0
      },
      "persistent_materialized_staging_nbytes": {
        "count": 1,
        "median": 37767168.0,
        "mean": 37767168.0,
        "min": 37767168.0,
        "max": 37767168.0,
        "p05": 37767168.0,
        "p95": 37767168.0
      },
      "persistent_total_resident_nbytes": {
        "count": 1,
        "median": 48290880.0,
        "mean": 48290880.0,
        "min": 48290880.0,
        "max": 48290880.0,
        "p05": 48290880.0,
        "p95": 48290880.0
      },
      "capacity_document_denominator_nbytes": {
        "count": 1,
        "median": 48290880.0,
        "mean": 48290880.0,
        "min": 48290880.0,
        "max": 48290880.0,
        "p05": 48290880.0,
        "p95": 48290880.0
      },
      "selected_fork_active_state_peak_nbytes": {
        "count": 1,
        "median": 37892096.0,
        "mean": 37892096.0,
        "min": 37892096.0,
        "max": 37892096.0,
        "p05": 37892096.0,
        "p95": 37892096.0
      },
      "selected_fork_active_state_steady_nbytes": {
        "count": 1,
        "median": 21379072.0,
        "mean": 21379072.0,
        "min": 21379072.0,
        "max": 21379072.0,
        "p05": 21379072.0,
        "p95": 21379072.0
      },
      "cow_initial_shared_nbytes": {
        "count": 1,
        "median": 24791040.0,
        "mean": 24791040.0,
        "min": 24791040.0,
        "max": 24791040.0,
        "p05": 24791040.0,
        "p95": 24791040.0
      },
      "cow_initial_private_nbytes": {
        "count": 1,
        "median": 12976128.0,
        "mean": 12976128.0,
        "min": 12976128.0,
        "max": 12976128.0,
        "p05": 12976128.0,
        "p95": 12976128.0
      },
      "cow_after_query_shared_nbytes": {
        "count": 1,
        "median": 16527360.0,
        "mean": 16527360.0,
        "min": 16527360.0,
        "max": 16527360.0,
        "p05": 16527360.0,
        "p95": 16527360.0
      },
      "cow_after_query_private_nbytes": {
        "count": 1,
        "median": 21364736.0,
        "mean": 21364736.0,
        "min": 21364736.0,
        "max": 21364736.0,
        "p05": 21364736.0,
        "p95": 21364736.0
      },
      "cow_final_shared_nbytes": {
        "count": 1,
        "median": 0.0,
        "mean": 0.0,
        "min": 0.0,
        "max": 0.0,
        "p05": 0.0,
        "p95": 0.0
      },
      "cow_final_private_nbytes": {
        "count": 1,
        "median": 21379072.0,
        "mean": 21379072.0,
        "min": 21379072.0,
        "max": 21379072.0,
        "p05": 21379072.0,
        "p95": 21379072.0
      },
      "decode_kv_peak_nbytes": {
        "count": 1,
        "median": 127670272.0,
        "mean": 127670272.0,
        "min": 127670272.0,
        "max": 127670272.0,
        "p05": 127670272.0,
        "p95": 127670272.0
      },
      "decode_kv_steady_nbytes": {
        "count": 1,
        "median": 127608832.0,
        "mean": 127608832.0,
        "min": 127608832.0,
        "max": 127608832.0,
        "p05": 127608832.0,
        "p95": 127608832.0
      },
      "cuda_peak_allocated_bytes": {
        "count": 1,
        "median": 70506918400.0,
        "mean": 70506918400.0,
        "min": 70506918400.0,
        "max": 70506918400.0,
        "p05": 70506918400.0,
        "p95": 70506918400.0
      },
      "cuda_peak_reserved_bytes": {
        "count": 1,
        "median": 70606913536.0,
        "mean": 70606913536.0,
        "min": 70606913536.0,
        "max": 70606913536.0,
        "p05": 70606913536.0,
        "p95": 70606913536.0
      },
      "steady_state_cuda_allocated_bytes": {
        "count": 1,
        "median": 69654114816.0,
        "mean": 69654114816.0,
        "min": 69654114816.0,
        "max": 69654114816.0,
        "p05": 69654114816.0,
        "p95": 69654114816.0
      },
      "steady_state_cuda_reserved_bytes": {
        "count": 1,
        "median": 70606913536.0,
        "mean": 70606913536.0,
        "min": 70606913536.0,
        "max": 70606913536.0,
        "p05": 70606913536.0,
        "p95": 70606913536.0
      },
      "nvml_sampled_peak_process_bytes": {
        "count": 1,
        "median": 71080869888.0,
        "mean": 71080869888.0,
        "min": 71080869888.0,
        "max": 71080869888.0,
        "p05": 71080869888.0,
        "p95": 71080869888.0
      },
      "steady_state_nvml_process_bytes": {
        "count": 1,
        "median": 71080869888.0,
        "mean": 71080869888.0,
        "min": 71080869888.0,
        "max": 71080869888.0,
        "p05": 71080869888.0,
        "p95": 71080869888.0
      },
      "ttft_seconds": {
        "count": 1,
        "median": 0.6717362231574953,
        "mean": 0.6717362231574953,
        "min": 0.6717362231574953,
        "max": 0.6717362231574953,
        "p05": 0.6717362231574953,
        "p95": 0.6717362231574953
      },
      "median_tpot_seconds": {
        "count": 1,
        "median": 0.05682791909202933,
        "mean": 0.05682791909202933,
        "min": 0.05682791909202933,
        "max": 0.05682791909202933,
        "p05": 0.05682791909202933,
        "p95": 0.05682791909202933
      },
      "throughput_tokens_per_second": {
        "count": 1,
        "median": 7.471088433845432,
        "mean": 7.471088433845432,
        "min": 7.471088433845432,
        "max": 7.471088433845432,
        "p05": 7.471088433845432,
        "p95": 7.471088433845432
      },
      "max_resident_documents_store_only": {
        "count": 1,
        "median": 1584.0,
        "mean": 1584.0,
        "min": 1584.0,
        "max": 1584.0,
        "p05": 1584.0,
        "p95": 1584.0
      },
      "max_resident_documents_with_one_active_request": {
        "count": 1,
        "median": 1563.0,
        "mean": 1563.0,
        "min": 1563.0,
        "max": 1563.0,
        "p05": 1563.0,
        "p95": 1563.0
      },
      "f1": {
        "count": 1,
        "median": 0.0,
        "mean": 0.0,
        "min": 0.0,
        "max": 0.0,
        "p05": 0.0,
        "p95": 0.0
      }
    },
    {
      "dataset": "2wikimqa",
      "config": "qcomem-d7-frozen-static",
      "document_tokens": 4046,
      "measurements": 1,
      "write_build_seconds": {
        "count": 1,
        "median": 0.1290157726034522,
        "mean": 0.1290157726034522,
        "min": 0.1290157726034522,
        "max": 0.1290157726034522,
        "p05": 0.1290157726034522,
        "p95": 0.1290157726034522
      },
      "persistent_document_nbytes": {
        "count": 1,
        "median": 10542720.0,
        "mean": 10542720.0,
        "min": 10542720.0,
        "max": 10542720.0,
        "p05": 10542720.0,
        "p95": 10542720.0
      },
      "persistent_materialized_staging_nbytes": {
        "count": 1,
        "median": 37834752.0,
        "mean": 37834752.0,
        "min": 37834752.0,
        "max": 37834752.0,
        "p05": 37834752.0,
        "p95": 37834752.0
      },
      "persistent_total_resident_nbytes": {
        "count": 1,
        "median": 48377472.0,
        "mean": 48377472.0,
        "min": 48377472.0,
        "max": 48377472.0,
        "p05": 48377472.0,
        "p95": 48377472.0
      },
      "capacity_document_denominator_nbytes": {
        "count": 1,
        "median": 48377472.0,
        "mean": 48377472.0,
        "min": 48377472.0,
        "max": 48377472.0,
        "p05": 48377472.0,
        "p95": 48377472.0
      },
      "selected_fork_active_state_peak_nbytes": {
        "count": 1,
        "median": 37937152.0,
        "mean": 37937152.0,
        "min": 37937152.0,
        "max": 37937152.0,
        "p05": 37937152.0,
        "p95": 37937152.0
      },
      "selected_fork_active_state_steady_nbytes": {
        "count": 1,
        "median": 21370880.0,
        "mean": 21370880.0,
        "min": 21370880.0,
        "max": 21370880.0,
        "p05": 21370880.0,
        "p95": 21370880.0
      },
      "cow_initial_shared_nbytes": {
        "count": 1,
        "median": 24858624.0,
        "mean": 24858624.0,
        "min": 24858624.0,
        "max": 24858624.0,
        "p05": 24858624.0,
        "p95": 24858624.0
      },
      "cow_initial_private_nbytes": {
        "count": 1,
        "median": 12976128.0,
        "mean": 12976128.0,
        "min": 12976128.0,
        "max": 12976128.0,
        "p05": 12976128.0,
        "p95": 12976128.0
      },
      "cow_after_query_shared_nbytes": {
        "count": 1,
        "median": 16572416.0,
        "mean": 16572416.0,
        "min": 16572416.0,
        "max": 16572416.0,
        "p05": 16572416.0,
        "p95": 16572416.0
      },
      "cow_after_query_private_nbytes": {
        "count": 1,
        "median": 21364736.0,
        "mean": 21364736.0,
        "min": 21364736.0,
        "max": 21364736.0,
        "p05": 21364736.0,
        "p95": 21364736.0
      },
      "cow_final_shared_nbytes": {
        "count": 1,
        "median": 0.0,
        "mean": 0.0,
        "min": 0.0,
        "max": 0.0,
        "p05": 0.0,
        "p95": 0.0
      },
      "cow_final_private_nbytes": {
        "count": 1,
        "median": 21370880.0,
        "mean": 21370880.0,
        "min": 21370880.0,
        "max": 21370880.0,
        "p05": 21370880.0,
        "p95": 21370880.0
      },
      "decode_kv_peak_nbytes": {
        "count": 1,
        "median": 127565824.0,
        "mean": 127565824.0,
        "min": 127565824.0,
        "max": 127565824.0,
        "p05": 127565824.0,
        "p95": 127565824.0
      },
      "decode_kv_steady_nbytes": {
        "count": 1,
        "median": 127545344.0,
        "mean": 127545344.0,
        "min": 127545344.0,
        "max": 127545344.0,
        "p05": 127545344.0,
        "p95": 127545344.0
      },
      "cuda_peak_allocated_bytes": {
        "count": 1,
        "median": 70507653632.0,
        "mean": 70507653632.0,
        "min": 70507653632.0,
        "max": 70507653632.0,
        "p05": 70507653632.0,
        "p95": 70507653632.0
      },
      "cuda_peak_reserved_bytes": {
        "count": 1,
        "median": 70671925248.0,
        "mean": 70671925248.0,
        "min": 70671925248.0,
        "max": 70671925248.0,
        "p05": 70671925248.0,
        "p95": 70671925248.0
      },
      "steady_state_cuda_allocated_bytes": {
        "count": 1,
        "median": 69655116288.0,
        "mean": 69655116288.0,
        "min": 69655116288.0,
        "max": 69655116288.0,
        "p05": 69655116288.0,
        "p95": 69655116288.0
      },
      "steady_state_cuda_reserved_bytes": {
        "count": 1,
        "median": 70671925248.0,
        "mean": 70671925248.0,
        "min": 70671925248.0,
        "max": 70671925248.0,
        "p05": 70671925248.0,
        "p95": 70671925248.0
      },
      "nvml_sampled_peak_process_bytes": {
        "count": 1,
        "median": 71145881600.0,
        "mean": 71145881600.0,
        "min": 71145881600.0,
        "max": 71145881600.0,
        "p05": 71145881600.0,
        "p95": 71145881600.0
      },
      "steady_state_nvml_process_bytes": {
        "count": 1,
        "median": 71145881600.0,
        "mean": 71145881600.0,
        "min": 71145881600.0,
        "max": 71145881600.0,
        "p05": 71145881600.0,
        "p95": 71145881600.0
      },
      "ttft_seconds": {
        "count": 1,
        "median": 0.6670756568200886,
        "mean": 0.6670756568200886,
        "min": 0.6670756568200886,
        "max": 0.6670756568200886,
        "p05": 0.6670756568200886,
        "p95": 0.6670756568200886
      },
      "median_tpot_seconds": {
        "count": 1,
        "median": 0.054820744320750237,
        "mean": 0.054820744320750237,
        "min": 0.054820744320750237,
        "max": 0.054820744320750237,
        "p05": 0.054820744320750237,
        "p95": 0.054820744320750237
      },
      "throughput_tokens_per_second": {
        "count": 1,
        "median": 3.608642073096452,
        "mean": 3.608642073096452,
        "min": 3.608642073096452,
        "max": 3.608642073096452,
        "p05": 3.608642073096452,
        "p95": 3.608642073096452
      },
      "max_resident_documents_store_only": {
        "count": 1,
        "median": 1581.0,
        "mean": 1581.0,
        "min": 1581.0,
        "max": 1581.0,
        "p05": 1581.0,
        "p95": 1581.0
      },
      "max_resident_documents_with_one_active_request": {
        "count": 1,
        "median": 1560.0,
        "mean": 1560.0,
        "min": 1560.0,
        "max": 1560.0,
        "p05": 1560.0,
        "p95": 1560.0
      },
      "f1": {
        "count": 1,
        "median": 1.0,
        "mean": 1.0,
        "min": 1.0,
        "max": 1.0,
        "p05": 1.0,
        "p95": 1.0
      }
    },
    {
      "dataset": "2wikimqa",
      "config": "qcomem-d7-frozen-static",
      "document_tokens": 4048,
      "measurements": 1,
      "write_build_seconds": {
        "count": 1,
        "median": 0.13046773010864854,
        "mean": 0.13046773010864854,
        "min": 0.13046773010864854,
        "max": 0.13046773010864854,
        "p05": 0.13046773010864854,
        "p95": 0.13046773010864854
      },
      "persistent_document_nbytes": {
        "count": 1,
        "median": 10546176.0,
        "mean": 10546176.0,
        "min": 10546176.0,
        "max": 10546176.0,
        "p05": 10546176.0,
        "p95": 10546176.0
      },
      "persistent_materialized_staging_nbytes": {
        "count": 1,
        "median": 37847040.0,
        "mean": 37847040.0,
        "min": 37847040.0,
        "max": 37847040.0,
        "p05": 37847040.0,
        "p95": 37847040.0
      },
      "persistent_total_resident_nbytes": {
        "count": 1,
        "median": 48393216.0,
        "mean": 48393216.0,
        "min": 48393216.0,
        "max": 48393216.0,
        "p05": 48393216.0,
        "p95": 48393216.0
      },
      "capacity_document_denominator_nbytes": {
        "count": 1,
        "median": 48393216.0,
        "mean": 48393216.0,
        "min": 48393216.0,
        "max": 48393216.0,
        "p05": 48393216.0,
        "p95": 48393216.0
      },
      "selected_fork_active_state_peak_nbytes": {
        "count": 1,
        "median": 37945344.0,
        "mean": 37945344.0,
        "min": 37945344.0,
        "max": 37945344.0,
        "p05": 37945344.0,
        "p95": 37945344.0
      },
      "selected_fork_active_state_steady_nbytes": {
        "count": 1,
        "median": 21368832.0,
        "mean": 21368832.0,
        "min": 21368832.0,
        "max": 21368832.0,
        "p05": 21368832.0,
        "p95": 21368832.0
      },
      "cow_initial_shared_nbytes": {
        "count": 1,
        "median": 24870912.0,
        "mean": 24870912.0,
        "min": 24870912.0,
        "max": 24870912.0,
        "p05": 24870912.0,
        "p95": 24870912.0
      },
      "cow_initial_private_nbytes": {
        "count": 1,
        "median": 12976128.0,
        "mean": 12976128.0,
        "min": 12976128.0,
        "max": 12976128.0,
        "p05": 12976128.0,
        "p95": 12976128.0
      },
      "cow_after_query_shared_nbytes": {
        "count": 1,
        "median": 16580608.0,
        "mean": 16580608.0,
        "min": 16580608.0,
        "max": 16580608.0,
        "p05": 16580608.0,
        "p95": 16580608.0
      },
      "cow_after_query_private_nbytes": {
        "count": 1,
        "median": 21364736.0,
        "mean": 21364736.0,
        "min": 21364736.0,
        "max": 21364736.0,
        "p05": 21364736.0,
        "p95": 21364736.0
      },
      "cow_final_shared_nbytes": {
        "count": 1,
        "median": 0.0,
        "mean": 0.0,
        "min": 0.0,
        "max": 0.0,
        "p05": 0.0,
        "p95": 0.0
      },
      "cow_final_private_nbytes": {
        "count": 1,
        "median": 21368832.0,
        "mean": 21368832.0,
        "min": 21368832.0,
        "max": 21368832.0,
        "p05": 21368832.0,
        "p95": 21368832.0
      },
      "decode_kv_peak_nbytes": {
        "count": 1,
        "median": 127541248.0,
        "mean": 127541248.0,
        "min": 127541248.0,
        "max": 127541248.0,
        "p05": 127541248.0,
        "p95": 127541248.0
      },
      "decode_kv_steady_nbytes": {
        "count": 1,
        "median": 127531008.0,
        "mean": 127531008.0,
        "min": 127531008.0,
        "max": 127531008.0,
        "p05": 127531008.0,
        "p95": 127531008.0
      },
      "cuda_peak_allocated_bytes": {
        "count": 1,
        "median": 70464714240.0,
        "mean": 70464714240.0,
        "min": 70464714240.0,
        "max": 70464714240.0,
        "p05": 70464714240.0,
        "p95": 70464714240.0
      },
      "cuda_peak_reserved_bytes": {
        "count": 1,
        "median": 70625787904.0,
        "mean": 70625787904.0,
        "min": 70625787904.0,
        "max": 70625787904.0,
        "p05": 70625787904.0,
        "p95": 70625787904.0
      },
      "steady_state_cuda_allocated_bytes": {
        "count": 1,
        "median": 69612121600.0,
        "mean": 69612121600.0,
        "min": 69612121600.0,
        "max": 69612121600.0,
        "p05": 69612121600.0,
        "p95": 69612121600.0
      },
      "steady_state_cuda_reserved_bytes": {
        "count": 1,
        "median": 70625787904.0,
        "mean": 70625787904.0,
        "min": 70625787904.0,
        "max": 70625787904.0,
        "p05": 70625787904.0,
        "p95": 70625787904.0
      },
      "nvml_sampled_peak_process_bytes": {
        "count": 1,
        "median": 71097647104.0,
        "mean": 71097647104.0,
        "min": 71097647104.0,
        "max": 71097647104.0,
        "p05": 71097647104.0,
        "p95": 71097647104.0
      },
      "steady_state_nvml_process_bytes": {
        "count": 1,
        "median": 71097647104.0,
        "mean": 71097647104.0,
        "min": 71097647104.0,
        "max": 71097647104.0,
        "p05": 71097647104.0,
        "p95": 71097647104.0
      },
      "ttft_seconds": {
        "count": 1,
        "median": 0.6642279620282352,
        "mean": 0.6642279620282352,
        "min": 0.6642279620282352,
        "max": 0.6642279620282352,
        "p05": 0.6642279620282352,
        "p95": 0.6642279620282352
      },
      "median_tpot_seconds": {
        "count": 1,
        "median": 0.05379446083679795,
        "mean": 0.05379446083679795,
        "min": 0.05379446083679795,
        "max": 0.05379446083679795,
        "p05": 0.05379446083679795,
        "p95": 0.05379446083679795
      },
      "throughput_tokens_per_second": {
        "count": 1,
        "median": 2.5912882216407196,
        "mean": 2.5912882216407196,
        "min": 2.5912882216407196,
        "max": 2.5912882216407196,
        "p05": 2.5912882216407196,
        "p95": 2.5912882216407196
      },
      "max_resident_documents_store_only": {
        "count": 1,
        "median": 1580.0,
        "mean": 1580.0,
        "min": 1580.0,
        "max": 1580.0,
        "p05": 1580.0,
        "p95": 1580.0
      },
      "max_resident_documents_with_one_active_request": {
        "count": 1,
        "median": 1560.0,
        "mean": 1560.0,
        "min": 1560.0,
        "max": 1560.0,
        "p05": 1560.0,
        "p95": 1560.0
      },
      "f1": {
        "count": 1,
        "median": 0.0,
        "mean": 0.0,
        "min": 0.0,
        "max": 0.0,
        "p05": 0.0,
        "p95": 0.0
      }
    },
    {
      "dataset": "2wikimqa",
      "config": "qcomem-d7-frozen-static",
      "document_tokens": 4050,
      "measurements": 1,
      "write_build_seconds": {
        "count": 1,
        "median": 0.1309516839683056,
        "mean": 0.1309516839683056,
        "min": 0.1309516839683056,
        "max": 0.1309516839683056,
        "p05": 0.1309516839683056,
        "p95": 0.1309516839683056
      },
      "persistent_document_nbytes": {
        "count": 1,
        "median": 10549632.0,
        "mean": 10549632.0,
        "min": 10549632.0,
        "max": 10549632.0,
        "p05": 10549632.0,
        "p95": 10549632.0
      },
      "persistent_materialized_staging_nbytes": {
        "count": 1,
        "median": 37859328.0,
        "mean": 37859328.0,
        "min": 37859328.0,
        "max": 37859328.0,
        "p05": 37859328.0,
        "p95": 37859328.0
      },
      "persistent_total_resident_nbytes": {
        "count": 1,
        "median": 48408960.0,
        "mean": 48408960.0,
        "min": 48408960.0,
        "max": 48408960.0,
        "p05": 48408960.0,
        "p95": 48408960.0
      },
      "capacity_document_denominator_nbytes": {
        "count": 1,
        "median": 48408960.0,
        "mean": 48408960.0,
        "min": 48408960.0,
        "max": 48408960.0,
        "p05": 48408960.0,
        "p95": 48408960.0
      },
      "selected_fork_active_state_peak_nbytes": {
        "count": 1,
        "median": 37953536.0,
        "mean": 37953536.0,
        "min": 37953536.0,
        "max": 37953536.0,
        "p05": 37953536.0,
        "p95": 37953536.0
      },
      "selected_fork_active_state_steady_nbytes": {
        "count": 1,
        "median": 21377024.0,
        "mean": 21377024.0,
        "min": 21377024.0,
        "max": 21377024.0,
        "p05": 21377024.0,
        "p95": 21377024.0
      },
      "cow_initial_shared_nbytes": {
        "count": 1,
        "median": 24883200.0,
        "mean": 24883200.0,
        "min": 24883200.0,
        "max": 24883200.0,
        "p05": 24883200.0,
        "p95": 24883200.0
      },
      "cow_initial_private_nbytes": {
        "count": 1,
        "median": 12976128.0,
        "mean": 12976128.0,
        "min": 12976128.0,
        "max": 12976128.0,
        "p05": 12976128.0,
        "p95": 12976128.0
      },
      "cow_after_query_shared_nbytes": {
        "count": 1,
        "median": 16588800.0,
        "mean": 16588800.0,
        "min": 16588800.0,
        "max": 16588800.0,
        "p05": 16588800.0,
        "p95": 16588800.0
      },
      "cow_after_query_private_nbytes": {
        "count": 1,
        "median": 21364736.0,
        "mean": 21364736.0,
        "min": 21364736.0,
        "max": 21364736.0,
        "p05": 21364736.0,
        "p95": 21364736.0
      },
      "cow_final_shared_nbytes": {
        "count": 1,
        "median": 0.0,
        "mean": 0.0,
        "min": 0.0,
        "max": 0.0,
        "p05": 0.0,
        "p95": 0.0
      },
      "cow_final_private_nbytes": {
        "count": 1,
        "median": 21377024.0,
        "mean": 21377024.0,
        "min": 21377024.0,
        "max": 21377024.0,
        "p05": 21377024.0,
        "p95": 21377024.0
      },
      "decode_kv_peak_nbytes": {
        "count": 1,
        "median": 127619072.0,
        "mean": 127619072.0,
        "min": 127619072.0,
        "max": 127619072.0,
        "p05": 127619072.0,
        "p95": 127619072.0
      },
      "decode_kv_steady_nbytes": {
        "count": 1,
        "median": 127567872.0,
        "mean": 127567872.0,
        "min": 127567872.0,
        "max": 127567872.0,
        "p05": 127567872.0,
        "p95": 127567872.0
      },
      "cuda_peak_allocated_bytes": {
        "count": 1,
        "median": 70465516032.0,
        "mean": 70465516032.0,
        "min": 70465516032.0,
        "max": 70465516032.0,
        "p05": 70465516032.0,
        "p95": 70465516032.0
      },
      "cuda_peak_reserved_bytes": {
        "count": 1,
        "median": 70600622080.0,
        "mean": 70600622080.0,
        "min": 70600622080.0,
        "max": 70600622080.0,
        "p05": 70600622080.0,
        "p95": 70600622080.0
      },
      "steady_state_cuda_allocated_bytes": {
        "count": 1,
        "median": 69612459008.0,
        "mean": 69612459008.0,
        "min": 69612459008.0,
        "max": 69612459008.0,
        "p05": 69612459008.0,
        "p95": 69612459008.0
      },
      "steady_state_cuda_reserved_bytes": {
        "count": 1,
        "median": 70600622080.0,
        "mean": 70600622080.0,
        "min": 70600622080.0,
        "max": 70600622080.0,
        "p05": 70600622080.0,
        "p95": 70600622080.0
      },
      "nvml_sampled_peak_process_bytes": {
        "count": 1,
        "median": 71074578432.0,
        "mean": 71074578432.0,
        "min": 71074578432.0,
        "max": 71074578432.0,
        "p05": 71074578432.0,
        "p95": 71074578432.0
      },
      "steady_state_nvml_process_bytes": {
        "count": 1,
        "median": 71074578432.0,
        "mean": 71074578432.0,
        "min": 71074578432.0,
        "max": 71074578432.0,
        "p05": 71074578432.0,
        "p95": 71074578432.0
      },
      "ttft_seconds": {
        "count": 1,
        "median": 0.6718976050615311,
        "mean": 0.6718976050615311,
        "min": 0.6718976050615311,
        "max": 0.6718976050615311,
        "p05": 0.6718976050615311,
        "p95": 0.6718976050615311
      },
      "median_tpot_seconds": {
        "count": 1,
        "median": 0.05460871011018753,
        "mean": 0.05460871011018753,
        "min": 0.05460871011018753,
        "max": 0.05460871011018753,
        "p05": 0.05460871011018753,
        "p95": 0.05460871011018753
      },
      "throughput_tokens_per_second": {
        "count": 1,
        "median": 5.993360921451191,
        "mean": 5.993360921451191,
        "min": 5.993360921451191,
        "max": 5.993360921451191,
        "p05": 5.993360921451191,
        "p95": 5.993360921451191
      },
      "max_resident_documents_store_only": {
        "count": 1,
        "median": 1580.0,
        "mean": 1580.0,
        "min": 1580.0,
        "max": 1580.0,
        "p05": 1580.0,
        "p95": 1580.0
      },
      "max_resident_documents_with_one_active_request": {
        "count": 1,
        "median": 1559.0,
        "mean": 1559.0,
        "min": 1559.0,
        "max": 1559.0,
        "p05": 1559.0,
        "p95": 1559.0
      },
      "f1": {
        "count": 1,
        "median": 0.8571428571428571,
        "mean": 0.8571428571428571,
        "min": 0.8571428571428571,
        "max": 0.8571428571428571,
        "p05": 0.8571428571428571,
        "p95": 0.8571428571428571
      }
    },
    {
      "dataset": "2wikimqa",
      "config": "qcomem-d7-r16-a16-l16",
      "document_tokens": 4035,
      "measurements": 1,
      "write_build_seconds": {
        "count": 1,
        "median": 0.22119334433227777,
        "mean": 0.22119334433227777,
        "min": 0.22119334433227777,
        "max": 0.22119334433227777,
        "p05": 0.22119334433227777,
        "p95": 0.22119334433227777
      },
      "persistent_document_nbytes": {
        "count": 1,
        "median": 37767168.0,
        "mean": 37767168.0,
        "min": 37767168.0,
        "max": 37767168.0,
        "p05": 37767168.0,
        "p95": 37767168.0
      },
      "persistent_materialized_staging_nbytes": {
        "count": 1,
        "median": 37767168.0,
        "mean": 37767168.0,
        "min": 37767168.0,
        "max": 37767168.0,
        "p05": 37767168.0,
        "p95": 37767168.0
      },
      "persistent_total_resident_nbytes": {
        "count": 1,
        "median": 59006976.0,
        "mean": 59006976.0,
        "min": 59006976.0,
        "max": 59006976.0,
        "p05": 59006976.0,
        "p95": 59006976.0
      },
      "capacity_document_denominator_nbytes": {
        "count": 1,
        "median": 59006976.0,
        "mean": 59006976.0,
        "min": 59006976.0,
        "max": 59006976.0,
        "p05": 59006976.0,
        "p95": 59006976.0
      },
      "selected_fork_active_state_peak_nbytes": {
        "count": 1,
        "median": 37892096.0,
        "mean": 37892096.0,
        "min": 37892096.0,
        "max": 37892096.0,
        "p05": 37892096.0,
        "p95": 37892096.0
      },
      "selected_fork_active_state_steady_nbytes": {
        "count": 1,
        "median": 21379072.0,
        "mean": 21379072.0,
        "min": 21379072.0,
        "max": 21379072.0,
        "p05": 21379072.0,
        "p95": 21379072.0
      },
      "cow_initial_shared_nbytes": {
        "count": 1,
        "median": 24791040.0,
        "mean": 24791040.0,
        "min": 24791040.0,
        "max": 24791040.0,
        "p05": 24791040.0,
        "p95": 24791040.0
      },
      "cow_initial_private_nbytes": {
        "count": 1,
        "median": 12976128.0,
        "mean": 12976128.0,
        "min": 12976128.0,
        "max": 12976128.0,
        "p05": 12976128.0,
        "p95": 12976128.0
      },
      "cow_after_query_shared_nbytes": {
        "count": 1,
        "median": 16527360.0,
        "mean": 16527360.0,
        "min": 16527360.0,
        "max": 16527360.0,
        "p05": 16527360.0,
        "p95": 16527360.0
      },
      "cow_after_query_private_nbytes": {
        "count": 1,
        "median": 21364736.0,
        "mean": 21364736.0,
        "min": 21364736.0,
        "max": 21364736.0,
        "p05": 21364736.0,
        "p95": 21364736.0
      },
      "cow_final_shared_nbytes": {
        "count": 1,
        "median": 0.0,
        "mean": 0.0,
        "min": 0.0,
        "max": 0.0,
        "p05": 0.0,
        "p95": 0.0
      },
      "cow_final_private_nbytes": {
        "count": 1,
        "median": 21379072.0,
        "mean": 21379072.0,
        "min": 21379072.0,
        "max": 21379072.0,
        "p05": 21379072.0,
        "p95": 21379072.0
      },
      "decode_kv_peak_nbytes": {
        "count": 1,
        "median": 127670272.0,
        "mean": 127670272.0,
        "min": 127670272.0,
        "max": 127670272.0,
        "p05": 127670272.0,
        "p95": 127670272.0
      },
      "decode_kv_steady_nbytes": {
        "count": 1,
        "median": 127608832.0,
        "mean": 127608832.0,
        "min": 127608832.0,
        "max": 127608832.0,
        "p05": 127608832.0,
        "p95": 127608832.0
      },
      "cuda_peak_allocated_bytes": {
        "count": 1,
        "median": 70445689344.0,
        "mean": 70445689344.0,
        "min": 70445689344.0,
        "max": 70445689344.0,
        "p05": 70445689344.0,
        "p95": 70445689344.0
      },
      "cuda_peak_reserved_bytes": {
        "count": 1,
        "median": 70613204992.0,
        "mean": 70613204992.0,
        "min": 70613204992.0,
        "max": 70613204992.0,
        "p05": 70613204992.0,
        "p95": 70613204992.0
      },
      "steady_state_cuda_allocated_bytes": {
        "count": 1,
        "median": 69592396800.0,
        "mean": 69592396800.0,
        "min": 69592396800.0,
        "max": 69592396800.0,
        "p05": 69592396800.0,
        "p95": 69592396800.0
      },
      "steady_state_cuda_reserved_bytes": {
        "count": 1,
        "median": 70613204992.0,
        "mean": 70613204992.0,
        "min": 70613204992.0,
        "max": 70613204992.0,
        "p05": 70613204992.0,
        "p95": 70613204992.0
      },
      "nvml_sampled_peak_process_bytes": {
        "count": 1,
        "median": 71087161344.0,
        "mean": 71087161344.0,
        "min": 71087161344.0,
        "max": 71087161344.0,
        "p05": 71087161344.0,
        "p95": 71087161344.0
      },
      "steady_state_nvml_process_bytes": {
        "count": 1,
        "median": 71087161344.0,
        "mean": 71087161344.0,
        "min": 71087161344.0,
        "max": 71087161344.0,
        "p05": 71087161344.0,
        "p95": 71087161344.0
      },
      "ttft_seconds": {
        "count": 1,
        "median": 0.7074924991466105,
        "mean": 0.7074924991466105,
        "min": 0.7074924991466105,
        "max": 0.7074924991466105,
        "p05": 0.7074924991466105,
        "p95": 0.7074924991466105
      },
      "median_tpot_seconds": {
        "count": 1,
        "median": 0.08438992779701948,
        "mean": 0.08438992779701948,
        "min": 0.08438992779701948,
        "max": 0.08438992779701948,
        "p05": 0.08438992779701948,
        "p95": 0.08438992779701948
      },
      "throughput_tokens_per_second": {
        "count": 1,
        "median": 6.04193612344889,
        "mean": 6.04193612344889,
        "min": 6.04193612344889,
        "max": 6.04193612344889,
        "p05": 6.04193612344889,
        "p95": 6.04193612344889
      },
      "max_resident_documents_store_only": {
        "count": 1,
        "median": 1296.0,
        "mean": 1296.0,
        "min": 1296.0,
        "max": 1296.0,
        "p05": 1296.0,
        "p95": 1296.0
      },
      "max_resident_documents_with_one_active_request": {
        "count": 1,
        "median": 1279.0,
        "mean": 1279.0,
        "min": 1279.0,
        "max": 1279.0,
        "p05": 1279.0,
        "p95": 1279.0
      },
      "f1": {
        "count": 1,
        "median": 0.0,
        "mean": 0.0,
        "min": 0.0,
        "max": 0.0,
        "p05": 0.0,
        "p95": 0.0
      }
    },
    {
      "dataset": "2wikimqa",
      "config": "qcomem-d7-r16-a16-l16",
      "document_tokens": 4046,
      "measurements": 1,
      "write_build_seconds": {
        "count": 1,
        "median": 0.18135127983987331,
        "mean": 0.18135127983987331,
        "min": 0.18135127983987331,
        "max": 0.18135127983987331,
        "p05": 0.18135127983987331,
        "p95": 0.18135127983987331
      },
      "persistent_document_nbytes": {
        "count": 1,
        "median": 37834752.0,
        "mean": 37834752.0,
        "min": 37834752.0,
        "max": 37834752.0,
        "p05": 37834752.0,
        "p95": 37834752.0
      },
      "persistent_materialized_staging_nbytes": {
        "count": 1,
        "median": 37834752.0,
        "mean": 37834752.0,
        "min": 37834752.0,
        "max": 37834752.0,
        "p05": 37834752.0,
        "p95": 37834752.0
      },
      "persistent_total_resident_nbytes": {
        "count": 1,
        "median": 59097088.0,
        "mean": 59097088.0,
        "min": 59097088.0,
        "max": 59097088.0,
        "p05": 59097088.0,
        "p95": 59097088.0
      },
      "capacity_document_denominator_nbytes": {
        "count": 1,
        "median": 59097088.0,
        "mean": 59097088.0,
        "min": 59097088.0,
        "max": 59097088.0,
        "p05": 59097088.0,
        "p95": 59097088.0
      },
      "selected_fork_active_state_peak_nbytes": {
        "count": 1,
        "median": 37937152.0,
        "mean": 37937152.0,
        "min": 37937152.0,
        "max": 37937152.0,
        "p05": 37937152.0,
        "p95": 37937152.0
      },
      "selected_fork_active_state_steady_nbytes": {
        "count": 1,
        "median": 21370880.0,
        "mean": 21370880.0,
        "min": 21370880.0,
        "max": 21370880.0,
        "p05": 21370880.0,
        "p95": 21370880.0
      },
      "cow_initial_shared_nbytes": {
        "count": 1,
        "median": 24858624.0,
        "mean": 24858624.0,
        "min": 24858624.0,
        "max": 24858624.0,
        "p05": 24858624.0,
        "p95": 24858624.0
      },
      "cow_initial_private_nbytes": {
        "count": 1,
        "median": 12976128.0,
        "mean": 12976128.0,
        "min": 12976128.0,
        "max": 12976128.0,
        "p05": 12976128.0,
        "p95": 12976128.0
      },
      "cow_after_query_shared_nbytes": {
        "count": 1,
        "median": 16572416.0,
        "mean": 16572416.0,
        "min": 16572416.0,
        "max": 16572416.0,
        "p05": 16572416.0,
        "p95": 16572416.0
      },
      "cow_after_query_private_nbytes": {
        "count": 1,
        "median": 21364736.0,
        "mean": 21364736.0,
        "min": 21364736.0,
        "max": 21364736.0,
        "p05": 21364736.0,
        "p95": 21364736.0
      },
      "cow_final_shared_nbytes": {
        "count": 1,
        "median": 0.0,
        "mean": 0.0,
        "min": 0.0,
        "max": 0.0,
        "p05": 0.0,
        "p95": 0.0
      },
      "cow_final_private_nbytes": {
        "count": 1,
        "median": 21370880.0,
        "mean": 21370880.0,
        "min": 21370880.0,
        "max": 21370880.0,
        "p05": 21370880.0,
        "p95": 21370880.0
      },
      "decode_kv_peak_nbytes": {
        "count": 1,
        "median": 127565824.0,
        "mean": 127565824.0,
        "min": 127565824.0,
        "max": 127565824.0,
        "p05": 127565824.0,
        "p95": 127565824.0
      },
      "decode_kv_steady_nbytes": {
        "count": 1,
        "median": 127545344.0,
        "mean": 127545344.0,
        "min": 127545344.0,
        "max": 127545344.0,
        "p05": 127545344.0,
        "p95": 127545344.0
      },
      "cuda_peak_allocated_bytes": {
        "count": 1,
        "median": 70445530624.0,
        "mean": 70445530624.0,
        "min": 70445530624.0,
        "max": 70445530624.0,
        "p05": 70445530624.0,
        "p95": 70445530624.0
      },
      "cuda_peak_reserved_bytes": {
        "count": 1,
        "median": 70594330624.0,
        "mean": 70594330624.0,
        "min": 70594330624.0,
        "max": 70594330624.0,
        "p05": 70594330624.0,
        "p95": 70594330624.0
      },
      "steady_state_cuda_allocated_bytes": {
        "count": 1,
        "median": 69592474112.0,
        "mean": 69592474112.0,
        "min": 69592474112.0,
        "max": 69592474112.0,
        "p05": 69592474112.0,
        "p95": 69592474112.0
      },
      "steady_state_cuda_reserved_bytes": {
        "count": 1,
        "median": 70594330624.0,
        "mean": 70594330624.0,
        "min": 70594330624.0,
        "max": 70594330624.0,
        "p05": 70594330624.0,
        "p95": 70594330624.0
      },
      "nvml_sampled_peak_process_bytes": {
        "count": 1,
        "median": 71068286976.0,
        "mean": 71068286976.0,
        "min": 71068286976.0,
        "max": 71068286976.0,
        "p05": 71068286976.0,
        "p95": 71068286976.0
      },
      "steady_state_nvml_process_bytes": {
        "count": 1,
        "median": 71066189824.0,
        "mean": 71066189824.0,
        "min": 71066189824.0,
        "max": 71066189824.0,
        "p05": 71066189824.0,
        "p95": 71066189824.0
      },
      "ttft_seconds": {
        "count": 1,
        "median": 0.7062133313156664,
        "mean": 0.7062133313156664,
        "min": 0.7062133313156664,
        "max": 0.7062133313156664,
        "p05": 0.7062133313156664,
        "p95": 0.7062133313156664
      },
      "median_tpot_seconds": {
        "count": 1,
        "median": 0.08579482510685921,
        "mean": 0.08579482510685921,
        "min": 0.08579482510685921,
        "max": 0.08579482510685921,
        "p05": 0.08579482510685921,
        "p95": 0.08579482510685921
      },
      "throughput_tokens_per_second": {
        "count": 1,
        "median": 2.3115239384888713,
        "mean": 2.3115239384888713,
        "min": 2.3115239384888713,
        "max": 2.3115239384888713,
        "p05": 2.3115239384888713,
        "p95": 2.3115239384888713
      },
      "max_resident_documents_store_only": {
        "count": 1,
        "median": 1294.0,
        "mean": 1294.0,
        "min": 1294.0,
        "max": 1294.0,
        "p05": 1294.0,
        "p95": 1294.0
      },
      "max_resident_documents_with_one_active_request": {
        "count": 1,
        "median": 1277.0,
        "mean": 1277.0,
        "min": 1277.0,
        "max": 1277.0,
        "p05": 1277.0,
        "p95": 1277.0
      },
      "f1": {
        "count": 1,
        "median": 1.0,
        "mean": 1.0,
        "min": 1.0,
        "max": 1.0,
        "p05": 1.0,
        "p95": 1.0
      }
    },
    {
      "dataset": "2wikimqa",
      "config": "qcomem-d7-r16-a16-l16",
      "document_tokens": 4048,
      "measurements": 1,
      "write_build_seconds": {
        "count": 1,
        "median": 0.19177375081926584,
        "mean": 0.19177375081926584,
        "min": 0.19177375081926584,
        "max": 0.19177375081926584,
        "p05": 0.19177375081926584,
        "p95": 0.19177375081926584
      },
      "persistent_document_nbytes": {
        "count": 1,
        "median": 37847040.0,
        "mean": 37847040.0,
        "min": 37847040.0,
        "max": 37847040.0,
        "p05": 37847040.0,
        "p95": 37847040.0
      },
      "persistent_materialized_staging_nbytes": {
        "count": 1,
        "median": 37847040.0,
        "mean": 37847040.0,
        "min": 37847040.0,
        "max": 37847040.0,
        "p05": 37847040.0,
        "p95": 37847040.0
      },
      "persistent_total_resident_nbytes": {
        "count": 1,
        "median": 59113472.0,
        "mean": 59113472.0,
        "min": 59113472.0,
        "max": 59113472.0,
        "p05": 59113472.0,
        "p95": 59113472.0
      },
      "capacity_document_denominator_nbytes": {
        "count": 1,
        "median": 59113472.0,
        "mean": 59113472.0,
        "min": 59113472.0,
        "max": 59113472.0,
        "p05": 59113472.0,
        "p95": 59113472.0
      },
      "selected_fork_active_state_peak_nbytes": {
        "count": 1,
        "median": 37945344.0,
        "mean": 37945344.0,
        "min": 37945344.0,
        "max": 37945344.0,
        "p05": 37945344.0,
        "p95": 37945344.0
      },
      "selected_fork_active_state_steady_nbytes": {
        "count": 1,
        "median": 21368832.0,
        "mean": 21368832.0,
        "min": 21368832.0,
        "max": 21368832.0,
        "p05": 21368832.0,
        "p95": 21368832.0
      },
      "cow_initial_shared_nbytes": {
        "count": 1,
        "median": 24870912.0,
        "mean": 24870912.0,
        "min": 24870912.0,
        "max": 24870912.0,
        "p05": 24870912.0,
        "p95": 24870912.0
      },
      "cow_initial_private_nbytes": {
        "count": 1,
        "median": 12976128.0,
        "mean": 12976128.0,
        "min": 12976128.0,
        "max": 12976128.0,
        "p05": 12976128.0,
        "p95": 12976128.0
      },
      "cow_after_query_shared_nbytes": {
        "count": 1,
        "median": 16580608.0,
        "mean": 16580608.0,
        "min": 16580608.0,
        "max": 16580608.0,
        "p05": 16580608.0,
        "p95": 16580608.0
      },
      "cow_after_query_private_nbytes": {
        "count": 1,
        "median": 21364736.0,
        "mean": 21364736.0,
        "min": 21364736.0,
        "max": 21364736.0,
        "p05": 21364736.0,
        "p95": 21364736.0
      },
      "cow_final_shared_nbytes": {
        "count": 1,
        "median": 0.0,
        "mean": 0.0,
        "min": 0.0,
        "max": 0.0,
        "p05": 0.0,
        "p95": 0.0
      },
      "cow_final_private_nbytes": {
        "count": 1,
        "median": 21368832.0,
        "mean": 21368832.0,
        "min": 21368832.0,
        "max": 21368832.0,
        "p05": 21368832.0,
        "p95": 21368832.0
      },
      "decode_kv_peak_nbytes": {
        "count": 1,
        "median": 127541248.0,
        "mean": 127541248.0,
        "min": 127541248.0,
        "max": 127541248.0,
        "p05": 127541248.0,
        "p95": 127541248.0
      },
      "decode_kv_steady_nbytes": {
        "count": 1,
        "median": 127531008.0,
        "mean": 127531008.0,
        "min": 127531008.0,
        "max": 127531008.0,
        "p05": 127531008.0,
        "p95": 127531008.0
      },
      "cuda_peak_allocated_bytes": {
        "count": 1,
        "median": 70445327872.0,
        "mean": 70445327872.0,
        "min": 70445327872.0,
        "max": 70445327872.0,
        "p05": 70445327872.0,
        "p95": 70445327872.0
      },
      "cuda_peak_reserved_bytes": {
        "count": 1,
        "median": 70585942016.0,
        "mean": 70585942016.0,
        "min": 70585942016.0,
        "max": 70585942016.0,
        "p05": 70585942016.0,
        "p95": 70585942016.0
      },
      "steady_state_cuda_allocated_bytes": {
        "count": 1,
        "median": 69592006144.0,
        "mean": 69592006144.0,
        "min": 69592006144.0,
        "max": 69592006144.0,
        "p05": 69592006144.0,
        "p95": 69592006144.0
      },
      "steady_state_cuda_reserved_bytes": {
        "count": 1,
        "median": 70585942016.0,
        "mean": 70585942016.0,
        "min": 70585942016.0,
        "max": 70585942016.0,
        "p05": 70585942016.0,
        "p95": 70585942016.0
      },
      "nvml_sampled_peak_process_bytes": {
        "count": 1,
        "median": 71057801216.0,
        "mean": 71057801216.0,
        "min": 71057801216.0,
        "max": 71057801216.0,
        "p05": 71057801216.0,
        "p95": 71057801216.0
      },
      "steady_state_nvml_process_bytes": {
        "count": 1,
        "median": 71057801216.0,
        "mean": 71057801216.0,
        "min": 71057801216.0,
        "max": 71057801216.0,
        "p05": 71057801216.0,
        "p95": 71057801216.0
      },
      "ttft_seconds": {
        "count": 1,
        "median": 1.5829093190841377,
        "mean": 1.5829093190841377,
        "min": 1.5829093190841377,
        "max": 1.5829093190841377,
        "p05": 1.5829093190841377,
        "p95": 1.5829093190841377
      },
      "median_tpot_seconds": {
        "count": 1,
        "median": 0.25434107310138643,
        "mean": 0.25434107310138643,
        "min": 0.25434107310138643,
        "max": 0.25434107310138643,
        "p05": 0.25434107310138643,
        "p95": 0.25434107310138643
      },
      "throughput_tokens_per_second": {
        "count": 1,
        "median": 0.9562096772687172,
        "mean": 0.9562096772687172,
        "min": 0.9562096772687172,
        "max": 0.9562096772687172,
        "p05": 0.9562096772687172,
        "p95": 0.9562096772687172
      },
      "max_resident_documents_store_only": {
        "count": 1,
        "median": 1294.0,
        "mean": 1294.0,
        "min": 1294.0,
        "max": 1294.0,
        "p05": 1294.0,
        "p95": 1294.0
      },
      "max_resident_documents_with_one_active_request": {
        "count": 1,
        "median": 1280.0,
        "mean": 1280.0,
        "min": 1280.0,
        "max": 1280.0,
        "p05": 1280.0,
        "p95": 1280.0
      },
      "f1": {
        "count": 1,
        "median": 0.0,
        "mean": 0.0,
        "min": 0.0,
        "max": 0.0,
        "p05": 0.0,
        "p95": 0.0
      }
    },
    {
      "dataset": "2wikimqa",
      "config": "qcomem-d7-r16-a16-l16",
      "document_tokens": 4050,
      "measurements": 1,
      "write_build_seconds": {
        "count": 1,
        "median": 0.1905390089377761,
        "mean": 0.1905390089377761,
        "min": 0.1905390089377761,
        "max": 0.1905390089377761,
        "p05": 0.1905390089377761,
        "p95": 0.1905390089377761
      },
      "persistent_document_nbytes": {
        "count": 1,
        "median": 37859328.0,
        "mean": 37859328.0,
        "min": 37859328.0,
        "max": 37859328.0,
        "p05": 37859328.0,
        "p95": 37859328.0
      },
      "persistent_materialized_staging_nbytes": {
        "count": 1,
        "median": 37859328.0,
        "mean": 37859328.0,
        "min": 37859328.0,
        "max": 37859328.0,
        "p05": 37859328.0,
        "p95": 37859328.0
      },
      "persistent_total_resident_nbytes": {
        "count": 1,
        "median": 59129856.0,
        "mean": 59129856.0,
        "min": 59129856.0,
        "max": 59129856.0,
        "p05": 59129856.0,
        "p95": 59129856.0
      },
      "capacity_document_denominator_nbytes": {
        "count": 1,
        "median": 59129856.0,
        "mean": 59129856.0,
        "min": 59129856.0,
        "max": 59129856.0,
        "p05": 59129856.0,
        "p95": 59129856.0
      },
      "selected_fork_active_state_peak_nbytes": {
        "count": 1,
        "median": 37953536.0,
        "mean": 37953536.0,
        "min": 37953536.0,
        "max": 37953536.0,
        "p05": 37953536.0,
        "p95": 37953536.0
      },
      "selected_fork_active_state_steady_nbytes": {
        "count": 1,
        "median": 21377024.0,
        "mean": 21377024.0,
        "min": 21377024.0,
        "max": 21377024.0,
        "p05": 21377024.0,
        "p95": 21377024.0
      },
      "cow_initial_shared_nbytes": {
        "count": 1,
        "median": 24883200.0,
        "mean": 24883200.0,
        "min": 24883200.0,
        "max": 24883200.0,
        "p05": 24883200.0,
        "p95": 24883200.0
      },
      "cow_initial_private_nbytes": {
        "count": 1,
        "median": 12976128.0,
        "mean": 12976128.0,
        "min": 12976128.0,
        "max": 12976128.0,
        "p05": 12976128.0,
        "p95": 12976128.0
      },
      "cow_after_query_shared_nbytes": {
        "count": 1,
        "median": 16588800.0,
        "mean": 16588800.0,
        "min": 16588800.0,
        "max": 16588800.0,
        "p05": 16588800.0,
        "p95": 16588800.0
      },
      "cow_after_query_private_nbytes": {
        "count": 1,
        "median": 21364736.0,
        "mean": 21364736.0,
        "min": 21364736.0,
        "max": 21364736.0,
        "p05": 21364736.0,
        "p95": 21364736.0
      },
      "cow_final_shared_nbytes": {
        "count": 1,
        "median": 0.0,
        "mean": 0.0,
        "min": 0.0,
        "max": 0.0,
        "p05": 0.0,
        "p95": 0.0
      },
      "cow_final_private_nbytes": {
        "count": 1,
        "median": 21377024.0,
        "mean": 21377024.0,
        "min": 21377024.0,
        "max": 21377024.0,
        "p05": 21377024.0,
        "p95": 21377024.0
      },
      "decode_kv_peak_nbytes": {
        "count": 1,
        "median": 127619072.0,
        "mean": 127619072.0,
        "min": 127619072.0,
        "max": 127619072.0,
        "p05": 127619072.0,
        "p95": 127619072.0
      },
      "decode_kv_steady_nbytes": {
        "count": 1,
        "median": 127567872.0,
        "mean": 127567872.0,
        "min": 127567872.0,
        "max": 127567872.0,
        "p05": 127567872.0,
        "p95": 127567872.0
      },
      "cuda_peak_allocated_bytes": {
        "count": 1,
        "median": 70444782080.0,
        "mean": 70444782080.0,
        "min": 70444782080.0,
        "max": 70444782080.0,
        "p05": 70444782080.0,
        "p95": 70444782080.0
      },
      "cuda_peak_reserved_bytes": {
        "count": 1,
        "median": 70575456256.0,
        "mean": 70575456256.0,
        "min": 70575456256.0,
        "max": 70575456256.0,
        "p05": 70575456256.0,
        "p95": 70575456256.0
      },
      "steady_state_cuda_allocated_bytes": {
        "count": 1,
        "median": 69592273408.0,
        "mean": 69592273408.0,
        "min": 69592273408.0,
        "max": 69592273408.0,
        "p05": 69592273408.0,
        "p95": 69592273408.0
      },
      "steady_state_cuda_reserved_bytes": {
        "count": 1,
        "median": 70575456256.0,
        "mean": 70575456256.0,
        "min": 70575456256.0,
        "max": 70575456256.0,
        "p05": 70575456256.0,
        "p95": 70575456256.0
      },
      "nvml_sampled_peak_process_bytes": {
        "count": 1,
        "median": 71049412608.0,
        "mean": 71049412608.0,
        "min": 71049412608.0,
        "max": 71049412608.0,
        "p05": 71049412608.0,
        "p95": 71049412608.0
      },
      "steady_state_nvml_process_bytes": {
        "count": 1,
        "median": 71047315456.0,
        "mean": 71047315456.0,
        "min": 71047315456.0,
        "max": 71047315456.0,
        "p05": 71047315456.0,
        "p95": 71047315456.0
      },
      "ttft_seconds": {
        "count": 1,
        "median": 1.6040607392787933,
        "mean": 1.6040607392787933,
        "min": 1.6040607392787933,
        "max": 1.6040607392787933,
        "p05": 1.6040607392787933,
        "p95": 1.6040607392787933
      },
      "median_tpot_seconds": {
        "count": 1,
        "median": 0.08782827318646014,
        "mean": 0.08782827318646014,
        "min": 0.08782827318646014,
        "max": 0.08782827318646014,
        "p05": 0.08782827318646014,
        "p95": 0.08782827318646014
      },
      "throughput_tokens_per_second": {
        "count": 1,
        "median": 2.4421925347264613,
        "mean": 2.4421925347264613,
        "min": 2.4421925347264613,
        "max": 2.4421925347264613,
        "p05": 2.4421925347264613,
        "p95": 2.4421925347264613
      },
      "max_resident_documents_store_only": {
        "count": 1,
        "median": 1293.0,
        "mean": 1293.0,
        "min": 1293.0,
        "max": 1293.0,
        "p05": 1293.0,
        "p95": 1293.0
      },
      "max_resident_documents_with_one_active_request": {
        "count": 1,
        "median": 1280.0,
        "mean": 1280.0,
        "min": 1280.0,
        "max": 1280.0,
        "p05": 1280.0,
        "p95": 1280.0
      },
      "f1": {
        "count": 1,
        "median": 0.8571428571428571,
        "mean": 0.8571428571428571,
        "min": 0.8571428571428571,
        "max": 0.8571428571428571,
        "p05": 0.8571428571428571,
        "p95": 0.8571428571428571
      }
    },
    {
      "dataset": "qasper",
      "config": "full-prefix-q16",
      "document_tokens": 3448,
      "measurements": 1,
      "write_build_seconds": {
        "count": 1,
        "median": 0.5523738260380924,
        "mean": 0.5523738260380924,
        "min": 0.5523738260380924,
        "max": 0.5523738260380924,
        "p05": 0.5523738260380924,
        "p95": 0.5523738260380924
      },
      "persistent_document_nbytes": {
        "count": 1,
        "median": 135495680.0,
        "mean": 135495680.0,
        "min": 135495680.0,
        "max": 135495680.0,
        "p05": 135495680.0,
        "p95": 135495680.0
      },
      "persistent_materialized_staging_nbytes": {
        "count": 1,
        "median": 0.0,
        "mean": 0.0,
        "min": 0.0,
        "max": 0.0,
        "p05": 0.0,
        "p95": 0.0
      },
      "persistent_total_resident_nbytes": {
        "count": 1,
        "median": 135495680.0,
        "mean": 135495680.0,
        "min": 135495680.0,
        "max": 135495680.0,
        "p05": 135495680.0,
        "p95": 135495680.0
      },
      "capacity_document_denominator_nbytes": {
        "count": 1,
        "median": 135495680.0,
        "mean": 135495680.0,
        "min": 135495680.0,
        "max": 135495680.0,
        "p05": 135495680.0,
        "p95": 135495680.0
      },
      "selected_fork_active_state_peak_nbytes": {
        "count": 1,
        "median": 135495680.0,
        "mean": 135495680.0,
        "min": 135495680.0,
        "max": 135495680.0,
        "p05": 135495680.0,
        "p95": 135495680.0
      },
      "selected_fork_active_state_steady_nbytes": {
        "count": 1,
        "median": 135495680.0,
        "mean": 135495680.0,
        "min": 135495680.0,
        "max": 135495680.0,
        "p05": 135495680.0,
        "p95": 135495680.0
      },
      "cow_initial_shared_nbytes": {
        "count": 0,
        "median": null,
        "mean": null,
        "min": null,
        "max": null,
        "p05": null,
        "p95": null
      },
      "cow_initial_private_nbytes": {
        "count": 0,
        "median": null,
        "mean": null,
        "min": null,
        "max": null,
        "p05": null,
        "p95": null
      },
      "cow_after_query_shared_nbytes": {
        "count": 0,
        "median": null,
        "mean": null,
        "min": null,
        "max": null,
        "p05": null,
        "p95": null
      },
      "cow_after_query_private_nbytes": {
        "count": 0,
        "median": null,
        "mean": null,
        "min": null,
        "max": null,
        "p05": null,
        "p95": null
      },
      "cow_final_shared_nbytes": {
        "count": 0,
        "median": null,
        "mean": null,
        "min": null,
        "max": null,
        "p05": null,
        "p95": null
      },
      "cow_final_private_nbytes": {
        "count": 0,
        "median": null,
        "mean": null,
        "min": null,
        "max": null,
        "p05": null,
        "p95": null
      },
      "decode_kv_peak_nbytes": {
        "count": 1,
        "median": 2252800.0,
        "mean": 2252800.0,
        "min": 2252800.0,
        "max": 2252800.0,
        "p05": 2252800.0,
        "p95": 2252800.0
      },
      "decode_kv_steady_nbytes": {
        "count": 1,
        "median": 2191360.0,
        "mean": 2191360.0,
        "min": 2191360.0,
        "max": 2191360.0,
        "p05": 2191360.0,
        "p95": 2191360.0
      },
      "cuda_peak_allocated_bytes": {
        "count": 1,
        "median": 69830576640.0,
        "mean": 69830576640.0,
        "min": 69830576640.0,
        "max": 69830576640.0,
        "p05": 69830576640.0,
        "p95": 69830576640.0
      },
      "cuda_peak_reserved_bytes": {
        "count": 1,
        "median": 69891784704.0,
        "mean": 69891784704.0,
        "min": 69891784704.0,
        "max": 69891784704.0,
        "p05": 69891784704.0,
        "p95": 69891784704.0
      },
      "steady_state_cuda_allocated_bytes": {
        "count": 1,
        "median": 69767605248.0,
        "mean": 69767605248.0,
        "min": 69767605248.0,
        "max": 69767605248.0,
        "p05": 69767605248.0,
        "p95": 69767605248.0
      },
      "steady_state_cuda_reserved_bytes": {
        "count": 1,
        "median": 69891784704.0,
        "mean": 69891784704.0,
        "min": 69891784704.0,
        "max": 69891784704.0,
        "p05": 69891784704.0,
        "p95": 69891784704.0
      },
      "nvml_sampled_peak_process_bytes": {
        "count": 1,
        "median": 70365741056.0,
        "mean": 70365741056.0,
        "min": 70365741056.0,
        "max": 70365741056.0,
        "p05": 70365741056.0,
        "p95": 70365741056.0
      },
      "steady_state_nvml_process_bytes": {
        "count": 1,
        "median": 70365741056.0,
        "mean": 70365741056.0,
        "min": 70365741056.0,
        "max": 70365741056.0,
        "p05": 70365741056.0,
        "p95": 70365741056.0
      },
      "ttft_seconds": {
        "count": 1,
        "median": 0.18961340794339776,
        "mean": 0.18961340794339776,
        "min": 0.18961340794339776,
        "max": 0.18961340794339776,
        "p05": 0.18961340794339776,
        "p95": 0.18961340794339776
      },
      "median_tpot_seconds": {
        "count": 1,
        "median": 0.05785589711740613,
        "mean": 0.05785589711740613,
        "min": 0.05785589711740613,
        "max": 0.05785589711740613,
        "p05": 0.05785589711740613,
        "p95": 0.05785589711740613
      },
      "throughput_tokens_per_second": {
        "count": 1,
        "median": 13.429319962410656,
        "mean": 13.429319962410656,
        "min": 13.429319962410656,
        "max": 13.429319962410656,
        "p05": 13.429319962410656,
        "p95": 13.429319962410656
      },
      "max_resident_documents_store_only": {
        "count": 1,
        "median": 564.0,
        "mean": 564.0,
        "min": 564.0,
        "max": 564.0,
        "p05": 564.0,
        "p95": 564.0
      },
      "max_resident_documents_with_one_active_request": {
        "count": 1,
        "median": 562.0,
        "mean": 562.0,
        "min": 562.0,
        "max": 562.0,
        "p05": 562.0,
        "p95": 562.0
      },
      "f1": {
        "count": 1,
        "median": 0.2222222222222222,
        "mean": 0.2222222222222222,
        "min": 0.2222222222222222,
        "max": 0.2222222222222222,
        "p05": 0.2222222222222222,
        "p95": 0.2222222222222222
      }
    },
    {
      "dataset": "qasper",
      "config": "full-prefix-q16",
      "document_tokens": 3997,
      "measurements": 1,
      "write_build_seconds": {
        "count": 1,
        "median": 0.6359511348418891,
        "mean": 0.6359511348418891,
        "min": 0.6359511348418891,
        "max": 0.6359511348418891,
        "p05": 0.6359511348418891,
        "p95": 0.6359511348418891
      },
      "persistent_document_nbytes": {
        "count": 1,
        "median": 146739200.0,
        "mean": 146739200.0,
        "min": 146739200.0,
        "max": 146739200.0,
        "p05": 146739200.0,
        "p95": 146739200.0
      },
      "persistent_materialized_staging_nbytes": {
        "count": 1,
        "median": 0.0,
        "mean": 0.0,
        "min": 0.0,
        "max": 0.0,
        "p05": 0.0,
        "p95": 0.0
      },
      "persistent_total_resident_nbytes": {
        "count": 1,
        "median": 146739200.0,
        "mean": 146739200.0,
        "min": 146739200.0,
        "max": 146739200.0,
        "p05": 146739200.0,
        "p95": 146739200.0
      },
      "capacity_document_denominator_nbytes": {
        "count": 1,
        "median": 146739200.0,
        "mean": 146739200.0,
        "min": 146739200.0,
        "max": 146739200.0,
        "p05": 146739200.0,
        "p95": 146739200.0
      },
      "selected_fork_active_state_peak_nbytes": {
        "count": 1,
        "median": 146739200.0,
        "mean": 146739200.0,
        "min": 146739200.0,
        "max": 146739200.0,
        "p05": 146739200.0,
        "p95": 146739200.0
      },
      "selected_fork_active_state_steady_nbytes": {
        "count": 1,
        "median": 146739200.0,
        "mean": 146739200.0,
        "min": 146739200.0,
        "max": 146739200.0,
        "p05": 146739200.0,
        "p95": 146739200.0
      },
      "cow_initial_shared_nbytes": {
        "count": 0,
        "median": null,
        "mean": null,
        "min": null,
        "max": null,
        "p05": null,
        "p95": null
      },
      "cow_initial_private_nbytes": {
        "count": 0,
        "median": null,
        "mean": null,
        "min": null,
        "max": null,
        "p05": null,
        "p95": null
      },
      "cow_after_query_shared_nbytes": {
        "count": 0,
        "median": null,
        "mean": null,
        "min": null,
        "max": null,
        "p05": null,
        "p95": null
      },
      "cow_after_query_private_nbytes": {
        "count": 0,
        "median": null,
        "mean": null,
        "min": null,
        "max": null,
        "p05": null,
        "p95": null
      },
      "cow_final_shared_nbytes": {
        "count": 0,
        "median": null,
        "mean": null,
        "min": null,
        "max": null,
        "p05": null,
        "p95": null
      },
      "cow_final_private_nbytes": {
        "count": 0,
        "median": null,
        "mean": null,
        "min": null,
        "max": null,
        "p05": null,
        "p95": null
      },
      "decode_kv_peak_nbytes": {
        "count": 1,
        "median": 2170880.0,
        "mean": 2170880.0,
        "min": 2170880.0,
        "max": 2170880.0,
        "p05": 2170880.0,
        "p95": 2170880.0
      },
      "decode_kv_steady_nbytes": {
        "count": 1,
        "median": 2109440.0,
        "mean": 2109440.0,
        "min": 2109440.0,
        "max": 2109440.0,
        "p05": 2109440.0,
        "p95": 2109440.0
      },
      "cuda_peak_allocated_bytes": {
        "count": 1,
        "median": 69880772608.0,
        "mean": 69880772608.0,
        "min": 69880772608.0,
        "max": 69880772608.0,
        "p05": 69880772608.0,
        "p95": 69880772608.0
      },
      "cuda_peak_reserved_bytes": {
        "count": 1,
        "median": 69916950528.0,
        "mean": 69916950528.0,
        "min": 69916950528.0,
        "max": 69916950528.0,
        "p05": 69916950528.0,
        "p95": 69916950528.0
      },
      "steady_state_cuda_allocated_bytes": {
        "count": 1,
        "median": 69809327104.0,
        "mean": 69809327104.0,
        "min": 69809327104.0,
        "max": 69809327104.0,
        "p05": 69809327104.0,
        "p95": 69809327104.0
      },
      "steady_state_cuda_reserved_bytes": {
        "count": 1,
        "median": 69916950528.0,
        "mean": 69916950528.0,
        "min": 69916950528.0,
        "max": 69916950528.0,
        "p05": 69916950528.0,
        "p95": 69916950528.0
      },
      "nvml_sampled_peak_process_bytes": {
        "count": 1,
        "median": 70390906880.0,
        "mean": 70390906880.0,
        "min": 70390906880.0,
        "max": 70390906880.0,
        "p05": 70390906880.0,
        "p95": 70390906880.0
      },
      "steady_state_nvml_process_bytes": {
        "count": 1,
        "median": 70390906880.0,
        "mean": 70390906880.0,
        "min": 70390906880.0,
        "max": 70390906880.0,
        "p05": 70390906880.0,
        "p95": 70390906880.0
      },
      "ttft_seconds": {
        "count": 1,
        "median": 0.1770941992290318,
        "mean": 0.1770941992290318,
        "min": 0.1770941992290318,
        "max": 0.1770941992290318,
        "p05": 0.1770941992290318,
        "p95": 0.1770941992290318
      },
      "median_tpot_seconds": {
        "count": 1,
        "median": 0.05682724015787244,
        "mean": 0.05682724015787244,
        "min": 0.05682724015787244,
        "max": 0.05682724015787244,
        "p05": 0.05682724015787244,
        "p95": 0.05682724015787244
      },
      "throughput_tokens_per_second": {
        "count": 1,
        "median": 13.864535909396418,
        "mean": 13.864535909396418,
        "min": 13.864535909396418,
        "max": 13.864535909396418,
        "p05": 13.864535909396418,
        "p95": 13.864535909396418
      },
      "max_resident_documents_store_only": {
        "count": 1,
        "median": 521.0,
        "mean": 521.0,
        "min": 521.0,
        "max": 521.0,
        "p05": 521.0,
        "p95": 521.0
      },
      "max_resident_documents_with_one_active_request": {
        "count": 1,
        "median": 519.0,
        "mean": 519.0,
        "min": 519.0,
        "max": 519.0,
        "p05": 519.0,
        "p95": 519.0
      },
      "f1": {
        "count": 1,
        "median": 0.1,
        "mean": 0.1,
        "min": 0.1,
        "max": 0.1,
        "p05": 0.1,
        "p95": 0.1
      }
    },
    {
      "dataset": "qasper",
      "config": "full-prefix-q16",
      "document_tokens": 3999,
      "measurements": 1,
      "write_build_seconds": {
        "count": 1,
        "median": 0.6332620228640735,
        "mean": 0.6332620228640735,
        "min": 0.6332620228640735,
        "max": 0.6332620228640735,
        "p05": 0.6332620228640735,
        "p95": 0.6332620228640735
      },
      "persistent_document_nbytes": {
        "count": 1,
        "median": 146780160.0,
        "mean": 146780160.0,
        "min": 146780160.0,
        "max": 146780160.0,
        "p05": 146780160.0,
        "p95": 146780160.0
      },
      "persistent_materialized_staging_nbytes": {
        "count": 1,
        "median": 0.0,
        "mean": 0.0,
        "min": 0.0,
        "max": 0.0,
        "p05": 0.0,
        "p95": 0.0
      },
      "persistent_total_resident_nbytes": {
        "count": 1,
        "median": 146780160.0,
        "mean": 146780160.0,
        "min": 146780160.0,
        "max": 146780160.0,
        "p05": 146780160.0,
        "p95": 146780160.0
      },
      "capacity_document_denominator_nbytes": {
        "count": 1,
        "median": 146780160.0,
        "mean": 146780160.0,
        "min": 146780160.0,
        "max": 146780160.0,
        "p05": 146780160.0,
        "p95": 146780160.0
      },
      "selected_fork_active_state_peak_nbytes": {
        "count": 1,
        "median": 146780160.0,
        "mean": 146780160.0,
        "min": 146780160.0,
        "max": 146780160.0,
        "p05": 146780160.0,
        "p95": 146780160.0
      },
      "selected_fork_active_state_steady_nbytes": {
        "count": 1,
        "median": 146780160.0,
        "mean": 146780160.0,
        "min": 146780160.0,
        "max": 146780160.0,
        "p05": 146780160.0,
        "p95": 146780160.0
      },
      "cow_initial_shared_nbytes": {
        "count": 0,
        "median": null,
        "mean": null,
        "min": null,
        "max": null,
        "p05": null,
        "p95": null
      },
      "cow_initial_private_nbytes": {
        "count": 0,
        "median": null,
        "mean": null,
        "min": null,
        "max": null,
        "p05": null,
        "p95": null
      },
      "cow_after_query_shared_nbytes": {
        "count": 0,
        "median": null,
        "mean": null,
        "min": null,
        "max": null,
        "p05": null,
        "p95": null
      },
      "cow_after_query_private_nbytes": {
        "count": 0,
        "median": null,
        "mean": null,
        "min": null,
        "max": null,
        "p05": null,
        "p95": null
      },
      "cow_final_shared_nbytes": {
        "count": 0,
        "median": null,
        "mean": null,
        "min": null,
        "max": null,
        "p05": null,
        "p95": null
      },
      "cow_final_private_nbytes": {
        "count": 0,
        "median": null,
        "mean": null,
        "min": null,
        "max": null,
        "p05": null,
        "p95": null
      },
      "decode_kv_peak_nbytes": {
        "count": 1,
        "median": 2129920.0,
        "mean": 2129920.0,
        "min": 2129920.0,
        "max": 2129920.0,
        "p05": 2129920.0,
        "p95": 2129920.0
      },
      "decode_kv_steady_nbytes": {
        "count": 1,
        "median": 2068480.0,
        "mean": 2068480.0,
        "min": 2068480.0,
        "max": 2068480.0,
        "p05": 2068480.0,
        "p95": 2068480.0
      },
      "cuda_peak_allocated_bytes": {
        "count": 1,
        "median": 69841884160.0,
        "mean": 69841884160.0,
        "min": 69841884160.0,
        "max": 69841884160.0,
        "p05": 69841884160.0,
        "p95": 69841884160.0
      },
      "cuda_peak_reserved_bytes": {
        "count": 1,
        "median": 69937922048.0,
        "mean": 69937922048.0,
        "min": 69937922048.0,
        "max": 69937922048.0,
        "p05": 69937922048.0,
        "p95": 69937922048.0
      },
      "steady_state_cuda_allocated_bytes": {
        "count": 1,
        "median": 69770522112.0,
        "mean": 69770522112.0,
        "min": 69770522112.0,
        "max": 69770522112.0,
        "p05": 69770522112.0,
        "p95": 69770522112.0
      },
      "steady_state_cuda_reserved_bytes": {
        "count": 1,
        "median": 69937922048.0,
        "mean": 69937922048.0,
        "min": 69937922048.0,
        "max": 69937922048.0,
        "p05": 69937922048.0,
        "p95": 69937922048.0
      },
      "nvml_sampled_peak_process_bytes": {
        "count": 1,
        "median": 70411878400.0,
        "mean": 70411878400.0,
        "min": 70411878400.0,
        "max": 70411878400.0,
        "p05": 70411878400.0,
        "p95": 70411878400.0
      },
      "steady_state_nvml_process_bytes": {
        "count": 1,
        "median": 70411878400.0,
        "mean": 70411878400.0,
        "min": 70411878400.0,
        "max": 70411878400.0,
        "p05": 70411878400.0,
        "p95": 70411878400.0
      },
      "ttft_seconds": {
        "count": 1,
        "median": 0.18047041539102793,
        "mean": 0.18047041539102793,
        "min": 0.18047041539102793,
        "max": 0.18047041539102793,
        "p05": 0.18047041539102793,
        "p95": 0.18047041539102793
      },
      "median_tpot_seconds": {
        "count": 1,
        "median": 0.05092590115964413,
        "mean": 0.05092590115964413,
        "min": 0.05092590115964413,
        "max": 0.05092590115964413,
        "p05": 0.05092590115964413,
        "p95": 0.05092590115964413
      },
      "throughput_tokens_per_second": {
        "count": 1,
        "median": 14.888012422555098,
        "mean": 14.888012422555098,
        "min": 14.888012422555098,
        "max": 14.888012422555098,
        "p05": 14.888012422555098,
        "p95": 14.888012422555098
      },
      "max_resident_documents_store_only": {
        "count": 1,
        "median": 521.0,
        "mean": 521.0,
        "min": 521.0,
        "max": 521.0,
        "p05": 521.0,
        "p95": 521.0
      },
      "max_resident_documents_with_one_active_request": {
        "count": 1,
        "median": 519.0,
        "mean": 519.0,
        "min": 519.0,
        "max": 519.0,
        "p05": 519.0,
        "p95": 519.0
      },
      "f1": {
        "count": 1,
        "median": 0.23529411764705882,
        "mean": 0.23529411764705882,
        "min": 0.23529411764705882,
        "max": 0.23529411764705882,
        "p05": 0.23529411764705882,
        "p95": 0.23529411764705882
      }
    },
    {
      "dataset": "qasper",
      "config": "full-prefix-q16",
      "document_tokens": 4000,
      "measurements": 1,
      "write_build_seconds": {
        "count": 1,
        "median": 0.6413374398835003,
        "mean": 0.6413374398835003,
        "min": 0.6413374398835003,
        "max": 0.6413374398835003,
        "p05": 0.6413374398835003,
        "p95": 0.6413374398835003
      },
      "persistent_document_nbytes": {
        "count": 1,
        "median": 146800640.0,
        "mean": 146800640.0,
        "min": 146800640.0,
        "max": 146800640.0,
        "p05": 146800640.0,
        "p95": 146800640.0
      },
      "persistent_materialized_staging_nbytes": {
        "count": 1,
        "median": 0.0,
        "mean": 0.0,
        "min": 0.0,
        "max": 0.0,
        "p05": 0.0,
        "p95": 0.0
      },
      "persistent_total_resident_nbytes": {
        "count": 1,
        "median": 146800640.0,
        "mean": 146800640.0,
        "min": 146800640.0,
        "max": 146800640.0,
        "p05": 146800640.0,
        "p95": 146800640.0
      },
      "capacity_document_denominator_nbytes": {
        "count": 1,
        "median": 146800640.0,
        "mean": 146800640.0,
        "min": 146800640.0,
        "max": 146800640.0,
        "p05": 146800640.0,
        "p95": 146800640.0
      },
      "selected_fork_active_state_peak_nbytes": {
        "count": 1,
        "median": 146800640.0,
        "mean": 146800640.0,
        "min": 146800640.0,
        "max": 146800640.0,
        "p05": 146800640.0,
        "p95": 146800640.0
      },
      "selected_fork_active_state_steady_nbytes": {
        "count": 1,
        "median": 146800640.0,
        "mean": 146800640.0,
        "min": 146800640.0,
        "max": 146800640.0,
        "p05": 146800640.0,
        "p95": 146800640.0
      },
      "cow_initial_shared_nbytes": {
        "count": 0,
        "median": null,
        "mean": null,
        "min": null,
        "max": null,
        "p05": null,
        "p95": null
      },
      "cow_initial_private_nbytes": {
        "count": 0,
        "median": null,
        "mean": null,
        "min": null,
        "max": null,
        "p05": null,
        "p95": null
      },
      "cow_after_query_shared_nbytes": {
        "count": 0,
        "median": null,
        "mean": null,
        "min": null,
        "max": null,
        "p05": null,
        "p95": null
      },
      "cow_after_query_private_nbytes": {
        "count": 0,
        "median": null,
        "mean": null,
        "min": null,
        "max": null,
        "p05": null,
        "p95": null
      },
      "cow_final_shared_nbytes": {
        "count": 0,
        "median": null,
        "mean": null,
        "min": null,
        "max": null,
        "p05": null,
        "p95": null
      },
      "cow_final_private_nbytes": {
        "count": 0,
        "median": null,
        "mean": null,
        "min": null,
        "max": null,
        "p05": null,
        "p95": null
      },
      "decode_kv_peak_nbytes": {
        "count": 1,
        "median": 2109440.0,
        "mean": 2109440.0,
        "min": 2109440.0,
        "max": 2109440.0,
        "p05": 2109440.0,
        "p95": 2109440.0
      },
      "decode_kv_steady_nbytes": {
        "count": 1,
        "median": 2048000.0,
        "mean": 2048000.0,
        "min": 2048000.0,
        "max": 2048000.0,
        "p05": 2048000.0,
        "p95": 2048000.0
      },
      "cuda_peak_allocated_bytes": {
        "count": 1,
        "median": 69841800192.0,
        "mean": 69841800192.0,
        "min": 69841800192.0,
        "max": 69841800192.0,
        "p05": 69841800192.0,
        "p95": 69841800192.0
      },
      "cuda_peak_reserved_bytes": {
        "count": 1,
        "median": 69937922048.0,
        "mean": 69937922048.0,
        "min": 69937922048.0,
        "max": 69937922048.0,
        "p05": 69937922048.0,
        "p95": 69937922048.0
      },
      "steady_state_cuda_allocated_bytes": {
        "count": 1,
        "median": 69770488320.0,
        "mean": 69770488320.0,
        "min": 69770488320.0,
        "max": 69770488320.0,
        "p05": 69770488320.0,
        "p95": 69770488320.0
      },
      "steady_state_cuda_reserved_bytes": {
        "count": 1,
        "median": 69937922048.0,
        "mean": 69937922048.0,
        "min": 69937922048.0,
        "max": 69937922048.0,
        "p05": 69937922048.0,
        "p95": 69937922048.0
      },
      "nvml_sampled_peak_process_bytes": {
        "count": 1,
        "median": 70411878400.0,
        "mean": 70411878400.0,
        "min": 70411878400.0,
        "max": 70411878400.0,
        "p05": 70411878400.0,
        "p95": 70411878400.0
      },
      "steady_state_nvml_process_bytes": {
        "count": 1,
        "median": 70411878400.0,
        "mean": 70411878400.0,
        "min": 70411878400.0,
        "max": 70411878400.0,
        "p05": 70411878400.0,
        "p95": 70411878400.0
      },
      "ttft_seconds": {
        "count": 1,
        "median": 0.15725477179512382,
        "mean": 0.15725477179512382,
        "min": 0.15725477179512382,
        "max": 0.15725477179512382,
        "p05": 0.15725477179512382,
        "p95": 0.15725477179512382
      },
      "median_tpot_seconds": {
        "count": 1,
        "median": 0.0523481210693717,
        "mean": 0.0523481210693717,
        "min": 0.0523481210693717,
        "max": 0.0523481210693717,
        "p05": 0.0523481210693717,
        "p95": 0.0523481210693717
      },
      "throughput_tokens_per_second": {
        "count": 1,
        "median": 15.210225840806771,
        "mean": 15.210225840806771,
        "min": 15.210225840806771,
        "max": 15.210225840806771,
        "p05": 15.210225840806771,
        "p95": 15.210225840806771
      },
      "max_resident_documents_store_only": {
        "count": 1,
        "median": 521.0,
        "mean": 521.0,
        "min": 521.0,
        "max": 521.0,
        "p05": 521.0,
        "p95": 521.0
      },
      "max_resident_documents_with_one_active_request": {
        "count": 1,
        "median": 519.0,
        "mean": 519.0,
        "min": 519.0,
        "max": 519.0,
        "p05": 519.0,
        "p95": 519.0
      },
      "f1": {
        "count": 1,
        "median": 0.30769230769230765,
        "mean": 0.30769230769230765,
        "min": 0.30769230769230765,
        "max": 0.30769230769230765,
        "p05": 0.30769230769230765,
        "p95": 0.30769230769230765
      }
    },
    {
      "dataset": "qasper",
      "config": "qcomem-d7-frozen-static",
      "document_tokens": 3448,
      "measurements": 1,
      "write_build_seconds": {
        "count": 1,
        "median": 0.16743991989642382,
        "mean": 0.16743991989642382,
        "min": 0.16743991989642382,
        "max": 0.16743991989642382,
        "p05": 0.16743991989642382,
        "p95": 0.16743991989642382
      },
      "persistent_document_nbytes": {
        "count": 1,
        "median": 9509376.0,
        "mean": 9509376.0,
        "min": 9509376.0,
        "max": 9509376.0,
        "p05": 9509376.0,
        "p95": 9509376.0
      },
      "persistent_materialized_staging_nbytes": {
        "count": 1,
        "median": 34160640.0,
        "mean": 34160640.0,
        "min": 34160640.0,
        "max": 34160640.0,
        "p05": 34160640.0,
        "p95": 34160640.0
      },
      "persistent_total_resident_nbytes": {
        "count": 1,
        "median": 43670016.0,
        "mean": 43670016.0,
        "min": 43670016.0,
        "max": 43670016.0,
        "p05": 43670016.0,
        "p95": 43670016.0
      },
      "capacity_document_denominator_nbytes": {
        "count": 1,
        "median": 43670016.0,
        "mean": 43670016.0,
        "min": 43670016.0,
        "max": 43670016.0,
        "p05": 43670016.0,
        "p95": 43670016.0
      },
      "selected_fork_active_state_peak_nbytes": {
        "count": 1,
        "median": 34371584.0,
        "mean": 34371584.0,
        "min": 34371584.0,
        "max": 34371584.0,
        "p05": 34371584.0,
        "p95": 34371584.0
      },
      "selected_fork_active_state_steady_nbytes": {
        "count": 1,
        "median": 20262912.0,
        "mean": 20262912.0,
        "min": 20262912.0,
        "max": 20262912.0,
        "p05": 20262912.0,
        "p95": 20262912.0
      },
      "cow_initial_shared_nbytes": {
        "count": 1,
        "median": 21184512.0,
        "mean": 21184512.0,
        "min": 21184512.0,
        "max": 21184512.0,
        "p05": 21184512.0,
        "p95": 21184512.0
      },
      "cow_initial_private_nbytes": {
        "count": 1,
        "median": 12976128.0,
        "mean": 12976128.0,
        "min": 12976128.0,
        "max": 12976128.0,
        "p05": 12976128.0,
        "p95": 12976128.0
      },
      "cow_after_query_shared_nbytes": {
        "count": 1,
        "median": 14123008.0,
        "mean": 14123008.0,
        "min": 14123008.0,
        "max": 14123008.0,
        "p05": 14123008.0,
        "p95": 14123008.0
      },
      "cow_after_query_private_nbytes": {
        "count": 1,
        "median": 20248576.0,
        "mean": 20248576.0,
        "min": 20248576.0,
        "max": 20248576.0,
        "p05": 20248576.0,
        "p95": 20248576.0
      },
      "cow_final_shared_nbytes": {
        "count": 1,
        "median": 0.0,
        "mean": 0.0,
        "min": 0.0,
        "max": 0.0,
        "p05": 0.0,
        "p95": 0.0
      },
      "cow_final_private_nbytes": {
        "count": 1,
        "median": 20262912.0,
        "mean": 20262912.0,
        "min": 20262912.0,
        "max": 20262912.0,
        "p05": 20262912.0,
        "p95": 20262912.0
      },
      "decode_kv_peak_nbytes": {
        "count": 1,
        "median": 117710848.0,
        "mean": 117710848.0,
        "min": 117710848.0,
        "max": 117710848.0,
        "p05": 117710848.0,
        "p95": 117710848.0
      },
      "decode_kv_steady_nbytes": {
        "count": 1,
        "median": 117649408.0,
        "mean": 117649408.0,
        "min": 117649408.0,
        "max": 117649408.0,
        "p05": 117649408.0,
        "p95": 117649408.0
      },
      "cuda_peak_allocated_bytes": {
        "count": 1,
        "median": 70311179264.0,
        "mean": 70311179264.0,
        "min": 70311179264.0,
        "max": 70311179264.0,
        "p05": 70311179264.0,
        "p95": 70311179264.0
      },
      "cuda_peak_reserved_bytes": {
        "count": 1,
        "median": 70449627136.0,
        "mean": 70449627136.0,
        "min": 70449627136.0,
        "max": 70449627136.0,
        "p05": 70449627136.0,
        "p95": 70449627136.0
      },
      "steady_state_cuda_allocated_bytes": {
        "count": 1,
        "median": 69593159168.0,
        "mean": 69593159168.0,
        "min": 69593159168.0,
        "max": 69593159168.0,
        "p05": 69593159168.0,
        "p95": 69593159168.0
      },
      "steady_state_cuda_reserved_bytes": {
        "count": 1,
        "median": 70449627136.0,
        "mean": 70449627136.0,
        "min": 70449627136.0,
        "max": 70449627136.0,
        "p05": 70449627136.0,
        "p95": 70449627136.0
      },
      "nvml_sampled_peak_process_bytes": {
        "count": 1,
        "median": 70923583488.0,
        "mean": 70923583488.0,
        "min": 70923583488.0,
        "max": 70923583488.0,
        "p05": 70923583488.0,
        "p95": 70923583488.0
      },
      "steady_state_nvml_process_bytes": {
        "count": 1,
        "median": 70923583488.0,
        "mean": 70923583488.0,
        "min": 70923583488.0,
        "max": 70923583488.0,
        "p05": 70923583488.0,
        "p95": 70923583488.0
      },
      "ttft_seconds": {
        "count": 1,
        "median": 1.8600976457819343,
        "mean": 1.8600976457819343,
        "min": 1.8600976457819343,
        "max": 1.8600976457819343,
        "p05": 1.8600976457819343,
        "p95": 1.8600976457819343
      },
      "median_tpot_seconds": {
        "count": 1,
        "median": 0.09857825515791774,
        "mean": 0.09857825515791774,
        "min": 0.09857825515791774,
        "max": 0.09857825515791774,
        "p05": 0.09857825515791774,
        "p95": 0.09857825515791774
      },
      "throughput_tokens_per_second": {
        "count": 1,
        "median": 2.801226382596156,
        "mean": 2.801226382596156,
        "min": 2.801226382596156,
        "max": 2.801226382596156,
        "p05": 2.801226382596156,
        "p95": 2.801226382596156
      },
      "max_resident_documents_store_only": {
        "count": 1,
        "median": 1751.0,
        "mean": 1751.0,
        "min": 1751.0,
        "max": 1751.0,
        "p05": 1751.0,
        "p95": 1751.0
      },
      "max_resident_documents_with_one_active_request": {
        "count": 1,
        "median": 1732.0,
        "mean": 1732.0,
        "min": 1732.0,
        "max": 1732.0,
        "p05": 1732.0,
        "p95": 1732.0
      },
      "f1": {
        "count": 1,
        "median": 0.2222222222222222,
        "mean": 0.2222222222222222,
        "min": 0.2222222222222222,
        "max": 0.2222222222222222,
        "p05": 0.2222222222222222,
        "p95": 0.2222222222222222
      }
    },
    {
      "dataset": "qasper",
      "config": "qcomem-d7-frozen-static",
      "document_tokens": 3997,
      "measurements": 1,
      "write_build_seconds": {
        "count": 1,
        "median": 0.1318761962465942,
        "mean": 0.1318761962465942,
        "min": 0.1318761962465942,
        "max": 0.1318761962465942,
        "p05": 0.1318761962465942,
        "p95": 0.1318761962465942
      },
      "persistent_document_nbytes": {
        "count": 1,
        "median": 10458048.0,
        "mean": 10458048.0,
        "min": 10458048.0,
        "max": 10458048.0,
        "p05": 10458048.0,
        "p95": 10458048.0
      },
      "persistent_materialized_staging_nbytes": {
        "count": 1,
        "median": 37533696.0,
        "mean": 37533696.0,
        "min": 37533696.0,
        "max": 37533696.0,
        "p05": 37533696.0,
        "p95": 37533696.0
      },
      "persistent_total_resident_nbytes": {
        "count": 1,
        "median": 47991744.0,
        "mean": 47991744.0,
        "min": 47991744.0,
        "max": 47991744.0,
        "p05": 47991744.0,
        "p95": 47991744.0
      },
      "capacity_document_denominator_nbytes": {
        "count": 1,
        "median": 47991744.0,
        "mean": 47991744.0,
        "min": 47991744.0,
        "max": 47991744.0,
        "p05": 47991744.0,
        "p95": 47991744.0
      },
      "selected_fork_active_state_peak_nbytes": {
        "count": 1,
        "median": 37736448.0,
        "mean": 37736448.0,
        "min": 37736448.0,
        "max": 37736448.0,
        "p05": 37736448.0,
        "p95": 37736448.0
      },
      "selected_fork_active_state_steady_nbytes": {
        "count": 1,
        "median": 21379072.0,
        "mean": 21379072.0,
        "min": 21379072.0,
        "max": 21379072.0,
        "p05": 21379072.0,
        "p95": 21379072.0
      },
      "cow_initial_shared_nbytes": {
        "count": 1,
        "median": 24557568.0,
        "mean": 24557568.0,
        "min": 24557568.0,
        "max": 24557568.0,
        "p05": 24557568.0,
        "p95": 24557568.0
      },
      "cow_initial_private_nbytes": {
        "count": 1,
        "median": 12976128.0,
        "mean": 12976128.0,
        "min": 12976128.0,
        "max": 12976128.0,
        "p05": 12976128.0,
        "p95": 12976128.0
      },
      "cow_after_query_shared_nbytes": {
        "count": 1,
        "median": 16371712.0,
        "mean": 16371712.0,
        "min": 16371712.0,
        "max": 16371712.0,
        "p05": 16371712.0,
        "p95": 16371712.0
      },
      "cow_after_query_private_nbytes": {
        "count": 1,
        "median": 21364736.0,
        "mean": 21364736.0,
        "min": 21364736.0,
        "max": 21364736.0,
        "p05": 21364736.0,
        "p95": 21364736.0
      },
      "cow_final_shared_nbytes": {
        "count": 1,
        "median": 0.0,
        "mean": 0.0,
        "min": 0.0,
        "max": 0.0,
        "p05": 0.0,
        "p95": 0.0
      },
      "cow_final_private_nbytes": {
        "count": 1,
        "median": 21379072.0,
        "mean": 21379072.0,
        "min": 21379072.0,
        "max": 21379072.0,
        "p05": 21379072.0,
        "p95": 21379072.0
      },
      "decode_kv_peak_nbytes": {
        "count": 1,
        "median": 127748096.0,
        "mean": 127748096.0,
        "min": 127748096.0,
        "max": 127748096.0,
        "p05": 127748096.0,
        "p95": 127748096.0
      },
      "decode_kv_steady_nbytes": {
        "count": 1,
        "median": 127686656.0,
        "mean": 127686656.0,
        "min": 127686656.0,
        "max": 127686656.0,
        "p05": 127686656.0,
        "p95": 127686656.0
      },
      "cuda_peak_allocated_bytes": {
        "count": 1,
        "median": 70450216448.0,
        "mean": 70450216448.0,
        "min": 70450216448.0,
        "max": 70450216448.0,
        "p05": 70450216448.0,
        "p95": 70450216448.0
      },
      "cuda_peak_reserved_bytes": {
        "count": 1,
        "median": 70567067648.0,
        "mean": 70567067648.0,
        "min": 70567067648.0,
        "max": 70567067648.0,
        "p05": 70567067648.0,
        "p95": 70567067648.0
      },
      "steady_state_cuda_allocated_bytes": {
        "count": 1,
        "median": 69611253248.0,
        "mean": 69611253248.0,
        "min": 69611253248.0,
        "max": 69611253248.0,
        "p05": 69611253248.0,
        "p95": 69611253248.0
      },
      "steady_state_cuda_reserved_bytes": {
        "count": 1,
        "median": 70567067648.0,
        "mean": 70567067648.0,
        "min": 70567067648.0,
        "max": 70567067648.0,
        "p05": 70567067648.0,
        "p95": 70567067648.0
      },
      "nvml_sampled_peak_process_bytes": {
        "count": 1,
        "median": 71041024000.0,
        "mean": 71041024000.0,
        "min": 71041024000.0,
        "max": 71041024000.0,
        "p05": 71041024000.0,
        "p95": 71041024000.0
      },
      "steady_state_nvml_process_bytes": {
        "count": 1,
        "median": 71041024000.0,
        "mean": 71041024000.0,
        "min": 71041024000.0,
        "max": 71041024000.0,
        "p05": 71041024000.0,
        "p95": 71041024000.0
      },
      "ttft_seconds": {
        "count": 1,
        "median": 0.680231440346688,
        "mean": 0.680231440346688,
        "min": 0.680231440346688,
        "max": 0.680231440346688,
        "p05": 0.680231440346688,
        "p95": 0.680231440346688
      },
      "median_tpot_seconds": {
        "count": 1,
        "median": 0.058156611397862434,
        "mean": 0.058156611397862434,
        "min": 0.058156611397862434,
        "max": 0.058156611397862434,
        "p05": 0.058156611397862434,
        "p95": 0.058156611397862434
      },
      "throughput_tokens_per_second": {
        "count": 1,
        "median": 7.344149428974204,
        "mean": 7.344149428974204,
        "min": 7.344149428974204,
        "max": 7.344149428974204,
        "p05": 7.344149428974204,
        "p95": 7.344149428974204
      },
      "max_resident_documents_store_only": {
        "count": 1,
        "median": 1594.0,
        "mean": 1594.0,
        "min": 1594.0,
        "max": 1594.0,
        "p05": 1594.0,
        "p95": 1594.0
      },
      "max_resident_documents_with_one_active_request": {
        "count": 1,
        "median": 1573.0,
        "mean": 1573.0,
        "min": 1573.0,
        "max": 1573.0,
        "p05": 1573.0,
        "p95": 1573.0
      },
      "f1": {
        "count": 1,
        "median": 0.1,
        "mean": 0.1,
        "min": 0.1,
        "max": 0.1,
        "p05": 0.1,
        "p95": 0.1
      }
    },
    {
      "dataset": "qasper",
      "config": "qcomem-d7-frozen-static",
      "document_tokens": 3999,
      "measurements": 1,
      "write_build_seconds": {
        "count": 1,
        "median": 0.21103443205356598,
        "mean": 0.21103443205356598,
        "min": 0.21103443205356598,
        "max": 0.21103443205356598,
        "p05": 0.21103443205356598,
        "p95": 0.21103443205356598
      },
      "persistent_document_nbytes": {
        "count": 1,
        "median": 10461504.0,
        "mean": 10461504.0,
        "min": 10461504.0,
        "max": 10461504.0,
        "p05": 10461504.0,
        "p95": 10461504.0
      },
      "persistent_materialized_staging_nbytes": {
        "count": 1,
        "median": 37545984.0,
        "mean": 37545984.0,
        "min": 37545984.0,
        "max": 37545984.0,
        "p05": 37545984.0,
        "p95": 37545984.0
      },
      "persistent_total_resident_nbytes": {
        "count": 1,
        "median": 48007488.0,
        "mean": 48007488.0,
        "min": 48007488.0,
        "max": 48007488.0,
        "p05": 48007488.0,
        "p95": 48007488.0
      },
      "capacity_document_denominator_nbytes": {
        "count": 1,
        "median": 48007488.0,
        "mean": 48007488.0,
        "min": 48007488.0,
        "max": 48007488.0,
        "p05": 48007488.0,
        "p95": 48007488.0
      },
      "selected_fork_active_state_peak_nbytes": {
        "count": 1,
        "median": 37744640.0,
        "mean": 37744640.0,
        "min": 37744640.0,
        "max": 37744640.0,
        "p05": 37744640.0,
        "p95": 37744640.0
      },
      "selected_fork_active_state_steady_nbytes": {
        "count": 1,
        "median": 21379072.0,
        "mean": 21379072.0,
        "min": 21379072.0,
        "max": 21379072.0,
        "p05": 21379072.0,
        "p95": 21379072.0
      },
      "cow_initial_shared_nbytes": {
        "count": 1,
        "median": 24569856.0,
        "mean": 24569856.0,
        "min": 24569856.0,
        "max": 24569856.0,
        "p05": 24569856.0,
        "p95": 24569856.0
      },
      "cow_initial_private_nbytes": {
        "count": 1,
        "median": 12976128.0,
        "mean": 12976128.0,
        "min": 12976128.0,
        "max": 12976128.0,
        "p05": 12976128.0,
        "p95": 12976128.0
      },
      "cow_after_query_shared_nbytes": {
        "count": 1,
        "median": 16379904.0,
        "mean": 16379904.0,
        "min": 16379904.0,
        "max": 16379904.0,
        "p05": 16379904.0,
        "p95": 16379904.0
      },
      "cow_after_query_private_nbytes": {
        "count": 1,
        "median": 21364736.0,
        "mean": 21364736.0,
        "min": 21364736.0,
        "max": 21364736.0,
        "p05": 21364736.0,
        "p95": 21364736.0
      },
      "cow_final_shared_nbytes": {
        "count": 1,
        "median": 0.0,
        "mean": 0.0,
        "min": 0.0,
        "max": 0.0,
        "p05": 0.0,
        "p95": 0.0
      },
      "cow_final_private_nbytes": {
        "count": 1,
        "median": 21379072.0,
        "mean": 21379072.0,
        "min": 21379072.0,
        "max": 21379072.0,
        "p05": 21379072.0,
        "p95": 21379072.0
      },
      "decode_kv_peak_nbytes": {
        "count": 1,
        "median": 127744000.0,
        "mean": 127744000.0,
        "min": 127744000.0,
        "max": 127744000.0,
        "p05": 127744000.0,
        "p95": 127744000.0
      },
      "decode_kv_steady_nbytes": {
        "count": 1,
        "median": 127682560.0,
        "mean": 127682560.0,
        "min": 127682560.0,
        "max": 127682560.0,
        "p05": 127682560.0,
        "p95": 127682560.0
      },
      "cuda_peak_allocated_bytes": {
        "count": 1,
        "median": 70422090240.0,
        "mean": 70422090240.0,
        "min": 70422090240.0,
        "max": 70422090240.0,
        "p05": 70422090240.0,
        "p95": 70422090240.0
      },
      "cuda_peak_reserved_bytes": {
        "count": 1,
        "median": 70579650560.0,
        "mean": 70579650560.0,
        "min": 70579650560.0,
        "max": 70579650560.0,
        "p05": 70579650560.0,
        "p95": 70579650560.0
      },
      "steady_state_cuda_allocated_bytes": {
        "count": 1,
        "median": 69581698560.0,
        "mean": 69581698560.0,
        "min": 69581698560.0,
        "max": 69581698560.0,
        "p05": 69581698560.0,
        "p95": 69581698560.0
      },
      "steady_state_cuda_reserved_bytes": {
        "count": 1,
        "median": 70579650560.0,
        "mean": 70579650560.0,
        "min": 70579650560.0,
        "max": 70579650560.0,
        "p05": 70579650560.0,
        "p95": 70579650560.0
      },
      "nvml_sampled_peak_process_bytes": {
        "count": 1,
        "median": 71053606912.0,
        "mean": 71053606912.0,
        "min": 71053606912.0,
        "max": 71053606912.0,
        "p05": 71053606912.0,
        "p95": 71053606912.0
      },
      "steady_state_nvml_process_bytes": {
        "count": 1,
        "median": 71053606912.0,
        "mean": 71053606912.0,
        "min": 71053606912.0,
        "max": 71053606912.0,
        "p05": 71053606912.0,
        "p95": 71053606912.0
      },
      "ttft_seconds": {
        "count": 1,
        "median": 0.7413469380699098,
        "mean": 0.7413469380699098,
        "min": 0.7413469380699098,
        "max": 0.7413469380699098,
        "p05": 0.7413469380699098,
        "p95": 0.7413469380699098
      },
      "median_tpot_seconds": {
        "count": 1,
        "median": 0.08294881088659167,
        "mean": 0.08294881088659167,
        "min": 0.08294881088659167,
        "max": 0.08294881088659167,
        "p05": 0.08294881088659167,
        "p95": 0.08294881088659167
      },
      "throughput_tokens_per_second": {
        "count": 1,
        "median": 6.004638319935989,
        "mean": 6.004638319935989,
        "min": 6.004638319935989,
        "max": 6.004638319935989,
        "p05": 6.004638319935989,
        "p95": 6.004638319935989
      },
      "max_resident_documents_store_only": {
        "count": 1,
        "median": 1593.0,
        "mean": 1593.0,
        "min": 1593.0,
        "max": 1593.0,
        "p05": 1593.0,
        "p95": 1593.0
      },
      "max_resident_documents_with_one_active_request": {
        "count": 1,
        "median": 1572.0,
        "mean": 1572.0,
        "min": 1572.0,
        "max": 1572.0,
        "p05": 1572.0,
        "p95": 1572.0
      },
      "f1": {
        "count": 1,
        "median": 0.23529411764705882,
        "mean": 0.23529411764705882,
        "min": 0.23529411764705882,
        "max": 0.23529411764705882,
        "p05": 0.23529411764705882,
        "p95": 0.23529411764705882
      }
    },
    {
      "dataset": "qasper",
      "config": "qcomem-d7-frozen-static",
      "document_tokens": 4000,
      "measurements": 1,
      "write_build_seconds": {
        "count": 1,
        "median": 0.20073634525761008,
        "mean": 0.20073634525761008,
        "min": 0.20073634525761008,
        "max": 0.20073634525761008,
        "p05": 0.20073634525761008,
        "p95": 0.20073634525761008
      },
      "persistent_document_nbytes": {
        "count": 1,
        "median": 10463232.0,
        "mean": 10463232.0,
        "min": 10463232.0,
        "max": 10463232.0,
        "p05": 10463232.0,
        "p95": 10463232.0
      },
      "persistent_materialized_staging_nbytes": {
        "count": 1,
        "median": 37552128.0,
        "mean": 37552128.0,
        "min": 37552128.0,
        "max": 37552128.0,
        "p05": 37552128.0,
        "p95": 37552128.0
      },
      "persistent_total_resident_nbytes": {
        "count": 1,
        "median": 48015360.0,
        "mean": 48015360.0,
        "min": 48015360.0,
        "max": 48015360.0,
        "p05": 48015360.0,
        "p95": 48015360.0
      },
      "capacity_document_denominator_nbytes": {
        "count": 1,
        "median": 48015360.0,
        "mean": 48015360.0,
        "min": 48015360.0,
        "max": 48015360.0,
        "p05": 48015360.0,
        "p95": 48015360.0
      },
      "selected_fork_active_state_peak_nbytes": {
        "count": 1,
        "median": 37748736.0,
        "mean": 37748736.0,
        "min": 37748736.0,
        "max": 37748736.0,
        "p05": 37748736.0,
        "p95": 37748736.0
      },
      "selected_fork_active_state_steady_nbytes": {
        "count": 1,
        "median": 21379072.0,
        "mean": 21379072.0,
        "min": 21379072.0,
        "max": 21379072.0,
        "p05": 21379072.0,
        "p95": 21379072.0
      },
      "cow_initial_shared_nbytes": {
        "count": 1,
        "median": 24576000.0,
        "mean": 24576000.0,
        "min": 24576000.0,
        "max": 24576000.0,
        "p05": 24576000.0,
        "p95": 24576000.0
      },
      "cow_initial_private_nbytes": {
        "count": 1,
        "median": 12976128.0,
        "mean": 12976128.0,
        "min": 12976128.0,
        "max": 12976128.0,
        "p05": 12976128.0,
        "p95": 12976128.0
      },
      "cow_after_query_shared_nbytes": {
        "count": 1,
        "median": 16384000.0,
        "mean": 16384000.0,
        "min": 16384000.0,
        "max": 16384000.0,
        "p05": 16384000.0,
        "p95": 16384000.0
      },
      "cow_after_query_private_nbytes": {
        "count": 1,
        "median": 21364736.0,
        "mean": 21364736.0,
        "min": 21364736.0,
        "max": 21364736.0,
        "p05": 21364736.0,
        "p95": 21364736.0
      },
      "cow_final_shared_nbytes": {
        "count": 1,
        "median": 0.0,
        "mean": 0.0,
        "min": 0.0,
        "max": 0.0,
        "p05": 0.0,
        "p95": 0.0
      },
      "cow_final_private_nbytes": {
        "count": 1,
        "median": 21379072.0,
        "mean": 21379072.0,
        "min": 21379072.0,
        "max": 21379072.0,
        "p05": 21379072.0,
        "p95": 21379072.0
      },
      "decode_kv_peak_nbytes": {
        "count": 1,
        "median": 127741952.0,
        "mean": 127741952.0,
        "min": 127741952.0,
        "max": 127741952.0,
        "p05": 127741952.0,
        "p95": 127741952.0
      },
      "decode_kv_steady_nbytes": {
        "count": 1,
        "median": 127680512.0,
        "mean": 127680512.0,
        "min": 127680512.0,
        "max": 127680512.0,
        "p05": 127680512.0,
        "p95": 127680512.0
      },
      "cuda_peak_allocated_bytes": {
        "count": 1,
        "median": 70422129152.0,
        "mean": 70422129152.0,
        "min": 70422129152.0,
        "max": 70422129152.0,
        "p05": 70422129152.0,
        "p95": 70422129152.0
      },
      "cuda_peak_reserved_bytes": {
        "count": 1,
        "median": 70579650560.0,
        "mean": 70579650560.0,
        "min": 70579650560.0,
        "max": 70579650560.0,
        "p05": 70579650560.0,
        "p95": 70579650560.0
      },
      "steady_state_cuda_allocated_bytes": {
        "count": 1,
        "median": 69581685760.0,
        "mean": 69581685760.0,
        "min": 69581685760.0,
        "max": 69581685760.0,
        "p05": 69581685760.0,
        "p95": 69581685760.0
      },
      "steady_state_cuda_reserved_bytes": {
        "count": 1,
        "median": 70579650560.0,
        "mean": 70579650560.0,
        "min": 70579650560.0,
        "max": 70579650560.0,
        "p05": 70579650560.0,
        "p95": 70579650560.0
      },
      "nvml_sampled_peak_process_bytes": {
        "count": 1,
        "median": 71053606912.0,
        "mean": 71053606912.0,
        "min": 71053606912.0,
        "max": 71053606912.0,
        "p05": 71053606912.0,
        "p95": 71053606912.0
      },
      "steady_state_nvml_process_bytes": {
        "count": 1,
        "median": 71053606912.0,
        "mean": 71053606912.0,
        "min": 71053606912.0,
        "max": 71053606912.0,
        "p05": 71053606912.0,
        "p95": 71053606912.0
      },
      "ttft_seconds": {
        "count": 1,
        "median": 1.1533817988820374,
        "mean": 1.1533817988820374,
        "min": 1.1533817988820374,
        "max": 1.1533817988820374,
        "p05": 1.1533817988820374,
        "p95": 1.1533817988820374
      },
      "median_tpot_seconds": {
        "count": 1,
        "median": 0.08383415825664997,
        "mean": 0.08383415825664997,
        "min": 0.08383415825664997,
        "max": 0.08383415825664997,
        "p05": 0.08383415825664997,
        "p95": 0.08383415825664997
      },
      "throughput_tokens_per_second": {
        "count": 1,
        "median": 4.286296337111137,
        "mean": 4.286296337111137,
        "min": 4.286296337111137,
        "max": 4.286296337111137,
        "p05": 4.286296337111137,
        "p95": 4.286296337111137
      },
      "max_resident_documents_store_only": {
        "count": 1,
        "median": 1593.0,
        "mean": 1593.0,
        "min": 1593.0,
        "max": 1593.0,
        "p05": 1593.0,
        "p95": 1593.0
      },
      "max_resident_documents_with_one_active_request": {
        "count": 1,
        "median": 1572.0,
        "mean": 1572.0,
        "min": 1572.0,
        "max": 1572.0,
        "p05": 1572.0,
        "p95": 1572.0
      },
      "f1": {
        "count": 1,
        "median": 0.30769230769230765,
        "mean": 0.30769230769230765,
        "min": 0.30769230769230765,
        "max": 0.30769230769230765,
        "p05": 0.30769230769230765,
        "p95": 0.30769230769230765
      }
    },
    {
      "dataset": "qasper",
      "config": "qcomem-d7-r16-a16-l16",
      "document_tokens": 3448,
      "measurements": 1,
      "write_build_seconds": {
        "count": 1,
        "median": 0.12625055573880672,
        "mean": 0.12625055573880672,
        "min": 0.12625055573880672,
        "max": 0.12625055573880672,
        "p05": 0.12625055573880672,
        "p95": 0.12625055573880672
      },
      "persistent_document_nbytes": {
        "count": 1,
        "median": 34160640.0,
        "mean": 34160640.0,
        "min": 34160640.0,
        "max": 34160640.0,
        "p05": 34160640.0,
        "p95": 34160640.0
      },
      "persistent_materialized_staging_nbytes": {
        "count": 1,
        "median": 34160640.0,
        "mean": 34160640.0,
        "min": 34160640.0,
        "max": 34160640.0,
        "p05": 34160640.0,
        "p95": 34160640.0
      },
      "persistent_total_resident_nbytes": {
        "count": 1,
        "median": 54198272.0,
        "mean": 54198272.0,
        "min": 54198272.0,
        "max": 54198272.0,
        "p05": 54198272.0,
        "p95": 54198272.0
      },
      "capacity_document_denominator_nbytes": {
        "count": 1,
        "median": 54198272.0,
        "mean": 54198272.0,
        "min": 54198272.0,
        "max": 54198272.0,
        "p05": 54198272.0,
        "p95": 54198272.0
      },
      "selected_fork_active_state_peak_nbytes": {
        "count": 1,
        "median": 34371584.0,
        "mean": 34371584.0,
        "min": 34371584.0,
        "max": 34371584.0,
        "p05": 34371584.0,
        "p95": 34371584.0
      },
      "selected_fork_active_state_steady_nbytes": {
        "count": 1,
        "median": 20262912.0,
        "mean": 20262912.0,
        "min": 20262912.0,
        "max": 20262912.0,
        "p05": 20262912.0,
        "p95": 20262912.0
      },
      "cow_initial_shared_nbytes": {
        "count": 1,
        "median": 21184512.0,
        "mean": 21184512.0,
        "min": 21184512.0,
        "max": 21184512.0,
        "p05": 21184512.0,
        "p95": 21184512.0
      },
      "cow_initial_private_nbytes": {
        "count": 1,
        "median": 12976128.0,
        "mean": 12976128.0,
        "min": 12976128.0,
        "max": 12976128.0,
        "p05": 12976128.0,
        "p95": 12976128.0
      },
      "cow_after_query_shared_nbytes": {
        "count": 1,
        "median": 14123008.0,
        "mean": 14123008.0,
        "min": 14123008.0,
        "max": 14123008.0,
        "p05": 14123008.0,
        "p95": 14123008.0
      },
      "cow_after_query_private_nbytes": {
        "count": 1,
        "median": 20248576.0,
        "mean": 20248576.0,
        "min": 20248576.0,
        "max": 20248576.0,
        "p05": 20248576.0,
        "p95": 20248576.0
      },
      "cow_final_shared_nbytes": {
        "count": 1,
        "median": 0.0,
        "mean": 0.0,
        "min": 0.0,
        "max": 0.0,
        "p05": 0.0,
        "p95": 0.0
      },
      "cow_final_private_nbytes": {
        "count": 1,
        "median": 20262912.0,
        "mean": 20262912.0,
        "min": 20262912.0,
        "max": 20262912.0,
        "p05": 20262912.0,
        "p95": 20262912.0
      },
      "decode_kv_peak_nbytes": {
        "count": 1,
        "median": 117710848.0,
        "mean": 117710848.0,
        "min": 117710848.0,
        "max": 117710848.0,
        "p05": 117710848.0,
        "p95": 117710848.0
      },
      "decode_kv_steady_nbytes": {
        "count": 1,
        "median": 117649408.0,
        "mean": 117649408.0,
        "min": 117649408.0,
        "max": 117649408.0,
        "p05": 117649408.0,
        "p95": 117649408.0
      },
      "cuda_peak_allocated_bytes": {
        "count": 1,
        "median": 70704791552.0,
        "mean": 70704791552.0,
        "min": 70704791552.0,
        "max": 70704791552.0,
        "p05": 70704791552.0,
        "p95": 70704791552.0
      },
      "cuda_peak_reserved_bytes": {
        "count": 1,
        "median": 70858571776.0,
        "mean": 70858571776.0,
        "min": 70858571776.0,
        "max": 70858571776.0,
        "p05": 70858571776.0,
        "p95": 70858571776.0
      },
      "steady_state_cuda_allocated_bytes": {
        "count": 1,
        "median": 69985348608.0,
        "mean": 69985348608.0,
        "min": 69985348608.0,
        "max": 69985348608.0,
        "p05": 69985348608.0,
        "p95": 69985348608.0
      },
      "steady_state_cuda_reserved_bytes": {
        "count": 1,
        "median": 70858571776.0,
        "mean": 70858571776.0,
        "min": 70858571776.0,
        "max": 70858571776.0,
        "p05": 70858571776.0,
        "p95": 70858571776.0
      },
      "nvml_sampled_peak_process_bytes": {
        "count": 1,
        "median": 71332528128.0,
        "mean": 71332528128.0,
        "min": 71332528128.0,
        "max": 71332528128.0,
        "p05": 71332528128.0,
        "p95": 71332528128.0
      },
      "steady_state_nvml_process_bytes": {
        "count": 1,
        "median": 71332528128.0,
        "mean": 71332528128.0,
        "min": 71332528128.0,
        "max": 71332528128.0,
        "p05": 71332528128.0,
        "p95": 71332528128.0
      },
      "ttft_seconds": {
        "count": 1,
        "median": 0.6222494500689209,
        "mean": 0.6222494500689209,
        "min": 0.6222494500689209,
        "max": 0.6222494500689209,
        "p05": 0.6222494500689209,
        "p95": 0.6222494500689209
      },
      "median_tpot_seconds": {
        "count": 1,
        "median": 0.05884575238451362,
        "mean": 0.05884575238451362,
        "min": 0.05884575238451362,
        "max": 0.05884575238451362,
        "p05": 0.05884575238451362,
        "p95": 0.05884575238451362
      },
      "throughput_tokens_per_second": {
        "count": 1,
        "median": 7.732481900957599,
        "mean": 7.732481900957599,
        "min": 7.732481900957599,
        "max": 7.732481900957599,
        "p05": 7.732481900957599,
        "p95": 7.732481900957599
      },
      "max_resident_documents_store_only": {
        "count": 1,
        "median": 1411.0,
        "mean": 1411.0,
        "min": 1411.0,
        "max": 1411.0,
        "p05": 1411.0,
        "p95": 1411.0
      },
      "max_resident_documents_with_one_active_request": {
        "count": 1,
        "median": 1395.0,
        "mean": 1395.0,
        "min": 1395.0,
        "max": 1395.0,
        "p05": 1395.0,
        "p95": 1395.0
      },
      "f1": {
        "count": 1,
        "median": 0.2222222222222222,
        "mean": 0.2222222222222222,
        "min": 0.2222222222222222,
        "max": 0.2222222222222222,
        "p05": 0.2222222222222222,
        "p95": 0.2222222222222222
      }
    },
    {
      "dataset": "qasper",
      "config": "qcomem-d7-r16-a16-l16",
      "document_tokens": 3997,
      "measurements": 1,
      "write_build_seconds": {
        "count": 1,
        "median": 0.18216066621243954,
        "mean": 0.18216066621243954,
        "min": 0.18216066621243954,
        "max": 0.18216066621243954,
        "p05": 0.18216066621243954,
        "p95": 0.18216066621243954
      },
      "persistent_document_nbytes": {
        "count": 1,
        "median": 37533696.0,
        "mean": 37533696.0,
        "min": 37533696.0,
        "max": 37533696.0,
        "p05": 37533696.0,
        "p95": 37533696.0
      },
      "persistent_materialized_staging_nbytes": {
        "count": 1,
        "median": 37533696.0,
        "mean": 37533696.0,
        "min": 37533696.0,
        "max": 37533696.0,
        "p05": 37533696.0,
        "p95": 37533696.0
      },
      "persistent_total_resident_nbytes": {
        "count": 1,
        "median": 58695680.0,
        "mean": 58695680.0,
        "min": 58695680.0,
        "max": 58695680.0,
        "p05": 58695680.0,
        "p95": 58695680.0
      },
      "capacity_document_denominator_nbytes": {
        "count": 1,
        "median": 58695680.0,
        "mean": 58695680.0,
        "min": 58695680.0,
        "max": 58695680.0,
        "p05": 58695680.0,
        "p95": 58695680.0
      },
      "selected_fork_active_state_peak_nbytes": {
        "count": 1,
        "median": 37736448.0,
        "mean": 37736448.0,
        "min": 37736448.0,
        "max": 37736448.0,
        "p05": 37736448.0,
        "p95": 37736448.0
      },
      "selected_fork_active_state_steady_nbytes": {
        "count": 1,
        "median": 21379072.0,
        "mean": 21379072.0,
        "min": 21379072.0,
        "max": 21379072.0,
        "p05": 21379072.0,
        "p95": 21379072.0
      },
      "cow_initial_shared_nbytes": {
        "count": 1,
        "median": 24557568.0,
        "mean": 24557568.0,
        "min": 24557568.0,
        "max": 24557568.0,
        "p05": 24557568.0,
        "p95": 24557568.0
      },
      "cow_initial_private_nbytes": {
        "count": 1,
        "median": 12976128.0,
        "mean": 12976128.0,
        "min": 12976128.0,
        "max": 12976128.0,
        "p05": 12976128.0,
        "p95": 12976128.0
      },
      "cow_after_query_shared_nbytes": {
        "count": 1,
        "median": 16371712.0,
        "mean": 16371712.0,
        "min": 16371712.0,
        "max": 16371712.0,
        "p05": 16371712.0,
        "p95": 16371712.0
      },
      "cow_after_query_private_nbytes": {
        "count": 1,
        "median": 21364736.0,
        "mean": 21364736.0,
        "min": 21364736.0,
        "max": 21364736.0,
        "p05": 21364736.0,
        "p95": 21364736.0
      },
      "cow_final_shared_nbytes": {
        "count": 1,
        "median": 0.0,
        "mean": 0.0,
        "min": 0.0,
        "max": 0.0,
        "p05": 0.0,
        "p95": 0.0
      },
      "cow_final_private_nbytes": {
        "count": 1,
        "median": 21379072.0,
        "mean": 21379072.0,
        "min": 21379072.0,
        "max": 21379072.0,
        "p05": 21379072.0,
        "p95": 21379072.0
      },
      "decode_kv_peak_nbytes": {
        "count": 1,
        "median": 127748096.0,
        "mean": 127748096.0,
        "min": 127748096.0,
        "max": 127748096.0,
        "p05": 127748096.0,
        "p95": 127748096.0
      },
      "decode_kv_steady_nbytes": {
        "count": 1,
        "median": 127686656.0,
        "mean": 127686656.0,
        "min": 127686656.0,
        "max": 127686656.0,
        "p05": 127686656.0,
        "p95": 127686656.0
      },
      "cuda_peak_allocated_bytes": {
        "count": 1,
        "median": 70435339776.0,
        "mean": 70435339776.0,
        "min": 70435339776.0,
        "max": 70435339776.0,
        "p05": 70435339776.0,
        "p95": 70435339776.0
      },
      "cuda_peak_reserved_bytes": {
        "count": 1,
        "median": 70527221760.0,
        "mean": 70527221760.0,
        "min": 70527221760.0,
        "max": 70527221760.0,
        "p05": 70527221760.0,
        "p95": 70527221760.0
      },
      "steady_state_cuda_allocated_bytes": {
        "count": 1,
        "median": 69594441728.0,
        "mean": 69594441728.0,
        "min": 69594441728.0,
        "max": 69594441728.0,
        "p05": 69594441728.0,
        "p95": 69594441728.0
      },
      "steady_state_cuda_reserved_bytes": {
        "count": 1,
        "median": 70527221760.0,
        "mean": 70527221760.0,
        "min": 70527221760.0,
        "max": 70527221760.0,
        "p05": 70527221760.0,
        "p95": 70527221760.0
      },
      "nvml_sampled_peak_process_bytes": {
        "count": 1,
        "median": 71001178112.0,
        "mean": 71001178112.0,
        "min": 71001178112.0,
        "max": 71001178112.0,
        "p05": 71001178112.0,
        "p95": 71001178112.0
      },
      "steady_state_nvml_process_bytes": {
        "count": 1,
        "median": 71001178112.0,
        "mean": 71001178112.0,
        "min": 71001178112.0,
        "max": 71001178112.0,
        "p05": 71001178112.0,
        "p95": 71001178112.0
      },
      "ttft_seconds": {
        "count": 1,
        "median": 0.7453485229052603,
        "mean": 0.7453485229052603,
        "min": 0.7453485229052603,
        "max": 0.7453485229052603,
        "p05": 0.7453485229052603,
        "p95": 0.7453485229052603
      },
      "median_tpot_seconds": {
        "count": 1,
        "median": 0.0887605850584805,
        "mean": 0.0887605850584805,
        "min": 0.0887605850584805,
        "max": 0.0887605850584805,
        "p05": 0.0887605850584805,
        "p95": 0.0887605850584805
      },
      "throughput_tokens_per_second": {
        "count": 1,
        "median": 5.830515774183127,
        "mean": 5.830515774183127,
        "min": 5.830515774183127,
        "max": 5.830515774183127,
        "p05": 5.830515774183127,
        "p95": 5.830515774183127
      },
      "max_resident_documents_store_only": {
        "count": 1,
        "median": 1303.0,
        "mean": 1303.0,
        "min": 1303.0,
        "max": 1303.0,
        "p05": 1303.0,
        "p95": 1303.0
      },
      "max_resident_documents_with_one_active_request": {
        "count": 1,
        "median": 1290.0,
        "mean": 1290.0,
        "min": 1290.0,
        "max": 1290.0,
        "p05": 1290.0,
        "p95": 1290.0
      },
      "f1": {
        "count": 1,
        "median": 0.1,
        "mean": 0.1,
        "min": 0.1,
        "max": 0.1,
        "p05": 0.1,
        "p95": 0.1
      }
    },
    {
      "dataset": "qasper",
      "config": "qcomem-d7-r16-a16-l16",
      "document_tokens": 3999,
      "measurements": 1,
      "write_build_seconds": {
        "count": 1,
        "median": 0.1248107347637415,
        "mean": 0.1248107347637415,
        "min": 0.1248107347637415,
        "max": 0.1248107347637415,
        "p05": 0.1248107347637415,
        "p95": 0.1248107347637415
      },
      "persistent_document_nbytes": {
        "count": 1,
        "median": 37545984.0,
        "mean": 37545984.0,
        "min": 37545984.0,
        "max": 37545984.0,
        "p05": 37545984.0,
        "p95": 37545984.0
      },
      "persistent_materialized_staging_nbytes": {
        "count": 1,
        "median": 37545984.0,
        "mean": 37545984.0,
        "min": 37545984.0,
        "max": 37545984.0,
        "p05": 37545984.0,
        "p95": 37545984.0
      },
      "persistent_total_resident_nbytes": {
        "count": 1,
        "median": 58712064.0,
        "mean": 58712064.0,
        "min": 58712064.0,
        "max": 58712064.0,
        "p05": 58712064.0,
        "p95": 58712064.0
      },
      "capacity_document_denominator_nbytes": {
        "count": 1,
        "median": 58712064.0,
        "mean": 58712064.0,
        "min": 58712064.0,
        "max": 58712064.0,
        "p05": 58712064.0,
        "p95": 58712064.0
      },
      "selected_fork_active_state_peak_nbytes": {
        "count": 1,
        "median": 37744640.0,
        "mean": 37744640.0,
        "min": 37744640.0,
        "max": 37744640.0,
        "p05": 37744640.0,
        "p95": 37744640.0
      },
      "selected_fork_active_state_steady_nbytes": {
        "count": 1,
        "median": 21379072.0,
        "mean": 21379072.0,
        "min": 21379072.0,
        "max": 21379072.0,
        "p05": 21379072.0,
        "p95": 21379072.0
      },
      "cow_initial_shared_nbytes": {
        "count": 1,
        "median": 24569856.0,
        "mean": 24569856.0,
        "min": 24569856.0,
        "max": 24569856.0,
        "p05": 24569856.0,
        "p95": 24569856.0
      },
      "cow_initial_private_nbytes": {
        "count": 1,
        "median": 12976128.0,
        "mean": 12976128.0,
        "min": 12976128.0,
        "max": 12976128.0,
        "p05": 12976128.0,
        "p95": 12976128.0
      },
      "cow_after_query_shared_nbytes": {
        "count": 1,
        "median": 16379904.0,
        "mean": 16379904.0,
        "min": 16379904.0,
        "max": 16379904.0,
        "p05": 16379904.0,
        "p95": 16379904.0
      },
      "cow_after_query_private_nbytes": {
        "count": 1,
        "median": 21364736.0,
        "mean": 21364736.0,
        "min": 21364736.0,
        "max": 21364736.0,
        "p05": 21364736.0,
        "p95": 21364736.0
      },
      "cow_final_shared_nbytes": {
        "count": 1,
        "median": 0.0,
        "mean": 0.0,
        "min": 0.0,
        "max": 0.0,
        "p05": 0.0,
        "p95": 0.0
      },
      "cow_final_private_nbytes": {
        "count": 1,
        "median": 21379072.0,
        "mean": 21379072.0,
        "min": 21379072.0,
        "max": 21379072.0,
        "p05": 21379072.0,
        "p95": 21379072.0
      },
      "decode_kv_peak_nbytes": {
        "count": 1,
        "median": 127744000.0,
        "mean": 127744000.0,
        "min": 127744000.0,
        "max": 127744000.0,
        "p05": 127744000.0,
        "p95": 127744000.0
      },
      "decode_kv_steady_nbytes": {
        "count": 1,
        "median": 127682560.0,
        "mean": 127682560.0,
        "min": 127682560.0,
        "max": 127682560.0,
        "p05": 127682560.0,
        "p95": 127682560.0
      },
      "cuda_peak_allocated_bytes": {
        "count": 1,
        "median": 70491213312.0,
        "mean": 70491213312.0,
        "min": 70491213312.0,
        "max": 70491213312.0,
        "p05": 70491213312.0,
        "p95": 70491213312.0
      },
      "cuda_peak_reserved_bytes": {
        "count": 1,
        "median": 70634176512.0,
        "mean": 70634176512.0,
        "min": 70634176512.0,
        "max": 70634176512.0,
        "p05": 70634176512.0,
        "p95": 70634176512.0
      },
      "steady_state_cuda_allocated_bytes": {
        "count": 1,
        "median": 69649150464.0,
        "mean": 69649150464.0,
        "min": 69649150464.0,
        "max": 69649150464.0,
        "p05": 69649150464.0,
        "p95": 69649150464.0
      },
      "steady_state_cuda_reserved_bytes": {
        "count": 1,
        "median": 70634176512.0,
        "mean": 70634176512.0,
        "min": 70634176512.0,
        "max": 70634176512.0,
        "p05": 70634176512.0,
        "p95": 70634176512.0
      },
      "nvml_sampled_peak_process_bytes": {
        "count": 1,
        "median": 71108132864.0,
        "mean": 71108132864.0,
        "min": 71108132864.0,
        "max": 71108132864.0,
        "p05": 71108132864.0,
        "p95": 71108132864.0
      },
      "steady_state_nvml_process_bytes": {
        "count": 1,
        "median": 71108132864.0,
        "mean": 71108132864.0,
        "min": 71108132864.0,
        "max": 71108132864.0,
        "p05": 71108132864.0,
        "p95": 71108132864.0
      },
      "ttft_seconds": {
        "count": 1,
        "median": 0.6600003587082028,
        "mean": 0.6600003587082028,
        "min": 0.6600003587082028,
        "max": 0.6600003587082028,
        "p05": 0.6600003587082028,
        "p95": 0.6600003587082028
      },
      "median_tpot_seconds": {
        "count": 1,
        "median": 0.05192175228148699,
        "mean": 0.05192175228148699,
        "min": 0.05192175228148699,
        "max": 0.05192175228148699,
        "p05": 0.05192175228148699,
        "p95": 0.05192175228148699
      },
      "throughput_tokens_per_second": {
        "count": 1,
        "median": 7.806849454141703,
        "mean": 7.806849454141703,
        "min": 7.806849454141703,
        "max": 7.806849454141703,
        "p05": 7.806849454141703,
        "p95": 7.806849454141703
      },
      "max_resident_documents_store_only": {
        "count": 1,
        "median": 1303.0,
        "mean": 1303.0,
        "min": 1303.0,
        "max": 1303.0,
        "p05": 1303.0,
        "p95": 1303.0
      },
      "max_resident_documents_with_one_active_request": {
        "count": 1,
        "median": 1286.0,
        "mean": 1286.0,
        "min": 1286.0,
        "max": 1286.0,
        "p05": 1286.0,
        "p95": 1286.0
      },
      "f1": {
        "count": 1,
        "median": 0.23529411764705882,
        "mean": 0.23529411764705882,
        "min": 0.23529411764705882,
        "max": 0.23529411764705882,
        "p05": 0.23529411764705882,
        "p95": 0.23529411764705882
      }
    },
    {
      "dataset": "qasper",
      "config": "qcomem-d7-r16-a16-l16",
      "document_tokens": 4000,
      "measurements": 1,
      "write_build_seconds": {
        "count": 1,
        "median": 0.12805276224389672,
        "mean": 0.12805276224389672,
        "min": 0.12805276224389672,
        "max": 0.12805276224389672,
        "p05": 0.12805276224389672,
        "p95": 0.12805276224389672
      },
      "persistent_document_nbytes": {
        "count": 1,
        "median": 37552128.0,
        "mean": 37552128.0,
        "min": 37552128.0,
        "max": 37552128.0,
        "p05": 37552128.0,
        "p95": 37552128.0
      },
      "persistent_materialized_staging_nbytes": {
        "count": 1,
        "median": 37552128.0,
        "mean": 37552128.0,
        "min": 37552128.0,
        "max": 37552128.0,
        "p05": 37552128.0,
        "p95": 37552128.0
      },
      "persistent_total_resident_nbytes": {
        "count": 1,
        "median": 58720256.0,
        "mean": 58720256.0,
        "min": 58720256.0,
        "max": 58720256.0,
        "p05": 58720256.0,
        "p95": 58720256.0
      },
      "capacity_document_denominator_nbytes": {
        "count": 1,
        "median": 58720256.0,
        "mean": 58720256.0,
        "min": 58720256.0,
        "max": 58720256.0,
        "p05": 58720256.0,
        "p95": 58720256.0
      },
      "selected_fork_active_state_peak_nbytes": {
        "count": 1,
        "median": 37748736.0,
        "mean": 37748736.0,
        "min": 37748736.0,
        "max": 37748736.0,
        "p05": 37748736.0,
        "p95": 37748736.0
      },
      "selected_fork_active_state_steady_nbytes": {
        "count": 1,
        "median": 21379072.0,
        "mean": 21379072.0,
        "min": 21379072.0,
        "max": 21379072.0,
        "p05": 21379072.0,
        "p95": 21379072.0
      },
      "cow_initial_shared_nbytes": {
        "count": 1,
        "median": 24576000.0,
        "mean": 24576000.0,
        "min": 24576000.0,
        "max": 24576000.0,
        "p05": 24576000.0,
        "p95": 24576000.0
      },
      "cow_initial_private_nbytes": {
        "count": 1,
        "median": 12976128.0,
        "mean": 12976128.0,
        "min": 12976128.0,
        "max": 12976128.0,
        "p05": 12976128.0,
        "p95": 12976128.0
      },
      "cow_after_query_shared_nbytes": {
        "count": 1,
        "median": 16384000.0,
        "mean": 16384000.0,
        "min": 16384000.0,
        "max": 16384000.0,
        "p05": 16384000.0,
        "p95": 16384000.0
      },
      "cow_after_query_private_nbytes": {
        "count": 1,
        "median": 21364736.0,
        "mean": 21364736.0,
        "min": 21364736.0,
        "max": 21364736.0,
        "p05": 21364736.0,
        "p95": 21364736.0
      },
      "cow_final_shared_nbytes": {
        "count": 1,
        "median": 0.0,
        "mean": 0.0,
        "min": 0.0,
        "max": 0.0,
        "p05": 0.0,
        "p95": 0.0
      },
      "cow_final_private_nbytes": {
        "count": 1,
        "median": 21379072.0,
        "mean": 21379072.0,
        "min": 21379072.0,
        "max": 21379072.0,
        "p05": 21379072.0,
        "p95": 21379072.0
      },
      "decode_kv_peak_nbytes": {
        "count": 1,
        "median": 127741952.0,
        "mean": 127741952.0,
        "min": 127741952.0,
        "max": 127741952.0,
        "p05": 127741952.0,
        "p95": 127741952.0
      },
      "decode_kv_steady_nbytes": {
        "count": 1,
        "median": 127680512.0,
        "mean": 127680512.0,
        "min": 127680512.0,
        "max": 127680512.0,
        "p05": 127680512.0,
        "p95": 127680512.0
      },
      "cuda_peak_allocated_bytes": {
        "count": 1,
        "median": 70491249152.0,
        "mean": 70491249152.0,
        "min": 70491249152.0,
        "max": 70491249152.0,
        "p05": 70491249152.0,
        "p95": 70491249152.0
      },
      "cuda_peak_reserved_bytes": {
        "count": 1,
        "median": 70634176512.0,
        "mean": 70634176512.0,
        "min": 70634176512.0,
        "max": 70634176512.0,
        "p05": 70634176512.0,
        "p95": 70634176512.0
      },
      "steady_state_cuda_allocated_bytes": {
        "count": 1,
        "median": 69649141248.0,
        "mean": 69649141248.0,
        "min": 69649141248.0,
        "max": 69649141248.0,
        "p05": 69649141248.0,
        "p95": 69649141248.0
      },
      "steady_state_cuda_reserved_bytes": {
        "count": 1,
        "median": 70634176512.0,
        "mean": 70634176512.0,
        "min": 70634176512.0,
        "max": 70634176512.0,
        "p05": 70634176512.0,
        "p95": 70634176512.0
      },
      "nvml_sampled_peak_process_bytes": {
        "count": 1,
        "median": 71108132864.0,
        "mean": 71108132864.0,
        "min": 71108132864.0,
        "max": 71108132864.0,
        "p05": 71108132864.0,
        "p95": 71108132864.0
      },
      "steady_state_nvml_process_bytes": {
        "count": 1,
        "median": 71108132864.0,
        "mean": 71108132864.0,
        "min": 71108132864.0,
        "max": 71108132864.0,
        "p05": 71108132864.0,
        "p95": 71108132864.0
      },
      "ttft_seconds": {
        "count": 1,
        "median": 0.6676672697067261,
        "mean": 0.6676672697067261,
        "min": 0.6676672697067261,
        "max": 0.6676672697067261,
        "p05": 0.6676672697067261,
        "p95": 0.6676672697067261
      },
      "median_tpot_seconds": {
        "count": 1,
        "median": 0.05303873913362622,
        "mean": 0.05303873913362622,
        "min": 0.05303873913362622,
        "max": 0.05303873913362622,
        "p05": 0.05303873913362622,
        "p95": 0.05303873913362622
      },
      "throughput_tokens_per_second": {
        "count": 1,
        "median": 7.688621284362567,
        "mean": 7.688621284362567,
        "min": 7.688621284362567,
        "max": 7.688621284362567,
        "p05": 7.688621284362567,
        "p95": 7.688621284362567
      },
      "max_resident_documents_store_only": {
        "count": 1,
        "median": 1302.0,
        "mean": 1302.0,
        "min": 1302.0,
        "max": 1302.0,
        "p05": 1302.0,
        "p95": 1302.0
      },
      "max_resident_documents_with_one_active_request": {
        "count": 1,
        "median": 1285.0,
        "mean": 1285.0,
        "min": 1285.0,
        "max": 1285.0,
        "p05": 1285.0,
        "p95": 1285.0
      },
      "f1": {
        "count": 1,
        "median": 0.30769230769230765,
        "mean": 0.30769230769230765,
        "min": 0.30769230769230765,
        "max": 0.30769230769230765,
        "p05": 0.30769230769230765,
        "p95": 0.30769230769230765
      }
    }
  ],
  "paired_vs_full_prefix": [
    {
      "config": "qcomem-d7-frozen-static",
      "pairs": 8,
      "persistent_compression_vs_full_prefix": {
        "count": 8,
        "median": 14.023883542313355,
        "mean": 14.049645788201982,
        "min": 14.0123029883886,
        "max": 14.24864049965003,
        "p05": 14.012550782631248,
        "p95": 14.172544253196637
      },
      "peak_cuda_saved_bytes_vs_full_prefix": {
        "count": 8,
        "median": -574824960.0,
        "mean": -578985856.0,
        "min": -670556160.0,
        "max": -480602624.0,
        "p05": -653657241.5999999,
        "p95": -509575142.40000004
      },
      "ttft_ratio_vs_full_prefix": {
        "count": 8,
        "median": 4.12209645672823,
        "mean": 5.167181544257559,
        "min": 3.8410712677661483,
        "max": 9.809947861583709,
        "p05": 3.8463865230559438,
        "p95": 8.943533709953462
      },
      "tpot_ratio_vs_full_prefix": {
        "count": 8,
        "median": 1.0244399185878035,
        "mean": 1.2520658041346764,
        "min": 1.0035144589323524,
        "max": 1.703858380380384,
        "p05": 1.0075054702019324,
        "p95": 1.6775927793113183
      },
      "f1_delta_vs_full_prefix": {
        "count": 8,
        "median": 0.0,
        "mean": 0.0,
        "min": 0.0,
        "max": 0.0,
        "p05": 0.0,
        "p95": 0.0
      }
    },
    {
      "config": "qcomem-d7-r16-a16-l16",
      "pairs": 8,
      "persistent_compression_vs_full_prefix": {
        "count": 8,
        "median": 3.9076099778804965,
        "mean": 3.9143511048998243,
        "min": 3.9045764362220057,
        "max": 3.9664268585131897,
        "p05": 3.9046413502109703,
        "p95": 3.9465137924036284
      },
      "peak_cuda_saved_bytes_vs_full_prefix": {
        "count": 8,
        "median": -604739840.0,
        "mean": -623174144.0,
        "min": -874214912.0,
        "max": -502152192.0,
        "p05": -795677465.5999999,
        "p95": -517396736.0
      },
      "ttft_ratio_vs_full_prefix": {
        "count": 8,
        "median": 4.267108993630886,
        "mean": 5.396347634782424,
        "min": 3.281674312054298,
        "max": 9.874914740315207,
        "p05": 3.413077186594217,
        "p95": 9.63511622560923
      },
      "tpot_ratio_vs_full_prefix": {
        "count": 8,
        "median": 1.5346612093082843,
        "mean": 1.7626270742136891,
        "min": 1.0131927956562055,
        "max": 4.744632447045904,
        "p05": 1.0145634594532762,
        "p95": 3.6553201964186197
      },
      "f1_delta_vs_full_prefix": {
        "count": 8,
        "median": 0.0,
        "mean": 0.0,
        "min": 0.0,
        "max": 0.0,
        "p05": 0.0,
        "p95": 0.0
      }
    }
  ],
  "source_shards": [
    "deployment-shard-0.json",
    "deployment-shard-1.json",
    "deployment-shard-2.json",
    "deployment-shard-3.json",
    "deployment-shard-4.json",
    "deployment-shard-5.json",
    "deployment-shard-6.json",
    "deployment-shard-7.json"
  ]
}
