paper_id	reviewer	issue_id	severity	dimensions	location	observed_evidence	why_it_matters	required_fix	verification_test	evidence_needed	expected_impact	confidence
A1	R1	A1-I1	major	novelty,significance	PDF p.3，§2.1 Related work and closest-work map；PDF pp.12–13，§6–§7	论文将最接近工作定位为标准答案抽取、选择性预测和 paired audit，并承认 q、a、s=qa 恒等式、区间和检验组件本身并非新方法；实际新证据是一套单模型、双床、特定 fallback 规则的事后审计，同床外部解析仅覆盖规则重解析。	ICLR 论文需要超出单一工件修复记录的可迁移认识。当前结果能说明这一评测资产有问题，却尚未证明所提审计结论或报告规范在更广泛的 dLLM、任务和 judge 上改变科学结论。	把贡献收窄为案例研究并加入真正的最近方法基线；更理想的是在至少另一模型、另一自由生成任务和多个独立解析器（含 learned judge/Answer Regeneration）上预注册复现同一审计。	在新增床上预先固定 canonical/strict/learned 三类 judge，报告 rescue share、判尺间 item-level disagreement、人工金标误差和关键结论是否翻转；若效应方向与解释边界跨床保持，才支持可迁移贡献。	跨模型、跨任务、跨解析器的独立复现及人工标注对照。	high	high
A1	R1	A1-I2	major	experimental_rigor,technical_soundness,limitations_responsible_claims	PDF pp.8–11，§5.3–§5.5，Tables 6–9；PDF pp.21–23，Appendices D–F	原始点估计规则得到 3/28 次翻转；在观察数据后操作化的、有方向偏好的 paired gate 得到 0/23；两个较宽松的 definite gate 各得到 2 次。论文自己说明 estimand wording 虽预注册，但门的具体实现是 post hoc，且 raw reversals 都接近小于 1 pp 的平局。	0/23 是标题级叙事中最容易被读成“排序稳健”的数字，但它来自事后选择且通过排除近似平局使翻转难以入选。并列的合理规则给出不同计数时，不能将最有利门当作确认性证据。	把 3/28 设为当前数据的主要描述，0/23 及两个宽松门全部标为探索性敏感度；在新数据前唯一锁定门、方向、最小实际差异和多重性方案后复现。	在不可见的新输出上按冻结协议计算所有 planned pairs；主门及预先声明的敏感门都应给出计数、配对效应和区间，且不得再按观察结果调整阈值。	独立确认床的预注册协议、时间戳和 item-level paired outputs。	high	high
A1	R1	A1-I3	major	technical_soundness,experimental_rigor,limitations_responsible_claims	PDF p.2，§2 与 Table 1；PDF pp.5–7，§3.2、§5.1 与 Table 4	Bed 1 使用 1319 个 GSM8K test 项，Bed 2 使用 712 个 train-short-B 项，操纵轴和生成记录也不同；格式化率约为 9.9% 对 98.3%，fallback rescue share 相差 35.2–67.1 倍。条件准确率差异因此比较的是两个完全不同的生成后选中群体。	这组数据无法区分模型能力、题目难度、提示/解码差异和格式服从度。尽管作者在文字上撤回能力排序，J1 仍占据大量篇幅，却不能提供可解释的跨床效应。	在相同 item、prompt、解码设置和可比格式干预下构造共同支持，或将 J1 完全降格为不可比较性的诊断示例，不再报告暗示模型表现差异的 level gap。	对同一问题逐项生成两种格式条件，报告无条件正确率、格式率、联合正确且格式化率及预先定义的因果/描述 estimand；检查条件化结论是否在共同支持或逆概率加权后仍存在。	相同题目上的配对生成记录和完整 prompt/decoder 元数据。	high	high
A1	R1	A1-I4	major	experimental_rigor,significance	PDF pp.9–12，§5.4–§6，Tables 8–9；PDF p.23，Table 20 的 J3 行	共同支持上的主要条件 estimand 为 310/351 对 310/347，差 +1.018 pp，95% CI 为 [−2.23, 4.17] pp；0.5 pp 等价容差是在看过数据后加入，主要判尺的 MDA80 又无法由已交付摘要识别。只有辅助 strict estimand 出现精确共同分子/联合平局。	当前数据既不能证明差异，也不能证明预先定义范围内的等价；因此 J3 不构成正向科学发现，只能说明现有摘要不足。	将 J3 保留为明确的未识别负结果，或在预先锁定主要 estimand、等价界值和功效后收集足量的 item-paired 数据。	新研究的双单侧等价检验在预注册界值内通过，且主要判尺的成对 CI 完全落入该界值；同时报告功效与缺失/不可解析项处理。	有预注册等价界值的足量成对样本及主要判尺完整输出。	medium	high
A1	R1	A1-I5	major	reproducibility,experimental_rigor	PDF p.2，§2；PDF pp.12–17，§6 与 Appendix A；PDF p.22，Appendix E	PDF p.2 明确说明冻结记录没有采样种子和温度；论文还披露原计划臂并非全部可复现，若干分析依赖不可再分发或不同 lineage 的历史工件。解析层能重算，但原始生成层无法从论文信息完整重建。	J1/J2 的差异可能受生成随机性和配置影响，而这正是当前记录无法量化的变化来源。缺失的生成 provenance 限制了独立复核和新床验证。	公开或在匿名工件中提供每臂完整 prompt、温度、随机种子、checkpoint、sampler、输出及哈希；若确实无法恢复，则删除依赖不可重建臂的确认性措辞并把它们标为历史观察。	从发布清单一键重建所有纳入主分析的臂，逐项复算 Table 1、J2 inventory 与 J3 paired counts，并验证哈希或预先声明的随机误差带。	完整生成 manifest、原始输出、运行命令及可访问匿名工件。	high	high
A1	R1	A1-I6	minor	clarity	PDF p.23，Appendix F，Table 20 的 Final synthesis 行	匿名投稿正文直接列出一个内部六席 panel 和一个外部模型评审的分数，并说明稿件如何针对外部分数定位。	既往评分不是论文的科学证据，放入盲审 PDF 会锚定或污染独立评审，也让附录看起来像修订日志而非学术内容。	从投稿 PDF 删除全部既往评审分数、代理名称和面向评分的元叙事，仅保留与科学结论有关的解释限制。	检查最终匿名 PDF，不再出现 panel、review score、overall grade 或针对某个评审等级的措辞。	清理后的匿名 PDF。	medium	high
A1	R2	A1-R2-01	major	technical_soundness,experimental_rigor,reproducibility	第 3 页 §2 Rulers；第 9 页表 5；第 18 页表 12；第 20 页表 17	同一所谓严格判尺有两个冻结来源：B1-128、B1-256、B0-256、H-PRED-95 的 formatted-correct 分别相差 4、6、4、1 项，导致 Bonferroni 计数从 S1 的 3/8 变为 S2 的 4/8。正文指定 S1 为所有计算来源，但未用独立答案真值说明它为何比直接 whitelist 更符合定义。	论文审计的对象正是 parser measurement；若严格 ruler 本身不能由声明规则唯一生成，通道正确率、显著性以及依赖 strict cell 的 J2/J3 都带有未量化的 measurement uncertainty。方向目前稳定并不等于构念已验证。	冻结一个公开、唯一的 strict parser，对所有原始输出重跑；对 S1/S2 不一致项做盲人工或独立 extractor adjudication，并把标签不确定性传播到所有主表和 pair verdict。	从原始输出只按发布代码重建 strict labels，应逐项得到唯一结果；由不知道 source 的标注者复核全部分歧，并报告在最不利 adjudication 下 headline 与 gate 是否保持。	逐项分歧清单、独立真值、唯一 parser 版本与重算结果。	high	high
A1	R2	A1-R2-02	major	experimental_rigor,technical_soundness,limitations_responsible_claims	第 6–8 页 §4、§5.3；第 10 页表 6–7；第 21–22 页 Appendix E	‘definite’ criterion 在看过数据后按保持原 claim 的方向具体化为 McNemar p<.05 且 paired CI 排零。所有三个 raw reversals 都位于 <1 pp 的四对近似平局中，而该门将该 stratum 全部排除，遂由 raw 3/28 得到 gated 0/23；28 对又共享同一 1,319 个问题。	零值是按结果选择且与反转机制近共线的条件统计，不是预先控制错误率的稳健性证据，也不能估计总体反转概率。论文虽披露这一点，但标题式‘survives’读法仍必须以 raw 结果为主，且不能靠同一床上的更多后验门升级。	把 3/28 作为唯一主 order 结果，0/23 仅留作探索性选择敏感性；在独立 arms/bed 上预先冻结 criterion、family 与分母进行确认。	新数据运行前提交完整 gate；既报告所有 raw signs，也报告 gated set，并用问题级 resampling 对整个 arm-ranking functional 给不确定性。	独立预注册复现和 arm-level/item-clustered inference。	high	high
A1	R2	A1-R2-03	major	significance,experimental_rigor,limitations_responsible_claims	第 2–5 页 §2–3.2；第 12 页 §6	Bed 1 使用 GSM8K test、free-form diffusion generation；Bed 2 使用 training split short band、不同 prompt/task format，并称 autoregressive evaluation。其格式覆盖分别约 10%–27% 与 97%–98%，条件化后选中的 population 几乎不重叠。	巨大 rescue-share 差异无法分离 parser、prompt、split、decode mode 与输出长度等因素。作者正确拒绝 capability ranking，但这也意味着跨床部分主要证明了预先明显的不可比性，无法给一般 parser effect 或校准规则提供外部效度。	在同一问题、prompt、生成输出和 decode 配置上只替换 parser；再跨至少另一模型/任务重复。若不新增实验，将标题、摘要与贡献限定为这两个历史档案的 forensic audit。	固定生成文本的交叉 parser 矩阵应识别纯 measurement effect；固定 parser 的 matched-bed 对照应量化 bed effect，并报告交互项。	matched-output parser intervention 与跨床复制。	high	high
A1	R2	A1-R2-04	major	reproducibility,experimental_rigor	第 2 页 §2；第 8 页 §5.3；第 14–17 页 Appendix A；第 22 页 Appendix E	sampling seeds 与 temperatures 未记录；原 frozen generation trials 不随匿名包再分发，只提供汇总表的 role locators。计划中的第九 Bed 1 arm 也无法从 shipped records 识别，使 36 对只剩 28 对可复现。	审计可从表格重算不等于实验可重现；无法重新生成、逐项复判或确定计划全集，使 parser 变化与历史 artifact selection 纠缠。对 missing arm 的 adversarial bound 也不能替代真实记录。	发布去标识的逐项输出、完整 config、trial manifest 与所有计划 arms；若配置不可恢复，明确把工作降为不可再执行的二次档案分析。	第三方从匿名包重建每个 arm 的 output→canonical/strict label→全部表格；manifest 必须证明计划 arm 集无遗漏。	逐项输出、完整配置、原计划全集与第三方重放。	high	high
A1	R2	A1-R2-05	major	clarity,limitations_responsible_claims	第 23 页表 20 的 Final synthesis 行	稿件在解释清单中披露并对比既往内部与外部评审分数，还声称当前定位依据其中一项 grade。该信息不是科学证据，也与本次盲审对象无关。	在投稿正文中呈现既往分数会直接锚定后续 reviewer，并可能泄露审稿/编辑过程上下文。它违背独立评价原则，也削弱论文对 measurement hygiene 的可信度。	删除所有既往 reviewer、panel、score、grade 与‘positioned against’表述；只保留由论文数据支持的科学结论。	对最终 PDF 做文本扫描，确认不存在先前评分、评审身份、目标分数或要求 reviewer 采纳的元评审内容。	清理后的盲审稿。	high	high
A1	R3	A1-I1	critical	experimental_rigor,technical_soundness,limitations_responsible_claims	第 6--8 页第 4 节/J2；第 10 页表 6--7；第 22 页附录 E	28 个 raw Bed 1 pair 中有 3 个 sign reversals；所谓 definite favorable gate 选出 23 对且 reversal 为 0。论文承认“definite”只有估计措辞预注册，具体要求 exact two-sided McNemar p<0.05、paired CI 排除零且方向有利，是看过数据后才 operationalize。所有 raw reversals 都位于小于 1 pp 的 near-tie stratum，恰被该 gate 排除；两个更宽松 gate 各保留 2 个 reversals。	事后选择且按有利方向条件化的 gate 不能提供确认性的零反转证据。它几乎与“远离 near-tie”同义，因此 0/23 是选择规则的结果，而不是 parser normalization 普遍保持顺序的证据。	把 3/28 raw result 作为唯一主要结果，将所有 gate 降为明确的探索性敏感度；在独立数据上预注册双向、与观察方向无关的 effect-size/uncertainty 门限，并控制完整 pair family。	独立 arm family 在锁定 gate 下运行，报告所有 eligible/ineligible pairs 与 raw matrix；零反转结论需在未按方向筛选的预定 family 中通过校准的概率或区间门限。	带时间戳的 gate 规范、未见数据的独立 arm records、完整 pair-level effect/CI/p 值和 multiplicity 决策。	high	high
A1	R3	A1-I2	critical	experimental_rigor,reproducibility	第 8、10、16--17、22 页 J2 arm inventory、表 6/11 与附录 E	预注册与 frozen plan 声称九个 Bed 1 arms、36 pairs，但 shipped per-arm records 只能识别八个 arms、28 pairs；第九 arm 未识别。论文给出将缺失 arm 作最坏分配的 36-pair bounds，但没有实际观测。	缺失 arm 属于计划 family 的 20% 关系（8/36 pairs）。对其作对抗计数不能恢复效应、pair dependence 或 gate eligibility，也无法验证完整预注册结论。	找回第九 arm 的明确配置与逐题输出，按相同 parser lineage 重算全部 36 pairs；若无法恢复，必须把目标 family 正式改为八 arm、明确承认预注册主要分析不可完成。	arm manifest、题目 IDs 与输出哈希应唯一映射九个 arms；第三方能重建 36-pair matrix并复现 multiplicity/gate 结果。	缺失 arm 的配置、逐题生成、parser 输出、完整 manifest 与运行哈希。	high	high
A1	R3	A1-I3	major	technical_soundness,experimental_rigor,limitations_responsible_claims	第 5 页第 3.2 节；第 7 页 J1；第 9、18 页表 5/13	B1-32 的 q≈0.099，而 B2-96 的 q≈0.983；条件准确率 a 相差 -32.76 pp，但它们对应由生成后格式行为选择出的完全不同子群，且两个床的任务 split、prompt 与配置也不同。additive share 还随任意 anchor 在 [59.11%,95.87%] 变化。	J1 不能识别统一能力或可加的 parser 贡献；它只描述两个不同 selected populations 的条件率。论文虽承认该点，但这也使“two-bed leveling”的科学产出主要是不可比性诊断。	若要作跨床 level 结论，需在同一模型、prompt、任务与题目上随机化/操纵格式要求或构造共同支持，并预先定义可识别 estimand；否则标题与摘要应进一步限定为描述性 parser audit。	同题同配置的格式干预中，格式/救援路径由随机化决定且两组有充分 overlap；用 IPW/标准化或随机化差异估计 common-population effect。	共同题目上的受控格式干预、propensity/overlap 诊断和预注册 estimand。	medium	high
A1	R3	A1-I4	major	reproducibility,experimental_rigor	第 2 页 Beds, arms, and rulers；第 12--15 页 Reproducibility/A.1	冻结 artifacts 未记录 sampling seeds 与 temperatures，trials 也未重新分发；作者明确只能从 shipped tables 复算分析，不能重建生成。两床还包含不同 split、prompt、budget 与配置。	rescue share 与格式排放可能高度依赖温度、seed、prompt 和长度预算。无法重生成意味着无法区分稳定 parser artifact 与某次未记录采样的偶然组成。	在完整记录 prompt、temperature、每题 seed、model/checkpoint、budget 与软件版本的新床上前瞻性重复，并发布逐题原始回答与 judge traces。	第三方可端到端重建新床；跨 seeds/temperatures 的 rescue share、channel gap 与 order matrix 方向稳定，并报告异质性。	可执行生成清单、逐题 seeds/config、原始文本、parser traces 与哈希。	high	high
A1	R3	A1-I5	major	technical_soundness,reproducibility	第 9 页表 5；第 15、18、20--21 页附录 A.1/D、表 12/17/18	canonical reimplementation 与冻结结果有 6/2136=0.28% 漂移；S1 tight 与 S2 raw-whitelist strict sources 在多个 arms 相差 1--6 个 formatted-correct items，使 Bonferroni 显著 arm 数从 3/8 变为 4/8。不同 parser lineage 还会显著改变绝对 accuracy 与 definite reversal counts。	论文的主题正是 parser 敏感性，因此 load-bearing label 自身没有独立金标准时，通道 gap 与顺序结论可能只是所选实现的边界效应。	建立覆盖全部分歧与随机抽样响应的双人盲标金标准，发布 parser unit tests/优先级规范；主分析同时报告金标准及预注册 parser，其他 lineage 作为敏感度。	两个独立实现逐 response 输出一致；对不一致项人工仲裁后，主要计数、gate 与多重性结论在金标准上保持。	分歧 response、各 parser trace、盲标与仲裁记录、单元测试和重算结果。	high	high
A1	R3	A1-I6	major	clarity,limitations_responsible_claims	第 23 页表 20，Final synthesis 行	双盲投稿 PDF 明文包含既往内部 panel 与外部 reviewer 的评分、维度判断和定位文字。本审稿因必须全文阅读而被动遇到该信息，但已完全忽略其评分与结论。	向后续审稿人暴露既往评分会锚定判断、破坏评审独立性，并把与科学证据无关的内部 QC 元数据带入匿名稿。	删除所有既往 reviewer/panel 分数、目标评分、接受倾向与审稿比较；在提交前对 PDF 做自动检索和人工 blind-integrity audit。	新的冻结 PDF 中检索 reviewer、panel、score、overall、accept/reject 等元数据不再返回任何审稿历史，独立检查者确认无隐含评分线索。	清理后的 PDF 与 blind-integrity checklist。	high	high
A10	R1	A10-I1	critical	novelty,significance	PDF pp.1–3，Abstract、§1–§2 与 Table 1；PDF p.8，§5；PDF p.9，Conclusion	论文反复声明这些字段不是新 metric、signal schema 不是新 decoder、random-init 不是竞争 baseline，且没有质量排序、capability 或训练发现。相对于 Table 1 所列最近工作，新增内容主要是把长度、字母词产出和词集中度并列报告在一个极窄 pilot 中。	负结果可以重要，但需要揭示反直觉、可泛化的现象或提供可复用且经验证的方法。当前最强正结果只是预训练初始化在极短预算下比随机初始化损失低，这一方向本身预期性很强；报告字段也未被证明能解决实际选择问题。	明确一个可证伪的核心研究问题，并用多模型/多提示/多训练阶段证据回答；若贡献是测量方法，则需定义并验证其相对现有退化指标的增量效度。	在预先固定的数据集与提示套件上比较 companion bundle 与标准重复度、长度、distinct-n、人工质量标签的预测/诊断性能，并在独立模型上复现。	跨设置效度研究、强基线和清晰的新增科学命题。	high	high
A10	R1	A10-I2	major	experimental_rigor,technical_soundness	PDF p.4，§3.3 与 Table 2；PDF pp.6–7，§4.2、Tables 5–8；PDF pp.8–9，§5–§7	生成评价仅有一个提示、一个 seed-42 checkpoint pair、两个温度和每格 32 个样本；两臂输出都明显退化。AR-init 在 τ=0.7 只有 1/32 样本达到 128 tokens，PPL 排序随 teacher、温度和长度 cap 改变，且没有独立人工质量锚。	在长度和退化模式严重不同的条件下，PPL 与简单 emission 统计看似“互补”可能只是测量了样本长度/循环形态，不能说明它们对一般生成质量或初始化比较有判别力。	扩展到多提示、多生成 seed、多 checkpoint 和至少一个独立人工/任务质量锚；按 continuation 级而不是只按 cell 汇总集中度，并预先规定长度处理。	在独立保留集上评估各指标与盲人工偏好/任务成功的相关、校准及错误案例；用层级 bootstrap 同时覆盖 prompt、checkpoint 和 sample。	多提示重复、逐样本统计、人工质量标签与独立验证集。	high	high
A10	R1	A10-I3	major	experimental_rigor,significance,limitations_responsible_claims	PDF pp.3–5，§3.2、§4.1，Tables 2–4、Figure 2；PDF p.9，Table 11	两臂仅训练 458 步/约 30M tokens，曲线仍在变化；比较的是保留大量 AR 预训练信息的初始化与从头随机权重。四个重复只改变数据顺序/训练随机性，三次独立 weight draws 也仅给出同一短预算下的三个差值，符号检验 n=4 的最小单侧 p 为 0.0625。	这一设计无法区分初始化带来的预期起点优势、学习速度和最终可达性能，也没有给出等 loss、等计算到收敛或更有竞争力的初始化对照。	加入 step-0 和密集学习曲线，训练到接近收敛或比较达到相同 loss/质量所需计算；增加多个权重 seed 和合理的中间初始化基线。	预先定义曲线 AUC、time-to-threshold 和最终窗口效应，在足够多的独立权重 draw 上给出层级区间，并检查差异是否在匹配训练阶段后仍存在。	长程学习曲线、step-0、更多独立初始化和阶段匹配对照。	high	high
A10	R1	A10-I4	major	reproducibility,technical_soundness	PDF p.4，Table 2；PDF p.8，Tables 9–10；PDF p.9，Reproducibility Statement	drift scalar/top-k 重算相差 12.6%–18.1%，最坏记录误差 56.8%，因此没有 drift effect；MAUVE 未记录；principal random-init 使用 ambient RNG 且没有 seed 参数，step 0 也未记录；冻结时无经验证的外部匿名 URL。	失败的量化检查不能支持轨迹结论，缺失权重种子又使主要随机初始化无法从头重建。只提供 checkpoint 哈希可验证现有文件，却不能复现产生过程或检验独立 draw 变异。	修正并重跑 drift/MAUVE，记录完整配置和误差门；为所有权重、训练与生成随机源提供明确种子，加入 step-0，发布可访问的匿名工件。	独立环境从记录种子生成相同初始权重，重跑诊断后 scalar/top-k 差异低于预设 1% 门，并从公开工件复算所有主表。	可执行匿名工件、完整 RNG provenance、修正后的诊断输出。	high	high
A10	R2	A10-R2-01	major	technical_soundness,experimental_rigor	第 1 页摘要与贡献 1；第 5 页图 2、表 4与 §4.1	四个差值为 2.2814、2.2893、2.2394、2.2391，paired-t 区间极窄为 [2.2196,2.3050]；但 n=4 无法可靠检验差值正态性，精确 one-sided sign test 的最小 p 仍为 0.0625。四次还共享同一对固定 initialization checkpoints。	t 区间的精度主要反映这一个固定权重对下 data-order 差值很稳定，不能支持更广的重复性或初始化效应。以它作为 headline CI 容易掩盖有效独立单位极少、稳健检验未过阈值。	将四次结果表述为描述性 fixed-pair consistency，并以 sign/randomization interval 为主；增加足够多、预先设定的 paired runs，使 robust paired inference 有可用分辨率。	预注册 seeds 和主统计量；报告 sign/permutation、t 与 bootstrap 敏感性，并证明结论不依赖正态假设或单个 seed。	更多独立 paired runs 与稳健小样本推断。	high	high
A10	R2	A10-R2-02	major	technical_soundness,experimental_rigor,limitations_responsible_claims	第 3–4 页 §3.2与表 3；第 8–9 页 §5–6、表 11	仅三个 fresh random draws，gap 为 2.300、2.281、2.272；论文用 percentile bootstrap 给出下界 2.272>0。三点 bootstrap 的尾部基本退化为观测极值，无法评估权重分布尾部；三次同号的 one-sided sign p 为 0.125。	该结果不能以 95% 置信度推广到随机初始化总体，也不能说明 emission mode 稳定；事实上两次 loop、一次 gray 已显示 draw dependence。	撤下 population-CI 语言，把三点列为 pilot；用足够多独立 weight seeds、独立 data orders 和层级模型/随机化检验分离 draw 与 run 方差。	交叉 weight_seed×data_seed 设计，在 draw 级留一法和符号检验下方向仍稳定，并报告 draw-level emission mode 分布。	更大多初始化、交叉随机效应实验。	high	high
A10	R2	A10-R2-03	major	significance,experimental_rigor,technical_soundness	第 3–8 页 §3.3–5；表 5–10	生成证据来自一个 prompt、seed-42 checkpoint pair、每 cell 32 continuations；无人工或独立质量 anchor。两臂都退化，PPL 在 teacher/cap/temperature 下改变或反号。drift scalar/top-k totals 又相差 12.6%–18.1%，没有误差界。	输出长度与词频当然能区分短 stub 和重复 loop，但这不验证它们能诊断质量、训练状态或一般 degeneration，也不建立相对 PPL 的增量效度。轨迹机制因 failed gate 不能解释。	在多 prompts、checkpoints、weight draws 与至少一个人工/任务质量锚点上预先定义退化标签，评价各字段的 discriminative/增量效度；修复 drift 记录后独立复跑。	按 prompt 和 checkpoint 留出测试，比较 PPL-only 与 PPL+E 对 blind degeneration labels 的性能；drift 重算必须通过预定容差。	多样生成样本、独立标签与修复后的 trajectory records。	high	high
A10	R2	A10-R2-04	major	reproducibility,experimental_rigor	第 4 页表 2；第 9 页 Reproducibility Statement	principal random weights 由 host ambient RNG 产生且 seed 未记录；step 0 也未记录。文稿没有 verified external anonymous URL，只列 checkpoint SHA 和本地匿名 bundle 信息，未明确保证权重 bytes 可取得。	若 checkpoint 不随包发布，第三方无法重建这个唯一 fixed draw，标题中的 reproducible 只适用于派生表格而非核心训练条件。SHA 能验证已有 bytes，不能从零恢复 bytes。	发布匿名 checkpoint 或精确 RNG state/初始化脚本，使权重逐 tensor 重建；提供外部可访问 artifact 与端到端验证命令。	干净环境重建 principal draw，所有 272 tensors 的 digest 与给定 checkpoint 相同，并复现 step-10/450 endpoints。	checkpoint bytes 或完整 RNG state、公开 artifact 和第三方重放。	high	high
A10	R2	A10-R2-05	major	novelty,significance,limitations_responsible_claims	第 1–3 页 §1–2；第 8 页 §5–7	AR-init 继承已预训练 SmolLM2 权重，random-init 从零开始，两者只训练 30M tokens/458 steps，loss 仍在变化；作者明确不提出新训练发现、metric、decoder、质量排序或跨床结论。	预训练初始化在极短预算下低于随机初始化是预期负控，而不是足以改变领域认识的发现。剩余 deliverable 是把常规表面统计量并列报告，尚无采用或性能证据。	把工作定位为 artifact/engineering note，或提出并验证一个可迁移、可证伪的问题，例如不同预训练适配方案在匹配收敛预算和多质量锚点下的系统比较。	在 matched compute-to-convergence、多模型/规模和独立任务上验证新的主假设，并相对最近 AR-to-diffusion baselines 量化增量。	具有外部效度的训练与评估实验。	high	high
A10	R3	A10-I1	critical	experimental_rigor,significance,technical_soundness	第 1--2 页摘要/引言与图 1；第 3--4 页表 2；第 6 页表 5--6；第 9 页表 11	生成评估仅使用一个提示、一个 seed-42 checkpoint pair、每 arm/temperature 32 个 continuation。AR-init 主要产生标点/换行残片，random-init 主要产生单词循环；两者都退化。没有人评、任务正确率或其他独立质量锚，MAUVE 也未成功记录。	当所有比较对象均失败且没有外部目标时，PPL、长度、argmax concentration 或 entropy 的差异无法解释为更好的生成、可用诊断或普适负对照属性。单提示还完全无法估计 prompt population 变异。	在预先定义的多提示集合、至少两个任务/模型规模和多个 checkpoint/生成种子上评估；加入与研究问题匹配的独立质量锚（盲人评或任务标签），并预先说明每个内部信号预测的外部结果。	对提示与生成种子分层重采样，报告每个信号对独立质量标签的校准/区分性能及跨床异质性；不能只在退化样本中以 arm identity 作为替代标签。	完整提示清单、逐样本输出、盲标协议或任务标签、独立种子和分层统计结果。	high	high
A10	R3	A10-I2	major	experimental_rigor,technical_soundness	第 1 页结果预览；第 3--5 页表 3--4；第 9 页表 11	四个 paired seeds 只改变数据顺序和训练随机性，随机权重 draw 固定；配对 t 区间基于 n=4，方向 sign test 的最小双侧 p 为 0.0625。额外三个随机初始化虽方向一致，但都用同一 seed-42 数据顺序，并未形成权重×数据顺序的独立重复设计。	窄区间 [2.220, 2.305] 只反映固定权重 draw 下的数据顺序变异，容易被误读为初始化总体的精度。n=3 方向检查不足以估计初始化方差或交互。	采用预先功效分析的交叉/嵌套重复：多个独立随机权重 draw、多个数据顺序与训练种子，并为 AR-init 提供相同层级的重复；用分层模型或按独立 draw 聚类的区间报告方差分量。	主要 loss gap 的区间应在权重 draw 和数据顺序两个层级都重采样后仍远离零，并报告 draw×order 交互及异常 draw。	每个 weight seed × data-order seed 的 endpoint、预定样本量与分层分析代码。	high	high
A10	R3	A10-I3	major	reproducibility,experimental_rigor	第 4 页表 2；第 9 页 Reproducibility and release	主 random-init 权重由 host ambient RNG 产生且未记录 seed；step 0 也未记录。论文给出 checkpoint 哈希，但冻结时没有已验证的外部匿名 URL。	该权重 draw 是主要处理变量。若 checkpoint 不可获得，其他研究者无法构造同一处理；即使可获得，也不能验证从初始化代码到权重的确定性生成链。	发布主 checkpoint，并记录生成权重的 RNG 算法、所有库版本、seed、初始化例程与初始化后哈希；补充从空环境重建的端到端清单。	第三方按所给 seed/环境生成的 step-0 state dict 应与发布哈希逐字节一致，并能复现至少一个训练 endpoint。	可下载 checkpoint、weight seed、初始化代码、环境锁文件和逐阶段哈希。	high	high
A10	R3	A10-I4	major	technical_soundness,reproducibility,limitations_responsible_claims	第 7--8 页第 4.3 节与表 9	drift 的 scalar/top-k 重算门要求 1% 容差，但实际总量相差 12.6%--18.1%，random-init 个别单元达到 56.8%。作者因此不报告漂移效应，只保留两个序列化一致性检查。	失败幅度显示 drift 字段定义、索引或聚合链可能有系统性错误；任何把 entropy/argmax 轨迹解释成低置信层导致漂移的叙述均没有可审计数值基础。	定位差异来源，以逐 token/step 的手工小例验证定义，修复后从原始 logits/ids 重新计算并在独立实现间达到预定容差；在此之前删除所有机制暗示。	预注册的随机样本与边界案例上，两个独立实现的 drift count/率均在 1% 以内且逐事件差异可解释。	原始事件字段、重算代码、最小 worked example、逐事件 diff 和修复后 gate 报告。	medium	high
A10	R3	A10-I5	major	experimental_rigor,technical_soundness,clarity	第 5、7--8 页第 3.3/4.4 节、表 10	AUROC 以当前 argmax 是否不同于最终 token 为标签，32 条 trajectory 产生 260,064 个高度相关的 masked 行；区间按 trajectory bootstrap。所谓 calibration multiple 是 real/null95 的置换比值，不是 AUROC 或标准显著性量，random-init 原始 AUROC 约 0.458。	单 prompt、32 trajectory 无法支持 prompt-level 外推，且逐行大样本会给出看似很窄的区间。低于 0.5 的 orientation 也没有由独立任务效用验证，非标准比值很难解释。	把 trajectory/prompt 设为明确抽样单位，在多提示多种子上重复；预先定义方向与假设检验，报告标准置换 p 值/效应，并用 held-out 外部结果验证 entropy 的用途。	按 prompt 与 trajectory 两层 bootstrap 后效应方向稳定，且 held-out 质量/错误标签上的预测性能超过预定基线；置换程序的 I 类错误用模拟校准。	多提示逐 trajectory 数据、预注册统计量、置换零分布和 held-out 验证结果。	medium	high
A14	R1	A14-I1	major	novelty,significance	PDF pp.2–3，§2 Related Work and Local Evidence Context；PDF pp.9–10，§7–§8	论文比较的评分、随机 mask、固定/随机/置信度 reveal 和 paired accuracy 工具均来自或紧邻既有实践；新增证据集中在单一 LLaDA-8B/GSM8K-MC 床。结论也只声称 bed-local non-interchangeability，没有提出新 decoder、评分器或一般理论。	协议实现细节会改变结果是重要警示，但仅证明一个自定义多选床上的差异，尚不足以说明该问题在主流评测、其他 dLLM 或实际生成任务中具有广泛影响。	与最接近的公开 dLLM scoring/reveal 方法做直接同床比较，并在至少另一个模型、任务和选项构造上预注册复现；清楚界定相对于既有协议敏感性研究新增的可迁移命题。	冻结统一 item/prompt/judge 后，在多个模型与选择题/自由生成任务上重复 factorial protocol matrix，检验效应方向、量级和 rank disagreement 是否保持。	强最近基线、跨模型/任务复现和明确的新颖性差异表。	high	high
A14	R1	A14-I2	major	technical_soundness,experimental_rigor,limitations_responsible_claims	PDF pp.3–5，§3–§4、Table 1、Table 3；PDF p.9，§7	即便 2L/2L 对齐总 NFE，s_conf 仍进行 sequential candidate scoring、使用 ground-truth token 注入并以模型置信度选择 schedule；mc_uniform 使用不同 mask-out path、无 feedback。精确 2L 只对齐 forward 次数，没有保持状态路径、反馈或每次 forward 的 token 工作相同。	+13 pp 能证明完整协议不可互换，却不能定位差异来自置信度、答案注入、顺序、路径还是计算结构。若将其解释成 structured reveal 或 confidence 的优势，会超出识别范围。	构造正交的 factorial ablation：固定 feedback 后只换 order，固定 order 后只换 feedback，固定 mask path 后只换 selection rule；并测量 token-level FLOPs、wall-clock 与内存。	对每个单因素对照做同题配对区间和预注册多重性控制；只有某因素在其他因素固定时仍产生稳定差异，才可作对应归因。	正交消融、实际计算账本和相同路径对照。	high	high
A14	R1	A14-I3	major	experimental_rigor,reproducibility	PDF p.3，§3（seeded-random provenance）；PDF pp.7–9，Tables 5–6、§6；PDF p.12，Appendix A	s_conf 对 rand_inject 的 fresh 结果来自一个 persisted random schedule，而非 schedule-seed 平均；原 runner 使用未固定的 Python string hash，只能靠保存的逐候选顺序回放。fresh endpoint 是在发现 pilot/fresh 异质性后升格的 post-selection secondary，且固定顺序效果按构造层和答案位置变化并在 position 0 反转。	单个随机日程和观察后选池不能支持“structured reveal 胜随机策略族”的稳定结论；位置反转还提示多选构造可能驱动平均效应。	预先固定多个跨进程可复现的 schedule seeds，在同一新题池上平均；按预先规定的构造层和答案位置分层/平衡，并把 fresh pool 当作确认性新研究而非事后升格。	层级模型或 cluster bootstrap 同时覆盖 item 与 schedule seed；预注册主效应在各构造层保持方向，且 position interaction 被明确估计。	多 schedule-seed 重放、平衡新池和预注册交互分析。	high	high
A14	R1	A14-I4	major	experimental_rigor,significance	PDF pp.5–9，Tables 2–6、§5–§7；PDF pp.13–15，Appendices B–D	所有主要结果来自一个 checkpoint 和一个四选一 GSM8K-MC 构造；candidate length 不一但未测 length-normalized likelihood。五选项 probe 依注册门判为 UNDETERMINED；reference 曲线也只覆盖几个离散 operating points，不能给出 dose response 或离床预测。	协议排序可能特定于候选长度、近错 distractor 生成与答案位置。若四选一之外不稳定，则“scoring protocols non-interchangeable”的实际适用范围很窄。	加入长度归一化和校准后的 scoring 基线，扩展到五选项/不同 distractor 机制/不同任务及 checkpoint，并预先规定推广目标。	在各构造中报告配对效应与 interaction；若主方向跨 option count、length normalization 和 task 保持且异质性可解释，才支持推广。	多构造外部验证与长度控制分析。	high	high
A14	R1	A14-I5	minor	clarity	PDF pp.4–8，§3–§6 与 Table 5	文中并列 pre-registered primary、post-selected decisive、pre-registered conservative、post-selection secondary、单对 k=1 和五检验 sensitivity 等多层标签，且使用不同区间约定。虽有 analysis map，主叙事仍容易让读者把确认性和探索性结果视为同等。	复杂的决策历史会增加选择性报告风险，也掩盖唯一可独立解释的核心结果。	主文只保留一个确认性主 estimand 和少数预先声明的 secondary；将历史 pilot、事后升格和替代区间集中到附录，并用统一术语标注。	让独立读者仅凭摘要和主结果表即可准确指出主假设、唯一 multiplicity family、主要区间和探索性结果。	简化后的分析层级与统一主表。	medium	high
A14	R2	A14-R2-01	major	technical_soundness,experimental_rigor,limitations_responsible_claims	第 1 页摘要；第 3–5 页 §2–3；第 11–12 页关于 NFE matching 的讨论	资源公平性仅按 forward-call 数计数：s_conf 的 L 次打分加 L 次自适应选择被记为 2L，mc_uniform 的 nmc=2L 被记为相同 NFE。稿件没有测量不同调用的 token/canvas 形状、批处理、FLOPs、wall time、显存或硬件利用率，却在摘要中使用‘less compute’读法。	相同调用次数并不保证相同实际成本，尤其当打分、采样和自适应状态更新具有不同张量形状与并行效率时。准确率优势可以成立，但计算效率这一核心解释尚未被观测量支持。	将现有结论明确限定为 draw-count/forward-call proxy，或在冻结实现和硬件上测量每题 FLOPs、延迟、吞吐、峰值显存与能耗，并给出预算—准确率曲线。	在相同硬件、batch size、精度和缓存设置下交错运行各协议，重复多个随机次序；比较实测成本相同时的配对准确率，并报告置信区间。	端到端成本计量、运行配置与成本匹配后的准确率结果。	high	high
A14	R2	A14-R2-02	major	experimental_rigor,technical_soundness,clarity	第 5–7 页 §3.2–3.4；第 13–16 页补充检验与 multiplicity 说明	matched-L 是明确的预注册主比较；2L/2L 对比及其‘decisive’地位在观察同一 n=400 数据后被提升。稿件给出多个预算点、顺序对比、fresh-pool 分析和不同 correction families，但没有证明 2L endpoint、所有报告族及其决策角色在数据揭示前共同冻结。	在同一题集上选择最有说服力的预算与校正族会使名义 p 值过于乐观。它不会抹掉 +13 pp 的预注册主结果，却削弱‘成本匹配后也已确认’这一更强主张。	把 matched-L 保持为唯一确认性结果，将 2L 与其余预算列为探索性；在独立题池预先冻结预算网格、主 endpoint、方向、检验族和 stopping rule 后复制。	公开时间戳 preregistration，并在完全未使用的新题池上一次性执行；校正需覆盖所有会影响主结论的预算与 protocol contrasts。	独立的预注册 total-cost 复制及完整 multiplicity 账本。	high	high
A14	R2	A14-R2-03	major	technical_soundness,experimental_rigor,reproducibility	第 3–4 页协议定义；第 6–9 页 Monte Carlo 与 random-order 结果；第 17–18 页随机性说明	mc_uniform 及随机顺序协议在每题/条件下仅有一个随机 realization，未对算法随机性重复 seeds。随机 schedule 的原始 seed 又依赖未固定的 Python string hash，当前只能靠已记录的顺序重建；fresh random-order 分析还在看到 pool heterogeneity 后被提升。	一次 realization 估计的是某个随机轨迹，不是随机协议的期望性能；protocol 间的百分点差可能混入 draw/schedule variance。记录顺序保证当前输出可重算，但不能给出换 seed 后的稳定性。	对相同题目运行多个独立、显式整数种子，分别估计题目随机性与算法随机性；报告 protocol 平均效应、seed 方差及最坏/最好 seed 敏感性。	以题目和 seed 为交叉层级做配对/层级 bootstrap；主要方向应在预定比例的 seeds 中保持，且区间排除实质性零效应。	多 seed 原始轨迹、确定性 seed 生成规则和层级不确定性分析。	high	high
A14	R2	A14-R2-04	major	significance,experimental_rigor,limitations_responsible_claims	第 7–10 页 §4 fresh n=819；第 10–12 页讨论与五选一 probe；第 18–19 页限制	fresh n=819 上 fixed order 总体比 s_conf 高 5.62 pp，但按正确答案位置分层时位置 0 上 s_conf 反而高 12.56 pp，位置 1–3 则 fixed 更高。研究只用一个模型、一个构造的 GSM8K-MC recipe，且没有以多组 distractor、选项置换或模型复制；五选一 probe 也被登记为 UNDETERMINED。	总体效果可能主要由选项构造与位置先验加权得到，而不是 confidence schedule 的一般缺陷。‘confidence 非必要’在该构造上成立的描述性证据，不能直接外推到其他选择题格式或 masked-diffusion 模型。	对每题生成多组平衡置换和独立 distractor sets，跨至少另一模型/数据集复制；预先把位置与构造交互设为主分析。	在题目内平衡所有正确答案位置后，估计 schedule 主效应与 position×schedule 交互；主结论应跨构造 seed、任务和模型保持。	平衡置换、多构造 seed 与跨模型/任务复制。	high	high
A14	R2	A14-R2-05	minor	clarity,significance	全文，尤其第 5–12 页结果与第 13–19 页附录	稿件在 19 页中并列大量预算、顺序、校正族、fresh-pool、五选一及事后敏感性结果；虽然多数有标签，但主证据层级仍需读者跨多节重建。协议同时改变反馈、顺序和 estimator，正文没有一个最小 factorial 图明确哪些因果因素被识别。	证据层级过密会让一个可靠但窄的 paired finding 被更弱的探索性结论稀释，也容易把‘协议不同’误读为已经解释了差异来源。	正文压缩为预注册主结果、一个预先定义的资源敏感性和一个独立复制；其余移入附录，并用一张 intervention table 标出每个 arm 同时变化的因素与可识别 estimand。	不依赖附录即可从主文唯一识别 primary endpoint、confirmatory family、探索性结果及每项结论的适用范围。	重构后的结果层级与 intervention-factor 表。	medium	high
A14	R3	A14-I1	major	experimental_rigor,technical_soundness,reproducibility	第 3 页 Setup（seeded-random 描述）；第 8 页 Persisted-schedule sensitivity；第 9 页 Limitations	每个 item/cell 只保留一次 random mask 或 seeded reveal order。fresh n=819 的 random arm 是一个 persisted schedule realization，作者明确称其不是 seeded-random family 的平均；名义 seed 还曾受未固定 Python string hash 影响，虽然现在可按已存 order replay。	题目配对区间量化 item 变异，但不能分离 protocol RNG 对 accuracy、discordance 和 arm ranking 的贡献。一个有利或不利的 schedule/mask realization 可能放大床内差异。	对所有随机协议使用多组预先声明的独立 seeds，并为每题保留多次 mask/order；用 item 与 protocol-seed 的交叉层级分析报告均值、方差和 seed 敏感性。	主要 gap 在 leave-one-seed-out、随机 seed meta-analysis 和 seed×item 分层 bootstrap 下方向稳定，且预定最差 seed 界仍保留实际意义。	逐 item×seed 的 mask/order、score vector、prediction 与分层方差结果。	high	high
A14	R3	A14-I2	major	experimental_rigor,limitations_responsible_claims,clarity	第 4 页 Registration and principal-contrast selection；第 6--7 页表 3/5；第 14--15 页表 12--14	原 primary 是 nominal matched-L；2L/2L total-NFE-fair 行在分析图中标为 post-selection secondary，却被提升为“decisive”。四个 n=400 budget rows 来自分阶段/独立注册的运行并复用同一 s_conf 记录，正文主要说明单配置的 ten-test Holm family，没有给整条追加预算曲线的统一序贯 family。	结果的原始 p 值很小，方向可能稳健，但事后选择最能回答质疑的端点和分阶段扩展曲线会使“confirmatory curve”地位高于预先承诺的证据。	将 matched-L 明确作为唯一原 primary、2L 等标为假设驱动的后续确认；或者在独立新题池上一次性预注册全部预算点、主要端点、停止规则和跨端点多重性。	独立冻结池的统一预注册 family 中，total-NFE-fair 和 conservative high-budget 两个预定端点均通过校正阈值且效应超过预定实用门限。	各注册时间戳、端点添加顺序、完整 family 决策与独立确认性运行。	medium	high
A14	R3	A14-I3	major	experimental_rigor,technical_soundness	第 2--4 页图 1、表 1 与 Load-bearing estimand；第 17 页表 19	2L/2L 只匹配 nominal total forward-call count。s_conf 的 L 次 schedule-selection forwards 与 L 次 scoring forwards，和 mc_uniform 的 2L random-mask scoring draws 在 mask pattern、控制流、重用与潜在 kernel/cache 路径上不同；论文未报告 FLOPs、延时或显存。	NFE 是合理但不完整的计算代理。该行可反驳“forward 次数较少”这一窄解释，却不能称为一般 compute-fair，亦不能支持计算效率结论。	逐 protocol 测量总 FLOPs/有效 token operations、wall-clock、GPU-hours 与峰值显存，并在等实际预算下重跑；将现有措辞限定为 draw/forward-count matching。	在预定实际成本容差（例如总 FLOPs 或 GPU 时间±5%）下，配对 accuracy gap 仍保持方向与实用大小。	profile 日志、硬件/软件版本、每阶段成本分解与等成本结果。	medium	medium
A14	R3	A14-I4	major	experimental_rigor,technical_soundness,limitations_responsible_claims	第 8--9 页表 6、fresh-pool strata audit 与 Boundary；第 12 页表 8	fresh pool 上 fixed 左到右比 s_conf 高 5.62 pp，但差异依赖题目构造 strata，并在 answer position 0 变为 s_conf 领先 12.56 pp、在 positions 1--3 反向。position audit 是事后分析，选项构造并非随机化干预。	总体 fixed-order 优势可能由 option position 与 distractor construction 的耦合产生，而非 reveal schedule 的一般属性；当前只能证明这套题面构造下协议结果不同。	对每题生成多种随机 option permutations，跨 construction strata 平衡，预注册 schedule×position 交互；最好在第二种 MC 构造/任务上重复。	在对 option permutation 取平均后，fixed/s_conf 差异与交互区间可重复；若主效应消失，应将结论改为 format-specific interaction。	逐题多 permutation score、随机化记录、分层交互模型与独立构造床。	high	high
A14	R3	A14-I5	major	technical_soundness,significance,limitations_responsible_claims	第 2--3 页图 1、表 1；第 9 页 Boundary；第 9 页 Limitations	s_conf、fixed/rand/anti inject 与 mc_uniform 同时改变 reveal schedule、是否注入 ground truth、schedule-selection forwards 和 scoring estimator/aggregation。单一 composite swap 无法识别 feedback、order 或 estimator 的独立效应；所有结果又来自一个 checkpoint 和一个四选 GSM8K-MC 构造。	“协议不可互换”的床内描述成立，但其解释和可迁移性有限，不能指导哪个设计组件在何种条件下导致差异。	实施 factorial ablation，正交操纵 feedback、reveal order、selection rule 与 estimator；在额外模型、任务和 option 数上重复并报告交互。	每个组件的主效应/交互在预注册设计中可识别，且至少一个独立床复现 protocol-level 排名变化。	factorial arm 结果、功效分析、跨床数据与组件级效应。	medium	high
A23	R1	A23-I1	critical	technical_soundness,experimental_rigor,reproducibility	PDF pp.5–6，§4 Experimental Setup and Reproducibility；PDF p.8，Table 10	冻结工件没有保留原始 extraction-stage labels；当前数字来自在 frozen prediction text 上事后重跑 canonical extractor。last_num 分支占 257/974，另有 8/974 不可解析。n=200 与一个 canonical-independent extractor 的审计出现 30% label disagreement，论文只能把它称为 noise upper bound，不能给出校准金标误差。	AUROC、risk、TOST 和所有 permutation/bootstraps 都以 correctness label 为结果变量。未解决的标签构念差异可能远大于 +0.0278 AUROC 的 readout 差，使排序结论及实际风险结论都可能随 judge 改变。	对全部或充分分层样本建立盲人工金标，明确解析协议与分歧裁决；用多个合理 judge 重算所有主结果，并将 judge 作为敏感度轴。	报告每个 judge 相对人工金标的混淆矩阵及置信区间；commit−all AUROC 与 risk 结论需在预先接受的高准确 judge 下保持，且对 last_num 分支稳健。	逐项人工金标、解析分支 provenance 和多 judge 重分析。	high	high
A23	R1	A23-I2	major	reproducibility,experimental_rigor	PDF pp.5–6，§4；PDF p.14，Appendix E	remasking policy 决定 commit/first 构念，却未记录；generation seed 与 prompt template 也缺失，因此无法 re-decode。分析层虽有 hash 和脚本，但 raw event-stream bundle 是否发布仍取决于 data steward。	中央自变量正是由解码事件轨迹构造的，无法重建生成过程意味着外部人员既不能复现实验，也不能检查 readout 是否对 sampler 细节敏感。若事件流也不可得，只能相信汇总表。	重新运行一个完整记录 decoder 配置、prompt、seed、checkpoint 和 extraction path 的预注册床，并发布匿名事件流及一键重算脚本。	独立环境从 manifest re-decode，事件 schema 与哈希通过，随后逐项复算 Table 5、Tables 7–10 和所有决策标签。	可访问事件流、完整 decoder manifest 和独立重建记录。	high	high
A23	R1	A23-I3	major	experimental_rigor,limitations_responsible_claims	PDF pp.4–6，§3.2–§4、Tables 5–8；PDF p.8，§6	headline commit−all AUROC 是 post-alignment exploratory estimate；三个 risk CIs 均跨零。±1 pp 等价界是在初始效应后、TOST 重算前设定，只有 coverage 0.8 通过，0.2/0.5 不确定。早/晚 family 的 Holm(3) survivor set 为空。	当前数据支持排序差异的探索性信号，却未证明部署相关 coverage 下风险有改善或等价。事后阈值和同一流上的多轮分析不能替代独立确认。	在新床前固定主 readout 对、coverage、risk 差界值、AUROC/risk 层级和多重性，按 Table 8 的功效目标收集足量样本。	新床上主 risk endpoint 的 CI 排除零或完全进入预注册等价界，并且 AUROC 方向一致；所有 planned families 按固定校正报告。	n≈1960–2820 的预注册独立确认床。	high	high
A23	R1	A23-I4	major	novelty,significance	PDF pp.6–8，§5 Related Work、Table 11、§6 Limitations	first/last/mean aggregation、AUROC 和 risk–coverage 均为标准组件；论文的新颖性定位是把 in-decoding revision 聚合连接到 decode-level selective score。实证只有一个模型、GSM8K、一个 temperature、每题一次生成，且没有对 readout 的干预或第二数据集。	单一事件流上的聚合比较难以说明这是 masked-diffusion decoder 的一般构念问题，而非该 sampler、block 配置或 judge 的偶发现象。实际 risk 增量未建立也限制应用意义。	扩展到多个 remasking 策略、NFE/block、模型和任务，并与常见后验置信度、verbalized confidence、self-consistency/energy 等强基线比较；最好加入会改变决策的风险门控实验。	在独立床上按预注册层级模型估计 readout×setting 交互，报告 selective risk、calibration 和 AUROC；证明 commit 的优势不只存在于单一配置。	跨配置复现、强置信度基线及实际门控效用。	high	high
A23	R2	A23-R2-01	critical	technical_soundness,experimental_rigor,reproducibility	第 2–3 页 §2 标签定义；第 5–7 页主结果；第 8–10 页 manual equivalence audit	原 extraction stage 的 labels 没有保留，全部主分析改用事后 canonical parser 重新标记。n=200 的所谓 canonical-independent audit 实际比较语义等价判断与 last-number heuristic，观察到约 30% 标签翻转；作者又说明该比例只是 upper bound，不能校准全体 n=974。主 AUROC 差仅 0.0278，risk 差约 0–0.7 pp。	标签不确定性远大于待解释效应，且可能与输出形态和置信 readout 系统相关，因此同一噪声标签下的精确配对区间不能证明对真实 correctness 的改进。当前核心结论可能由 parser choice 决定。	由不知道 readout 值的独立标注者对全部 974 个最终答案建立 adjudicated semantic gold labels，或恢复原冻结标签及其 parser；随后在 gold labels 上重算所有 AUROC、risk、coverage 和等价性结果。	至少双人盲标加冲突仲裁，报告一致性；比较 canonical、last-number 与 gold 的混淆矩阵，并证明 commit-all 的主效应在 gold label 下方向、大小和区间均保持。	全量盲审 gold labels、标注协议、分歧仲裁和完整重算。	high	high
A23	R2	A23-R2-02	major	technical_soundness,clarity,limitations_responsible_claims	第 2 页 Eq. (1)；第 3–6 页 AUROC/risk 结果；第 11 页 Appendix A Algorithm 1 与 §A.2	Algorithm 1 的 AUROC 先将每个 decode 的 8 个 block readouts 平均成一个 S_d，再在 974 个 decodes 上排序；Eq. (1)/Appendix A.2 的 risk@coverage 则在每个 block 内按 block readout 排序、计算 risk 后再跨 8 blocks 平均。两者改变了分析单位与排序，不能称为同一个 aligned estimator 的两个指标。	不同聚合顺序可产生不同排名和选择集，因此 AUROC 提升与 risk 近等价并不构成同一 gate 的互补证据；其差异可能只是 estimand 不一致。	先定义实际部署单位：若每题一个 gate，则两类指标都使用相同 decode-level score；若每 block gating，则 AUROC 也在预先定义的 block estimand 上计算，并处理同题相关性。	对统一 score/analysis unit 同时重算 AUROC、risk-coverage 曲线与 selected sets；所有 bootstrap 必须在 decode 层聚类，且正文逐项核对相同 coverage 下的成员。	统一 estimand 的分析代码、选中样本清单与重算区间。	high	high
A23	R2	A23-R2-03	major	reproducibility,experimental_rigor	第 7–9 页 provenance/限制；第 12–14 页 artifact 与 decoder 说明	稿件无法给出生成该流的 remasking policy、generation seed 与完整 prompt，不能重新 decode；原始 event stream 是否匿名发布仍取决于 data-steward/provenance 批准，目前仅承诺 analysis layer。	没有 event stream 就无法核查 block readout、标签或聚合；没有生成配置也无法判断此流是否典型或复制结论。对单一、不可再生档案的分析难以作为可审计方法证据。	发布去标识的全部事件、targets、输出、标签和 analysis manifest，并恢复完整 checkpoint/prompt/decoder/seeds；若不能，明确把工作降格为不可复现实例报告。	独立方从发布包逐项重建三种 readout、974 个 labels 与全部表图；使用冻结配置重新生成一个独立 stream 并复现方向。	完整匿名 event-level artifact、生成配置和独立重放。	high	high
A23	R2	A23-R2-04	major	experimental_rigor,significance,limitations_responsible_claims	第 1 页摘要；第 4–8 页主分析与敏感性；第 9–10 页讨论	aligned paired AUROC、多个诊断和等价性框架均在已有 stream 上事后形成；没有 held-out stream、重复 generation seeds、另一模型或另一任务。全部证据来自同一模型、GSM8K 与一次 decode/题。	在同一档案上选择 readout、聚合和诊断会低估分析选择的不确定性。即使修复标签，也只能说明该流内的描述性差异，不能支持一般构念或稳定 risk ranking。	冻结标签、score aggregation、coverage grid、equivalence margin 与检验族，在独立 seeds 和未使用的数据上确认，并至少跨一个模型或任务重复。	确认集在任何分析前密封；主差值的方向与预设实质阈值需跨 seeds 保持，并报告异质性而非只汇总 pooled result。	独立预注册复制、多 seed 与跨场景结果。	high	high
A23	R2	A23-R2-05	major	technical_soundness,significance,limitations_responsible_claims	第 5–7 页 risk@coverage/TOST；第 9–10 页 risk-gating 讨论	研究只在同一数据上离线排序，没有 held-out calibration、阈值迁移、选择性覆盖保证或实际拒答/早停 intervention。±1 pp 等价界是在查看效应后确定，且仅 c=0.8 通过；c=0.2 与 0.5 的区间不满足该界。	AUROC 或样本内 risk 差不能保证部署时 coverage/risk，事后 margin 也不能把未校准 selector 变成风险控制器。标题中的 risk-gated decoding 因而超过已实现证据。	若保留 risk-gating 主张，应在独立 calibration/test split 上预设可接受 risk 与 coverage，冻结阈值并执行实际 gate；否则将论文限定为 offline readout comparison。	只用 calibration set 选择阈值，在 untouched test set 报告带有限样本区间的 achieved coverage、risk 与 baseline；重复 seeds 验证稳定性。	预注册等价界、held-out calibration/test 与实际 gating 结果。	high	high
A23	R3	A23-I1	critical	technical_soundness,experimental_rigor,reproducibility	第 5 页第 4 节首段；第 8 页表 10；第 9 页第 6 节	原始提取阶段的正确性标签没有保留，当前数字来自对冻结预测文本的事后 canonical extractor 重跑。作者抽查 200 条并与另一个提取器比较，标签翻转率达 30%，主要由 last_num 分支分歧驱动；作者明确称其只是噪声上界而非校准估计。	所有 AUROC、风险覆盖曲线和 TOST 都以该二元正确性标签为结果变量。30% 的未校准分歧远大于主效应（风险差多在 1 个百分点内、AUROC 差 0.0278），因此方向和决策均可能由标签规则决定。	在预先定义、与读出分数无关的规则下建立人工金标准（优先覆盖全部 974 条，至少采用概率抽样并双人盲标、分歧仲裁），报告各提取器的混淆矩阵，并以金标准标签重算全部主分析。	锁定标签协议后，独立复算者应从冻结回答生成同一标签；在金标准标签上重新估计 commit-all 的 AUROC 差、三个覆盖率风险差及 TOST，并报告标签不确定性的敏感度区间。	逐题预测文本、各提取器输出、盲标记录与仲裁结果，以及从标签到表 5/8/9 的可执行映射。	high	high
A23	R3	A23-I2	critical	reproducibility,experimental_rigor	第 5 页第 4 节；第 9 页 Data and analysis release；第 9 页结论	论文明确指出 remasking policy、generation seed 和 prompt template 均未记录，因此包括作者在内无人能重建该 decode bed；原始 event-stream bundle 的释放还取决于项目数据管理员决定。	commit/first 的定义直接依赖 remasking 与修订轨迹。只可重复分析现有流、不可重复生成该流，无法排除结果是某个未记录解码配置或随机实现的偶然产物。	从明确版本的模型与数据重新生成前瞻性床，完整记录并发布 prompt、remasking 算法及参数、随机种子、软件环境、模型/数据/输出哈希和逐步事件流。	第三方从配置和种子重新执行后，应逐项匹配事件流哈希或在预先声明的随机重复协议下复现方向与效应区间。	可执行解码配置、版本锁、模型与数据标识、每题种子、原始事件流及完整性哈希。	high	high
A23	R3	A23-I3	major	experimental_rigor,significance,limitations_responsible_claims	第 1 页摘要；第 8 页第 6 节；第 9 页结论	证据仅包含一个模型、GSM8K 一个任务、一个温度和每题一次生成；没有跨生成种子、候选样本、任务或模型重复。论文自己估算，1 pp 界限的决定性重复约需 1960--2820 个 decode。	题目抽样自助法只能量化对这组冻结回答的题目不确定性，不能量化解码随机性或跨床外推。当前区间不足以支持一般性的 readout 一致性判断。	按预先锁定的读出和标签协议，在至少一个新模型/任务及每题多个独立生成种子上重复；样本量应达到文中功效目标，并分解题目与生成随机效应。	前瞻性重复中同时报告每个床和分层汇总的 AUROC 差、相同聚合层级的 risk 差与 TOST；检查方向、效应异质性和覆盖率依赖。	新床的功效分析、独立种子、逐题逐生成记录和预注册分析代码。	high	high
A23	R3	A23-I4	major	technical_soundness,clarity	第 2 页式 (1) 与 2.1 节；第 5 页表 5；第 11--12 页附录 A.1--A.2	AUROC 使用每个 decode 跨八个 block 平均后的单一分数进行排序；risk@coverage 则按 block 分别形成风险后再跨 block 平均。两者虽然共享 decode 与 readout，却没有共享完全相同的排序单位和聚合算子。	聚合层级本身可改变排序、保留集合和风险，因而 AUROC 与 risk 的差异不能只归因于评价量纲不同。“aligned”会让读者误以为除了指标外其余估计目标完全相同。	增加真正同单位的主对比：用同一 decode 级分数与同一 retained set 同时计算 AUROC 和风险；或明确将现有分析称为部分对齐并把 block 聚合差异列为潜在解释。	在共享 decode 级排序下重算三个覆盖率的风险差；若结论不变，报告与原表 5 的差值及 retained-set 重叠。	每个 decode 的 block 级和汇总 readout、各覆盖率 retained-set 与两种聚合规则的并排结果。	medium	high
A23	R3	A23-I5	major	experimental_rigor,limitations_responsible_claims	第 6 页表 8；第 13--14 页附录 C/E	配对 AUROC 是看到既有分析后的 post-alignment 探索性对比；±1 pp 的 TOST 界限也在原始效应估计之后、重算之前确定。三个覆盖率中只有 0.8 接受等价，0.2 与 0.5 均不确定。	事后确定对比与等价界限会引入选择自由度，且单一高覆盖率等价不能概括整个风险曲线。压力测试和置换稳定性不能代替独立的确认性重复。	把现有结果明确限定为假设生成；在独立数据上预注册读出、聚合、覆盖率、1 pp 界限、多重性控制和标签协议后复验。	独立重复需在预定 family 上同时给出校正后的检测与 TOST 决策；只有预定覆盖率全部达到相应门限时才作曲线级结论。	带时间戳的预注册、独立冻结床和完整 family-level 结果。	high	high
A31	R1	A31-I1	major	novelty,significance	PDF pp.1–2，Abstract、§1；PDF pp.9–10，§5 Related Work 与 §6 Conclusion	论文的核心结论是 active-block recorder 的 identity-lock period 随记录 block length 变化，并将可迁移产出表述为一套报告规则。相关工作表显示最接近研究测量不同维度；本文没有新模型、解码算法或机制识别，且 schedule-aligned 读数对一个只观察 active block 的 recorder 有较强先验可预期性。	当前研究很好地告诫不要把仪器几何误读为模型机制，但其科学增量主要是一个实现特定的反例和报告规范，尚未显示该问题会系统性改变更广泛的 dLLM 结论。	增加主动/被动双 recorder、多个 sampler/模型/任务上的对照，并与已有 position-resolved commit/periodicity 方法直接在同一维度比较；把可迁移的新命题明确写成可证伪形式。	在不同 recorder 窗口下记录同一轨迹，并跨至少两个模型和 sampler 预注册检验 P* 是否只跟 recorder L、也跟 sampler latent schedule，或两者交互。	跨 recorder、sampler、模型的直接复现和最近同维度基线。	high	high
A31	R1	A31-I2	major	technical_soundness,experimental_rigor,limitations_responsible_claims	PDF pp.3–4，§2 Matched intervention and scope；PDF pp.8–9，§4 Limitations	在固定总 NFE 下改变 L 会必然改变 partition 与每块 step allocation；没有 uniform-allocation arm，也没有同一轨迹的 dual-recorder 对照。active-block recorder 同时受 model state、sampler state 和 observation window 影响。	观察到 P*=L 不能判断边界由记录窗口直接制造，还是由每块解码动态/状态传递产生。没有分解就无法把结果转化为对模型诊断设计的具体机制性建议。	做 partition×allocation 的可分离实验，并让 active-block 与 full-canvas/passive recorder 同时观察同一底层轨迹；必要时直接记录 sampler state transfer。	若只换 recorder 而固定轨迹时周期随观察窗口变化，可定位为 recorder artifact；若两 recorder 都随 sampler L 变化，则需要进一步 sampler-state 干预。报告完整交互。	factorial schedule 实验和同轨迹双 recorder 日志。	high	high
A31	R1	A31-I3	major	technical_soundness,experimental_rigor	PDF pp.3–7，§2–§3.3，Tables 2–7；PDF p.13，Appendix A.4，Table 11	min–max separation 是离散极值统计，L48 probe 只有一个 boundary locus，L32 control 的 firing probability 仅 0.8805 且 stability band 触零。更关键的是 Appendix A.4 显示原 within-block threshold 对 25 个错误候选触发 10 次（40%）；修正 margin 的 red-team 是跨条件比较，不是每臂数据打乱下的 false-positive calibration，L24 的 pmargin=0.055/0.071 仍边缘。	bootstrap modal selection=1 主要反映观察样本下的离散稳定性，不等于错误发现受控。缺少有效 arm-specific null 时，五臂都选 L 的显著性强度可能被夸大，尤其是低边界基数 probes。	在研究前定义有正确 type-I error 的选择性检验，用合成 null、已知干净的真实 arm 或可交换生成机制校准；报告候选搜索的 family-wise error 和低边界基数下的功效。	大量 null simulations/negative-control runs 下整体误选率不超过预设 α，并在独立 positive controls 上达到预设功效；所有候选与阈值在数据前冻结。	有效 null 生成器、选择性误差校准及独立重复。	high	high
A31	R1	A31-I4	major	experimental_rigor,limitations_responsible_claims	PDF pp.3–4，Registration and two-layer reachability；PDF p.11，Appendix A.1，Table 9	min–max estimator 是在 development control 失败后选择、虽在 treatment 前登记；更重要的是 amendment v3 在观察 treatment 数据后撤回 model-intrinsic decision branch。canvas-96 probes 随后单独预注册，但不能使已经看过的主结果恢复确认性。	作者当前的 recorder-level 限定是正确的，但结论层级随数据改变说明原科学假设没有在干净确认流程中通过。透明记录不能消除 outcome-contingent scope change。	把当前全套分析视为开发性工作，在全新模型/题目/运行上冻结 estimator、候选网格、null、scope 和结论门后一次性复现。	带时间戳的注册早于任何新运行，所有 planned arms 完成，主结论不依赖事后删改分支；公开 deviations 表应为空或仅含非结论性执行细节。	独立、完全预注册的确认研究。	high	high
A31	R1	A31-I5	major	reproducibility,significance	PDF pp.8–9，§4 Limitations；PDF pp.16–17，Appendix B、Table 15	研究只覆盖一个 LLaDA-8B-Instruct-scale 私有本地 checkpoint 和 GSM8K；该 checkpoint 与公开 LLaDA-8B-Instruct 并非 byte-identical，不能授权发布。L32 control 复用既有连续子池；cross-seed variance 不在 estimand 内，匿名 supplement 是否公开也待 provenance approval。	外部研究者无法使用相同 checkpoint 重建生成结果，单一 deterministic seed/题池也无法量化模型、问题采样或运行变异。结果可能只属于本地模型和 recorder 实现。	在公开 checkpoint 上完整复现并发布 events/scripts；用多个独立 question subsets 或 seeds，重新运行同 session 的 L32 control，并跨任务验证。	公开工件可在独立环境重建 Table 2–8；公开模型上的预注册 P*=L 关系和无 fixed-32 结果与当前方向一致。	公开模型复现、fresh controls、多 seed/subset 与可访问匿名事件流。	high	high
A31	R2	A31-R2-01	major	technical_soundness,experimental_rigor	第 3–6 页 detector 定义与主结果；第 8–10 页 red-team/null audit；第 14–16 页阈值敏感性	原冻结 within-block threshold 在 25 个错误候选中有 10 个（40%）通过，说明不能解释为有校准的 period detector。当前主依据改为看过失败后定义的 top-minus-second margin，并用同一批 treatment arms/candidate structure 评估；没有独立 clean null arm 给出 arm-level 或 family-level FPR。	候选 period 的距离统计天然受块结构影响，事后 margin 可选择性放大 P=L 与次优候选的差。bootstrap 只刻画当前样本稳定性，不能替代在无真实 period 时的错误发现率。	在不含 schedule-locked signal、但保留相同长度与边际分布的独立 null streams 上冻结 detector 与阈值；同时在未使用的 treatment streams 上评估 power，并校正候选搜索。	先锁定候选网格、score、margin 与决策阈值；大量独立 null arms 的 family-wise FPR 应低于预设水平，且新 treatment arms 的 P=L power/coverage 达到预设标准。	独立 null/treatment calibration、候选搜索校正与完整 FPR/power 曲线。	high	high
A31	R2	A31-R2-02	major	technical_soundness,experimental_rigor,limitations_responsible_claims	第 2–4 页 recorder 与 intervention 定义；第 6–8 页主结果；第 10–12 页解释边界	active-block recorder 只记录当前 sampling block，其可见 token/support 在每个 L 边界机械重置。改变 L 还同时改变 partition 与 required per-block allocation；没有在同一 decode 上保持恒定支持集的 full-canvas recorder，也没有分离这两个因素的 factorial intervention。	P=L 很可能是测量窗口定义的几何结果。当前研究证明了 recorder 追随自己被调度的边界，却不能判断日志中是否还有独立的模型行为或 allocation effect；即使限定为 recorder-level，识别内容仍接近定义性。	对同一随机解码轨迹并行记录 active-block 与 full-canvas/constant-support events，并正交改变 partition boundary 和 per-block allocation；预先定义 recorder×schedule 交互。	若现象来自 recorder，P=L 应只在 active-block channel 随 L 移动；若来自模型或 allocation，应在恒定支持 recorder 上仍出现可预测变化。factorial interaction 需给区间。	双记录器同轨迹数据与正交 intervention。	high	high
A31	R2	A31-R2-03	major	experimental_rigor,technical_soundness,limitations_responsible_claims	第 7–9 页 96-token nonnested probes；第 13–15 页 probe 细节	nonnested probes 使用与主 arms 不同的 96-token canvas。L=24 的 corrected margin 证据边缘（报告的 p_margin 约 0.071），L=48 虽约 p=0.021，但 96-token canvas 只有一个内部 48 边界（|B48|=1），对单个边界异常高度敏感。	这两项不足以稳健排除固定 32-token 周期、canvas-specific artifact 或偶然边界。它们是支持性 probes，而不是对 aliasing 的强确认。	为每个 nonnested L 使用包含多个内部边界的更长 canvas、多个 independent decodes/seeds，并加入固定 P=32 的预注册竞争假设；保持 recorder 和其他配置与主 arms 一致。	在每 arm 至少多个边界与多个 seeds 下，P=L 相对 P=32 的 margin 区间应排除零，leave-one-boundary-out 后仍保持。	多边界、多 seed nonnested arms 与边界影响分析。	high	high
A31	R2	A31-R2-04	major	reproducibility,experimental_rigor	第 9–11 页 provenance；第 16–18 页 artifact/manifest 说明	实验使用的私有 checkpoint 与公开版本不是 byte-identical，且不能重新发布；event streams/scripts 的匿名发布仍依赖 provenance 批准。稿件还披露 estimator source 在 manifest 后被触碰，虽在第二环境重推结果，但审稿对象中没有可执行 artifact 供独立验证。	中心结果完全依赖事件记录语义与细微 detector 实现；checkpoint、events 或确切代码任一不可得都会阻止第三方重建，也无法排除版本漂移。	发布所有去标识 event streams、不可变 estimator 版本、环境锁文件与 hashes；若 checkpoint 不能发布，至少在可公开 checkpoint 上运行完整复制并量化差异。	独立环境从发布 artifact 重建每个 candidate score、separator、bootstrap 与表格；公开 checkpoint 复制应预先定义容许偏差并保持 period-follow-L。	可执行匿名 artifact、版本 hashes 与公开 checkpoint 复制。	high	high
A31	R2	A31-R2-05	minor	significance,clarity,limitations_responsible_claims	第 8–10 页 content analysis；第 10–13 页讨论与结论	content association 来自另一个 L=32/NFE=32 bed，而非跨主 arms 的共同分析；报告 tau=0.272，并称到 BIN16 仍可见，但 BIN32 已没有足够分辨率/检验力。它不能验证五个 schedule arms 中的 period 机制。	将单独床的弱内容关联与 recorder geometry 并列，容易给中心结论增加并不存在的机制含义。论文当前最清楚的贡献是 instrumentation warning，而不是 content-linked dynamics。	把 content analysis 明确降为独立探索性附录；若要保留机制贡献，应在所有 arms 用同一预注册 content feature 与分辨率检验 interaction。	跨 arms 的 content×boundary 或 content×L 交互在预注册粒度下复制，且不依赖选择 bin width；否则结论只保留 recorder-level 描述。	跨 arm 内容分析或更窄的最终主张。	medium	high
A31	R3	A31-I1	major	technical_soundness,experimental_rigor,limitations_responsible_claims	第 3--4 页 min--max period separation 与表 2；第 6 页表 5；第 13 页附录 A.4 表 11	注册检测规则要求 sep(P*)>0 且 bootstrap 中 P* 众数比例≥0.95；bootstrap 只说明对题目重采样的选择稳定性，并非 null-calibrated false-positive test。作者后来发现原 within-block permutation gate 在错误候选上触发 10/25（40%）。修正 top-minus-second margin 的离散 p 值在 L16/L64/L48/L32 低于 0.05，但 L24 为 0.071；文中未给五 arm/候选的整体多重性决策。	稳定地选择一个候选不等于排除结构化零假设。已知旧 gate 严重反保守，而新 gate 又未覆盖全部 headline arms，因而“all five detected”比校准证据更强。	预先定义一个保持位置自相关、边界异方差和候选选择过程的有效零假设；对完整 P* 选择算法校准 family-wise I 类错误，并将 L24 明确列为未通过，直至独立重复达到门限。	在大量保留现实空间结构但无 schedule-locked 信号的模拟/置换床上，整套选择规则的 family-wise 假阳性率应≤0.05；在新数据上所有预定 arm 的校正 p 值均通过才可作 all-arm claim。	零假设生成器、完整选择流程的误报模拟、family 定义、校正决策和独立 L24 重复。	high	high
A31	R3	A31-I2	major	experimental_rigor,technical_soundness	第 5 页表 3；第 7 页第 3.2 节；第 9 页 Boundary cardinality 限制	bootstrap 仅对 300 个 decode 重采样，canvas boundary loci 固定。表 3 显示 L48 的 boundary set 只有 1 个位置、L24 只有 3 个；L32 稳定带还触及零。	对题目稳定不能代表对边界位置、canvas 对齐、padding 或 offset 的稳定。尤其 L48 的正分离是单一位置读数，无法估计边界层面的变异。	增加多个 canvas 长度、起点偏移与边界位置重复；在层级重采样/模型中同时把题目和 boundary locus 作为抽样维度，并预定最小边界数。	leave-one-boundary-out、随机 offset 和 boundary-level bootstrap 后仍选择同一 P*，且区间不依赖任何单一 locus。	逐题逐位置 d(r)、多个 offsets/canvases、边界层级方差与影响诊断。	high	high
A31	R3	A31-I3	major	technical_soundness,experimental_rigor,significance	第 1--4 页摘要、表 1 与 Matched intervention and scope；第 9 页 Composite intervention 限制	在固定总 NFE 下改变 L 必然同时改变 block partition 和 required per-block step allocation；active-block recorder 又只观察当前 block。论文承认这是 partition-plus-allocation 的复合处理，且没有 full-canvas/passive recorder 对照。	结果不能区分是边界几何、每块更新次数、active window 截断还是其交互造成周期。即使不作模型机制声称，测量层的因果解释仍不唯一，贡献接近 recorder 定义的直接后果。	采用 factorial intervention 分别操纵 partition 与 step allocation，并在相同 trajectory 上同时运行 active-block 和 full-canvas/passive recorder；比较同一模型状态下的读出。	在 allocation 固定时只改变 partition、以及 partition 固定时只改变 allocation，分别估计 period/幅度；dual-recorder 差分应定位 active window 的贡献。	factorial arm 配置、共享题目/种子输出、dual-recorder 事件与交互效应。	high	high
A31	R3	A31-I4	major	experimental_rigor,limitations_responsible_claims	第 2、7、9 页 L32 development control；第 11 页表 9	L32 使用预存 contiguous decode_id [345,645) 子集；初始 signed-mean estimator 在该 development control 失败后被 min--max 规则替换，随后才运行 treatment arms。L32 的当前 firing probability 仅 0.8805，是五 arm 最弱且稳定带触零。	治疗 arm 对锁定规则可视为前瞻性，但 L32 本身参与了 estimator 选择，不能同时作为无偏确认性 control。弱稳定性提示选择可能贴合该预存样本。	在 estimator 与 gate 完全锁定后，用新题目、新 session/seed 对 L32 进行独立复验；将原 L32 明确标为 development-only。	盲运行的新 L32 数据应在预定 detection/null-calibration gate 上通过，并复现效应大小与 rank-sum 结果。	锁定时间戳、新样本清单、运行日志和未调参的完整结果。	medium	high
A31	R3	A31-I5	major	reproducibility,significance,limitations_responsible_claims	第 2 页 Model bed；第 9 页 Bed and grid；第 16--17 页附录 B	所有实证来自一个模型家族/私有 checkpoint、GSM8K、temperature 0 和一组固定 grids。checkpoint 与公开 LLaDA-8B-Instruct 非逐字节相同，且释放需要授权；事件/脚本 supplement 也受 provenance approval 约束。	schedule artifact 可能依赖具体 decoder、recorder、任务长度与实现。没有跨模型/任务/采样规则重复且关键 checkpoint 不可自由获得，普适 reporting rule 的经验基础和复现路径均有限。	在可公开的至少两个模型实现、不同任务/长度分布和 recorder/decoding variants 上前瞻性重复，并发布足以端到端重建的事件与配置。	第三方在公开 checkpoint 上能重建 arm 并复现 period-selection pattern；跨床报告预定效应与异质性，而非只合并成功案例。	公开 checkpoint/替代床、完整 decode 配置与种子、原始事件、跨床结果。	medium	high
A32	R1	A32-I1	major	novelty,significance,citation_integrity	第 1 页第 1 节贡献 1；第 7 页第 7 节 Related Work；第 8 页第 9 节结论	论文把“exact two-component decomposition”列为首项贡献，但该式由 SCE=E[conf]−E[acc] 的定义直接相减得到；相关工作主要分别介绍 masked diffusion、校准和答案匹配，没有用逐项对照说明其经验分析相对既有长度-校准或提示扰动研究的新边界。	代数恒等式不能单独承担 ICLR 级概念新颖性。若真正贡献是审慎的负面因果检验，论文需要把新颖性放在设计、可排除的效应范围及适用边界上，否则容易把实现/报告新颖性误写成理论新颖性。	重写贡献与相关工作定位：将恒等式降为记账工具；建立与最接近的长度-校准分析、序列长度扰动和模型置信度测量工作的逐轴比较，明确本文新增的是哪一种随机化、估计量、效应排除或可复现证据。删除或严格限定任何“首次/精确分解”式暗示。	检查摘要、引言、相关工作和结论是否一致把主贡献表述为经预注册的同题负面检验；并确认至少一张比较表或一段逐项论证覆盖问题、干预、估计量、模型与结论范围，而非只列引用。	系统的邻近文献比较；若仍主张方法新颖性，需要指出现有方法无法给出的具体输出，并由本文实验证明。	high	high
A32	R1	A32-I2	major	experimental_rigor,significance,limitations_responsible_claims	第 2 页第 2 节 Within-item causal check 与表 1；第 8 页第 8 节 Limitations	唯一随机干预是在同一 GSM8K/LLaDA-8B-Instruct 床上加入 37 个统一、无内容的冗余 token；它同时显著降低置信度与准确率，却只排除了这一特定剂量下达到 +0.2227 的 signed-gap 扩大。论文也承认没有覆盖有语义长度、其他剂量、其他模型或解码器。	自然提示长度变化通常伴随信息量、结构、位置和难度变化。无内容 filler 的负结果只否定一个很窄的纯长度通道，不能解释观察性差异的来源，也不足以成为一般“长度不致失校准”的结果。	将标题、摘要和所有结论严格限定为“+37-token 无内容冗余填充、单模型单解码设置”；若要提高贡献层级，增加预先规定的多剂量、有语义但答案保持不变的干预，并在至少一个额外 masked-diffusion 模型或解码设置上复现。	逐处核对是否没有把 content-free filler 外推为一般 prompt length；新实验应同题配对、固定预算、报告剂量曲线与聚类区间，并明确检验交互作用而非只并排显著性。	内容保持/语义长度干预、多个剂量、第二模型或解码方案的配对结果；最好包含机制可区分的干预设计。	high	high
A32	R1	A32-I3	major	experimental_rigor,technical_soundness,reproducibility,limitations_responsible_claims	第 3–4 页第 3 节；第 6–7 页第 6 节 judge validation；第 10–11 页附录 A/B	MATH500 的 v2 judge 在 30 个已选锚点上为 30/30，但锚点是目的性而非概率样本；论文披露 accepted stratum 仍存在隐藏 false accept，并明确 FULL-193 两层人工补标尚未完成。相应的校正区间跨零，且作者正确称其为 design sensitivity 而非经典置信区间。	第二床是论文外部有效性的唯一支撑，但当前判分误差的方向和全床比例不可识别。因此原始 +0.2382 不能验证迁移，现有证据只支持“尚未决定”。	完成预先声明的两层概率抽样人工标注，冻结判分规则后重新估计 judge error、校正后的 SCE 差及不确定性；在完成前，将原始 v2 正区间从摘要的显著位置降为未校正诊断，并避免把它作为跨床复制。	核查人工样本的抽样概率、双标注/仲裁、盲法、分层权重和缺失处理均预先固定；主结论必须由校正区间的预设判据决定，且所有 judge 口径只保留一个主结果。	FULL-193 或统计功效等价的概率抽样人工金标准、标注者一致性、分层误差矩阵以及基于该设计的校正区间。	high	high
A32	R1	A32-I4	minor	clarity,reproducibility	第 1–4 页的 SUPPORT/NOT_IDENTIFIED/POWER_LIMITED 标签；第 10–11 页多种 sealed、v2、lenient 与 anchor-corrected 口径	同一第二床同时出现 v2 composite、isin sensitivity、lenient two-component、human-anchor corrected 以及 sealed/fragility lineage 数值；虽然文字逐项限定，读者仍需跨多页才能确定哪一个是主估计、哪一个不可引用。	过多状态词和谱系读数使核心负面结论更难核验，也提高误引未校正正结果的风险。	在主文加入单一决策表，只列每个研究问题的估计量、主区间、状态和允许的结论；把废弃/谱系数字移到附录并清楚标为非结果。	一名只读摘要、主结果表和结论的审稿人应能唯一回答三个问题：观察性幅度是多少、随机干预排除了什么、跨床是否建立。	不需要新实验；需要统一的结果层级与引用规则。	medium	high
A32	R2	A32-R2-01	major	technical_soundness,experimental_rigor,limitations_responsible_claims	第 2–4 页，§3，图 1，表 1（SHORT/LONG/RANDOM 干预）	LONG 在每题加入同一类 37-token 内容空洞文本，RANDOM 加入 0–55 token；所有条件固定 NFE=64。论文用该对比否定观察性 +0.2227 gap 的长度机制，同时又承认自然、内容承载长度未被干预。	该设计识别的是“在固定 NFE 下插入这类冗余串”的总效应，token 数与位置、格式、注意力分配及单位 token 计算预算同时改变。因而不能把零结果推广为一般长度效应的界，也不能说明自然长题为何产生观察性关联。	将因果 estimand 明确命名为 filler-insertion-under-fixed-budget；弱化所有未带该限定的 length→gap 语言。若要主张一般长度机制，加入多种语义等价 filler、位置/格式对照、不同 NFE 以及内容承载长度的随机化对照。	对至少两种结构不同但等 token 的 filler、位置保持对照和多个 NFE 重做预注册配对分析；只有这些对比方向一致且语义盲评通过，才允许扩大因果范围。	逐题干预材料、随机化方案、语义保持盲评与分条件配对效应/区间。	high	high
A32	R2	A32-R2-02	major	technical_soundness,experimental_rigor	第 4–5 页 §4；第 9–12 页附录 A–B，表 5–6，尤其附录 B 的 uncertainty propagation	30 个锚点为目的性样本而非概率样本；可引用读数 +0.1606 [−0.059,+0.380] 把组件标准误与 se_bias(k)=sqrt(k)/10 组合。论文明确称该量为 conservative convenience bound、非已识别的抽样标准误；accepted stratum 仍有已知隐藏 false accept，FULL-193 未完成。	在没有抽样机制和覆盖证明时，括号区间不能承担频率学意义上的 95% 不确定性；任意的 k 映射会直接控制区间是否跨零。未完整抽取 accepted/rejected 两层还使偏差修正不可识别。	把该区间严格标为参数化敏感性带且不给予 95% 置信解释；最好按预声明的双层概率抽样完成 FULL-193，并用分层混淆率传播或联合 bootstrap/贝叶斯模型重新估计。	从完整概率样本重算 FA/FR 与 ∆SCE2,corr，报告抽样权重、联合不确定性和覆盖模拟；检查主结论在合理 judge/标注误差模型下是否稳定。	完整双层人类标签、抽样概率、原始 judge×human 混淆表及可重算的联合不确定性分析。	high	high
A32	R2	A32-R2-03	minor	clarity,limitations_responsible_claims	第 3–5 页 §4、图 2；第 10–12 页表 5–6	正文先称 v2 +0.2382 [0.1639,0.3125] 为 designated second-bed estimate，附录又规定唯一可引用值是 lenient+anchor 的 +0.1606 [−0.059,+0.380]，而 v2 只是 convention sensitivity。	两层主读数具有相反的推断状态；读者可能错误引用排除零的 v2 结果，掩盖论文自己判定的 POWER_LIMITED。	在摘要、正文、图 2 与结论只保留一个明确的 reporting-layer 主读数；把其他 judge 行统一置于 sensitivity，并在第一次出现时解释不能升级结论。	全文搜索 +0.2382、+0.1606、designated、citable 与 SUPPORT，确认每次出现的证据等级一致且无互相冲突的主结论。	修订后的统一 claim-to-estimand 表和全文一致性检查。	medium	high
A32	R2	A32-R2-04	minor	experimental_rigor,clarity	第 5 页表 2与 §4 的 outcome-stratified sensitivity	low-accuracy 与 accuracy=0 子集由观察到的结果定义且彼此嵌套；在 accuracy=0 子集 ∆acc≡0，所以 composite 等于 ∆conf 是构造恒等式。	这是结果条件化诊断，不能被读取为难度控制或机制证据；多重且嵌套的选择也使区间不具确认性。	保留为明确的 post-outcome 描述图，删除任何“控制难度”措辞；如需难度机制，使用外生、预处理的难度标签并预注册分层。	检查正文不再把表 2 当作因果支持；新的外生分层应在看模型结果前固定并报告各层样本量与交互检验。	外生难度定义或仅需文字收缩。	low	high
A32	R3	A32-R3-01	major	experimental_rigor,technical_soundness,reproducibility	第2节“Within-item causal check”及表1（PDF第3–4页）；第5节解码计划（PDF第7页）	每道题在 Short/Long/Random 各臂保存一个结果，并以题目为重采样簇；文中给出一个固定 seed，但未展示跨独立解码 seed 的重复生成或方差分解。	题目簇 bootstrap 正确处理同题多臂相关性，却不能自动估计随机生成器在固定题目上的方差。若解码并非确定性的，一次生成可能使零效应区间过窄，也无法判断结果是否依赖某个随机轨迹。	明确证明当前解码在固定输入下是确定性的；否则对一个预先指定的题目子集或全体题目运行多个独立解码 seed，并用题目为主簇、seed 为题内重复的层级分析重新估计主对比。	至少用3–5个独立解码 seed 复现 Long−Short ΔSCE，报告题目间与题内 seed 方差，并检查合并层级95%区间是否仍包含0且排除具有实践意义的正效应界。	确定性执行证明，或多 seed 的逐题逐臂输出及层级 bootstrap/混合模型结果。	high	high
A32	R3	A32-R3-02	major	technical_soundness,experimental_rigor,limitations_responsible_claims	第2节图1与表1附近（PDF第3–4页）及第7节结论（PDF第9页）	论文以观察性 ΔSCE=+0.2227 与同题填充干预 ΔSCE=−0.0075 对照，并强调后者区间不含前者的量级；但二者来自不同样本构造、不同长度内容和不同估计量，未报告二者差值的联合不确定性。	一个点估计未落入另一个估计量的区间并不等价于正式的效应差异检验。更重要的是，无语义填充只检验一种长度处理，不能单独排除自然题面长度携带的语义、格式或难度机制。	把结论严格限定为“该无语义填充操作未复现观察量级”，并在共享题目上定义可比较的自然变体/填充变体差值，或给出联合 bootstrap 的 contrast-of-contrasts。	对共享题目同时重采样所有相关臂，输出(自然长−自然短)−(填充长−短)的95%区间；若新增内容承载臂，还应预先声明等价性/非劣界限。	统一估计目标的联合重采样结果，以及更贴近自然长度变化的受控处理。	high	high
A32	R3	A32-R3-03	major	experimental_rigor,technical_soundness,limitations_responsible_claims	第3节 MATH500 分析（PDF第4–5页）、第6节表4，以及附录表5–6（PDF第10–12页）	主 v2 judge 的未校正读数为+0.2382 [0.1639,0.3125]，但30个 purposive 人工锚点下的 lenient 校正为+0.1606 [−0.059,+0.380]。论文还发现一个未包含在锚点中的已知 false accept，并明确指出 FULL-193 未完成。	30个非概率锚点无法为整个 accepted/rejected 集合提供可解释的抽样覆盖；已知漏掉的 false accept 直接表明“接受集洁净”路线失效。跨床方向因此不能作为外部有效性证据。	完成预先声明的 accepted 与 rejected 两层概率样本人工标注，使用盲法双人判定和冲突仲裁，并按抽样概率估计校正量与不确定性。	报告 FULL-193 或经功效论证的等价设计；在预先冻结的阈值下检查校正后 ΔSCE 区间是否排除0，并公开两层 false-accept/false-reject 计数。	完整分层人工标签、抽样权重、盲法/一致性记录与校正后区间。	high	high
A32	R3	A32-R3-04	minor	clarity,limitations_responsible_claims	摘要、贡献列表与第2节对三臂设计的表述（PDF第1、3–4页）	Random 臂的0–55 token 剂量按预先声明 seed 抽取，但 Short 与 Long 是每题固定的0与37 token 操作。全文多处把整个设计简写为“randomized within-item experiment”。	这种表述可能让读者误以为 Short/Long 处理分配本身随机化并识别平均处理效应；实际最强识别来自同题固定对比，Random 臂才有随机剂量。	将主设计称为预先声明的同题配对干预，并单独说明 Random 臂的剂量随机化；给出臂顺序、seed 与是否存在顺序效应。	逐处核查摘要、贡献和结论，确保“randomized”仅修饰确有随机分配的部分，且方法表可重建分配过程。	修订后的设计措辞和完整分配说明。	medium	medium
A32	R3	A32-R3-05	minor	experimental_rigor,reproducibility	表1注释和第5节设置（PDF第4、7页）	无语义填充的有效性门只在100题、200个比较上报告0次语义漂移；正文没有充分说明这100题相对最终400题的抽样方式、审阅者盲法和判定一致性。	若有效性子集经过便利选择或审阅者知道处理臂，0/200不足以排除填充改变解析、格式或答案条件的系统风险。	补充预先冻结的抽样框、盲法、判定规则和审阅者一致性；最好对400题随机概率子样本做独立复核。	由不了解模型结果与处理标签的第二审阅者复核随机子样本，报告漂移率上界和一致性；若发现漂移，按预先规则重算主结果。	有效性门的逐项标签、抽样记录和独立复核统计。	medium	medium
C1	R1	C1-I1	major	novelty,significance,citation_integrity	第 2–4 页第 2 节 Related Work、第 3.1–3.2 节；第 9 页第 6 节 Discussion	论文明确承认多数类基线、constant-rater property、kappa 的分子形式及 option-count correction 均非新概念；当前差异主要是 variable-k 分层、materiality bar 和在比较前设置 gate。相关工作以段落列举为主，没有展示这些成分与最接近协议在输入、零分布、决策输出和新增能力上的不可替代差异。	如果核心是已知统计量的重新命名与组合，方法新颖性和 ICLR 影响力不足。实际价值可能来自审计案例，但这需要被定位为经验/报告贡献而非新的 null-calibration 原理。	增加逐轴最近工作比较，明确每个组件是复用、修改还是新增；把 v1/v2 的数学新颖性主张收窄，并用一个现有方法会做出错误决策、而完整协议能预先避免的外部案例证明组合价值。	相关工作应可让审稿人对每个公式找到最接近先例，并能用一张表唯一识别本文新增的输入、假设、输出与验证证据；摘要和结论不再把组合包装成全新统计原理。	完整的邻近方法对照；若主张 gate 本身显著更好，需要在预先定义的外部评测上比较错误决策率或覆盖率。	high	high
C1	R1	C1-I2	major	experimental_rigor,technical_soundness,limitations_responsible_claims	第 6 页第 4 节 Designated damaged cells and multiplicity；第 7 页第 5.1 节表 1 及其后两段；第 12 页 Reproducibility Statement	标题性单元计数采用每单元 α=0.05 且不做族内校正；MMLU-Pro 的匹配区间只剩 3/12 对 1/12，多重校正后两侧都是 0/12。最佳常数 floor 的 bootstrap 又条件化于观察到的获胜字母，论文说明因缺少 per-item shards 未运行 selection-aware joint resample。共享题目与嵌套损伤臂使单元计数并非独立重复。	“校准后大幅减少可宣称单元”的强度主要由点估计计数驱动，而正式单元证据在校正后消失；未处理赢家选择与单元依赖会进一步低估边界不确定性。描述性方向可以保留，但不能承担强确认性主张。	把预先定义的家族/数据集层总体 estimand 设为主结果，采用保持题目与嵌套臂相关结构的联合重采样或层级模型，并纳入 floor winner 的重新选择；在做不到时，将点计数明确降为探索性并从标题性论据中移除。	主结果必须有单一预设总体检验/区间，重采样中每次重新选择最佳常数，并以模型家族或独立训练实体而非单元行作为适当的推断单位；报告调整前后结论是否改变。	逐题预测与金标签、完整损伤臂层级、选择感知联合 bootstrap/permutation 输出及预设总体检验。	high	high
C1	R1	C1-I3	major	experimental_rigor,novelty,limitations_responsible_claims	第 4–5 页第 3.2 节 Pre-registration status；第 7–9 页第 5 节；附录 A.9 第 23–24 页	v2 的规则、分层和 0.10 materiality constant 虽在重新判定前冻结，但设计者已看过现有 27 个单元的塌缩形态；论文据此也称现有 v2 分析为 post-hoc。家族 materiality bar 依赖同一家族 intact anchor，Llama-2 因 anchor 过弱而整体被阻断。	v2 是论文最有区分力的统计层，但当前数据既参与了问题发现又用于展示修复效果；materiality 决策还会随一个噪声较大的完整模型锚点变化。它目前是有根据的诊断，而非外部验证。	在未用于设计 v2 的新模型×数据集单元上冻结并执行协议；预先规定 materiality anchor 失败时的处理，并比较绝对效应阈值、同家族相对阈值等合理选择的稳健性。	新评测单元在任何结果可见前完成时间戳冻结；论文分别报告预注册确认集和旧 27 单元探索集，且所有阈值敏感性遵循事前规则。	真正 held-out 的多家族多数据集 v2 结果，以及阈值/锚点协议的冻结记录。	high	high
C1	R1	C1-I4	major	experimental_rigor,significance,limitations_responsible_claims	第 6 页第 4 节 Models and structural damage；第 7 页第 5.1 节末；第 9 页 Discussion	OLMo-2 使用 prune-then-heal checkpoint，而 Llama-2/Llama-3/Qwen3 只是运行时前 N 层截断；同时家族、深度、训练语料、愈合暴露和保留比例都不同。所有 interval-level off-MMLU clearance 都来自唯一经过愈合的 OLMo-2 家族。	这个模式无法区分“愈合使模型高于 floor”“OLMo 家族特性”“损伤强度不同”或数据适配。它可以描述当前 ladder，但不能验证协议在多种实际压缩/修复系统上的价值。	至少在两个家族上建立相同损伤与相同愈合预算的交叉设计，或将结果彻底改写为 OLMo ladder 的案例研究，不再用跨家族模式暗示一般性。	交叉设计应报告家族×损伤制度×深度交互及同预算配对；若不新增实验，摘要、结果和结论均必须只陈述 measured ladder。	匹配的跨家族 prune/heal 或截断控制、多个独立 checkpoint/seed，以及相同评测协议。	high	high
C1	R1	C1-I5	minor	clarity,reproducibility	第 1–9 页主文与第 13–28 页附录，尤其表 15–23	同一单元的 v1/v2、点估计/区间/多重校正、旧/修复 judge 和多个 tie convention 分散在主文及长附录中；大表虽未视觉溢出，但字号和密度使结果层级难以快速审计。	协议论文的核心价值是让错误参考更难被误用；如果论文自身需要跨十余张表才能确定可引用结果，就削弱了这一目标。	增加一张不含历史谱系的最终结果矩阵，按研究问题列出唯一主 null、推断单位、校正方法、结论与限制；将修复史和完整单元表留在附录。	独立读者只凭摘要、方法定义、最终矩阵和结论即可复现所有标题性计数并知道哪些数值是探索性。	不需要新实验；需要结果层级和交叉引用重构。	medium	high
C1	R2	C1-R2-01	major	technical_soundness,experimental_rigor	第 5 页 §3.2 Reference-choice reporting rule；第 7 页表 1；第 13 页 Reproducibility statement；第 23 页表 15	v1 floor 是 f_const=max_L m_L，但 paired bootstrap 固定观测样本选出的 winning letter；论文明确说 selection-aware joint resample 未运行，因为逐题 letter shards 缺失。主文仍用这些区间形成 3/12、1/12、9/85 等 interval-level counts。	若推断对象是从题目总体抽样后的 best-constant floor，max 的选择必须在每次重采样内重做；固定赢家忽略选择不确定性并可能低估或错估 ∆floor 的方差。若对象只是这个固定题集，模型 accuracy 与 floor 都是确定量，bootstrap 的统计解释又需重新界定。	恢复逐题 gold/prediction shards，在每次联合重采样中重选常量标签并重算差；在完成前将区间级 headline counts 降为条件于获胜字母的敏感性，不作正式 verdict。	比较 fixed-winner 与 reselect-winner bootstrap 的全部边界 cell；报告覆盖模拟或至少 verdict-change table，并以选择感知结果更新表 1/15。	逐题标签与预测记录、联合重采样代码、重算区间和结论差异。	high	high
C1	R2	C1-R2-02	major	technical_soundness,experimental_rigor,limitations_responsible_claims	第 4–5 页 §3.2 式 (3)–(5)；第 23–25 页表 17–18	v2 只在 n_opt strata 内置换预测，保持每个 strata 的整体预测边际。它没有条件化 subject、题型、选项模板或其他可能同时影响模型 letter bias 与 gold marginal 的组变量。	正的 ∆perm 只能证明预测与 gold 的关联超过 n_opt 条件下的整体边际匹配；它仍可能来自 subject-level 或格式级信息，而非单题内容信息。因此“does this arm carry item-level information”比该 null 实际识别的量更强。	把结论改为“超出 n_opt-stratified marginal alignment”；或预先定义并加入关键 nuisance strata/条件随机化模型，验证 v2 信号不是组级标签先验。	在 subject×n_opt（以及可行的模板/合法标签集）内重新置换，检查 27-cell verdict 与 materiality 是否保持；稀疏 strata 需报告合并规则。	逐题元数据、分层置换结果与对 strata 选择的预先说明。	high	medium
C1	R2	C1-R2-03	major	experimental_rigor,technical_soundness	第 5 页 materiality 与 preregistration status；第 7–9 页 §5；第 19 页附录 A.4–A.5；第 24–25 页表 17–18	v2 在 27 个已评分 cell 之后设计；作者已看过 collapse 形状。0.10 相对恢复阈值及同家族 intact anchor gate 决定只有一个 damaged cell 为 material；c=0.05 时有四个。v1 的 85-cell headline 又由相关、嵌套 cell 的未校正逐单元决定组成，正式 BH/Bonferroni 后两参考均无 matched-standard cell。	阈值选择和 family definition 可实质改变叙事；把相关 per-cell crossing 的集中性作为 load-bearing aggregate evidence，没有一个预先固定的联合零分布或 family-level uncertainty 支持。	把 v2 定位为探索性重分析，并报告全阈值曲线而非二值 material 标签；为未来/新数据预注册阈值、family 与聚合统计，并用 cluster-aware 或层级方法控制共享题目/嵌套 arm。	在冻结规则的新模型/新基准上运行；主聚合检验的 family、阈值和方向须在观察前固定，并报告 simultaneous uncertainty。	预注册文件、新的独立 cell 集或严格的选择敏感性分析。	high	high
C1	R2	C1-R2-04	minor	experimental_rigor,clarity	第 6–9 页 §4–6；第 13–14 页 Limitations 与表 4；第 21–22 页表 13	只有 OLMo-2 采用 prune-then-heal，其他三家族是 evaluation-time truncation；语料、训练暴露、相对深度和模型家族均不匹配。所有 off-MMLU interval clears 都集中于 OLMo-2 的高层数 healed arms。	该集中性不能区分 healing、family、relative depth 或训练数据；读者容易把一个特定 ladder 的描述读成损伤恢复规律。	将结果严格命名为 OLMo-2 ladder 描述，避免跨 regime 比较；若要机制或 family 结论，需在至少两个家族上做匹配的 prune-then-heal 对照。	同 retained fraction、语料/steps 与评分协议的第二家族 healing curve 复现后，再检验 family×regime 交互。	匹配的跨家族 healing 实验或更窄的文字。	medium	high
C1	R2	C1-R2-05	minor	clarity	全文，尤其第 20–27 页表 12、15、17、18、21、22	主结论散落于 28 页、多套编号和极密集小字号表中；正文同时保留当前结论、敏感性面、修复史和 16 条撤回台账。	即使数字可追踪，审稿人也很难区分正式 estimand、条件敏感性、历史修复和描述性计数，增加误读和无法快速核验的风险。	主文只保留两个 estimand、一个主统计表和一个限制表；把完整修复史与逐 cell 网格移入补充材料，并增加单页 claim→estimand→valid inference 映射。	让未参与项目的读者仅用主文准确复述 v1/v2 的对象、正式推断和不可推断项；同时检查表字号。	重组后的 PDF 和独立可读性检查。	low	high
C1	R3	C1-R3-01	major	experimental_rigor,technical_soundness,limitations_responsible_claims	第4节“Designated damaged cells, and multiplicity”与第5节表1（PDF第6–8页）	论文突出17个 MMLU-Pro 与85个 off-MMLU 指定损伤 cell 的逐 cell 清除计数；这些分析共享同一批题目、模型家族和嵌套深度。表1显示在12个非 OLMo MMLU-Pro cell 上实施 BH/Bonferroni 后，chance 与 floor 两边均为0/12。	未经整体误差控制的“多少 cell 清除”会随阈值、依赖结构和样本精度显著变化，不能支撑整体方向或跨基准普遍性。逐 cell 计数的集中现象也不是一个预先定义的全局检验。	预先指定一个全局或层级估计目标，以 item 为共享重采样单位并对模型/深度嵌套建模；报告 family-wise 或 FDR 控制后的结论，并把未经校正计数降为描述性。	对全部指定 cell 进行共享 item 的联合 bootstrap/置换或层级模型，检验 floor 替换导致的总体标签/效应变化，并在预先声明的错误率下复核结论。	逐 item、逐 cell 预测及统一的依赖感知多重性分析。	high	high
C1	R3	C1-R3-02	major	technical_soundness,experimental_rigor	第3.3节 reference-choice rule 与第5节表1后说明（PDF第5、8页）；复现性说明（PDF第11页）	v1 floor 取经验 gold marginal 中占比最高的字母，但 paired bootstrap 条件于观测到的 winning letter；论文承认 selection-aware joint resample 未用于主结果。	最佳常量是由同一数据选择出的最大值。固定胜者会忽略字母胜者在重采样中的切换和 max 操作的不确定性，尤其会影响紧邻 floor 的 cell，并可能让区间偏窄。	在每次以 item 为单位的联合重采样中重新计算所有 gold letter 比例、重新选择最大常量，再与同一重采样中的模型准确率做差。	对表15所有 MMLU-Pro cell 输出 selection-aware 区间，并列出相对当前 verdict 发生变化的 cell；主结论应以新分析为准。	逐 item gold/prediction 记录和每次重选 winning letter 的联合 bootstrap 结果。	high	high
C1	R3	C1-R3-03	major	experimental_rigor,technical_soundness,limitations_responsible_claims	第3.3节 v2 materiality rule（PDF第5–6页）与第5节表2、图2（PDF第8–9页）	0.10 materiality bar 及相关前提是在作者已经看到 collapse defect 的形状后冻结；27个现有 cell 也已存在。论文坦率地将其称为对规则的预注册，而非对当前数据的前瞻验证。	在已见数据上选择阈值和判定结构会把当前 re-analysis 保留为探索性证据；即使代码与规则随后冻结，也不能恢复对同一 cell 的前瞻错误率解释。	将当前27-cell结果明确标为 hypothesis-generating，并在完全未查看的模型、深度或基准上前瞻冻结阈值、family 与主结局。	对独立留出集合只运行一次预注册流程，报告所有 cell 与统一多重性校正；在揭盲前验证样本量和锚点前提。	带时间戳的前瞻协议及独立验证数据结果。	high	high
C1	R3	C1-R3-04	major	experimental_rigor,technical_soundness,limitations_responsible_claims	第4节模型与结构损伤（PDF第6页）、第5节 off-MMLU 结果（PDF第8–9页）及附录A局限表4（PDF第13页）	OLMo-2 使用 prune-then-heal checkpoint，而其他家族只做 truncate-only；同时 family、绝对/相对深度、训练语料与 exposure 均不同。区间上清除 floor 的9/85 cell 全来自 OLMo，但不存在同家族、同深度的 healed/unhealed 因果对照。	该集中现象不能区分 healing、家族特性、层数或额外训练暴露。把它解释为恢复机制证据会超出设计可识别范围。	将现有结果限制为描述性，或在同一基础模型、相同保留深度和相同评测条件下随机/匹配比较 prune-only 与 prune-then-heal，并控制训练 token 暴露。	预先注册同家族 factorial 对照，报告逐 item 配对差异与交互项；若做不到，删除所有暗示 healing 因果效应的表述。	同家族匹配 checkpoint、训练暴露记录和配对评测。	high	high
C1	R3	C1-R3-05	minor	technical_soundness,clarity	第3.1–3.3节与附录表7–9、表14–15（PDF第4–5、14–20页）	对七个构造中的多数，经验最佳常量 floor 与合法平衡零假设之间的差异没有被精确识别；论文仍把观测 max floor 作为硬判定线，同时把 E[f-hat] 仅作敏感性。	经验 max 可以作为该固定题集上的决策规则，但若读者把它理解为总体输入盲能力参数，其抽样噪声会导致边界 cell 翻转。当前决策论与统计推断语义交织。	明确区分固定题集的运营阈值与总体参考参数；同时报告 floor 的选择感知不确定性，并避免把未能区分两种参考的结果称为“校准已建立”。	在主表并列固定题集判定和总体参数区间，验证所有叙述均与相应语义一致。	选择感知 floor 区间和修订后的判定语义。	medium	medium
C2	R1	C2-I1	major	novelty,significance,citation_integrity	第 2–3 页第 2 节 Related Work；第 12–13 页附录 A/B；第 9 页结论	论文将 Layer-Condensed KV、HCache 和 KV-Direct 列为最近工作，也承认没有任何一个在同床实现；CoMem 本身由分块写入、BM25/固定选择、hidden-state store 和上层重算组成，方法独特性主要是组合与测量。最近工作比较停留在定性对象/选择/缓存类型，没有同工作负载下的质量、持久存储、峰值内存或端到端性能。	没有同床最近基线，就无法判断观察到的质量代价是 cached-depth 家族的普遍问题、CoMem 的具体实现问题，还是已被适配/训练方法解决的问题；也无法建立相对已接收 KV-cache 工作的实际贡献。	在同一 Qwen3、数据、检索包、生成长度和硬件上实现至少一个最接近 hidden-state/KV 缓存基线，或将贡献明确限定为 CoMem 个案的负面测量；比较必须覆盖精度、持久与运行时内存、prefill、完整 decode、吞吐和 exactness/approximation。	检查所有方法在相同生命周期和质量目标下计费；报告同质量或质量-成本 Pareto，而非分别引用原论文数字。若不新增基线，摘要、标题和结论不得外推到 hidden-state cache 类别。	同床最近系统实现与统一端到端测量；若无法实现，需要更强的机制证据说明为什么 CoMem 反例可代表一个方法族。	high	high
C2	R1	C2-I2	major	significance,experimental_rigor,limitations_responsible_claims	第 5 页表 1 的 C6/C7；第 8 页第 5.3 节；第 17 页图 3；第 26–27 页附录 H/J	128k 的 71.4→18.29 GB 和 72.7→0.68 s 对比把完整上下文换成固定 k 检索读，主要收益并非深度缓存。相同 6,657-token read 下，j=0 与 j=12 的峰值仅 18.2 对 17.9 GB；深度 sweep 没有逐层内存曲线，保留的 wall-clock 不支持时间节省。decode 每 token 重建上层 pack，且 break-even 只覆盖 read/prefill、不含完整生成。	论文标题询问 cached-depth read-out 的成本，但最大的系统数字归因于检索/缩短上下文，而深度处理的独立实益几乎未展示。没有端到端指标，无法判断 24–36 pp 的质量损失换来了什么可部署价值。	把 full-context 对比改标为 retrieval-system 上界/背景，不作为深度缓存收益；补充 matched j=0 vs j>0 的完整生命周期测量，包括写入、索引、持久存储、prefill、逐 token decode、吞吐、并发和峰值内存，并提供质量-成本曲线。	所有标题性成本数字都能分解成 selection/retrieval 与 depth 两项；端到端重复查询实验在预设查询数与生成长度上直接测得总延迟和峰值，并与解析的 break-even 一致。	优化或至少代表性的完整 decode 实现、多个查询数/生成长度/并发点，以及 matched j=0 基线的同进程测量。	high	high
C2	R1	C2-I3	major	experimental_rigor,significance,limitations_responsible_claims	第 4–6 页第 4–5.1 节；第 20–22 页附录 F/G；第 25 页 Frozen stack and preregistration	主决策只用一个 Qwen3-8B、qa1、oracle selector、n=100 和固定 k=12；4k 是有效候选中最大的显著差且 anchor 从 1k 改到 4k，论文无 selection-adjusted statistic。pinned/stripped reader 保持方向，但 answer-anchored mnt512 仅 +14 pp、p=0.0649、区间跨零；更宽 reader strip 还会改变幅度。	方向性反例在该床上可信，但效应大小、解析器不变性和任务/模型普遍性都未建立。选择最大差异再强调 +27 pp 容易高估可复现幅度。	把 +27 pp 降为选择后示例，以跨 cap 的方向/包络为主；在新任务、真实检索与至少第二模型上预注册主要 reader、深度和上下文长度，报告层级或多重性调整后的总体效应。	确认新主单元在结果可见前冻结，reader 不依赖模型输出事后调整；至少一项非 qa1、非 oracle 评测以同样 paired protocol 复现方向，并报告模型/任务交互。	多模型、多任务、真实 selector 的 held-out 配对研究和选择调整；更大 n 的 answer-anchored 验证。	high	high
C2	R1	C2-I4	major	technical_soundness,experimental_rigor,clarity	第 7 页第 5.2 节五臂 A/D/R/C/E 设计；第 16–18 页附录 D/E；第 21 页表 9	A 是在选中原始块上从第 0 层重算，E 则读取写入阶段在连续长文档中形成的第 12 层状态。两臂虽有相同选中原始文本和 fresh positions，但低层注意力所见 token 集与表示形成时机不同；因此 E−A 同时包含缓存深度、写时上下文化和重新拼接后的分布移位。论文用另一个 16k dense/reforward 诊断的 ≤6 pp 来约束这一差异，但该诊断不是等效性检验且并非同一五臂 estimand。	这使“depth-only cost”不能被唯一解释为跳过前 j 层造成的表示损失。负结果仍适用于部署操作，但机制归因过强，影响方法设计建议。	把 A−E 改称为完整 operational cached-depth treatment；若要做机制归因，增加低层上下文匹配的写入/读取控制，例如让 j=0 与 j=12 在相同 token 序列与注意力掩码上生成低层表示，并单独操纵缓存边界。	新的因子设计应使任意一对归因比较除单个因素外输入 token、position、mask、低层可见上下文和 scorer 完全相同，并给出等效性界限而非“不显著”来排除剩余通道。	低层上下文与位置严格匹配的因子实验、足够功效的等效性检验和中间表示诊断。	high	medium
C2	R2	C2-R2-01	major	technical_soundness,experimental_rigor,limitations_responsible_claims	第 4 页 §4 五臂设计；第 7 页 §5.2 与表 3；第 8 页 Limitations	A 的 bottom layers 只看到 selected pack，而 E 的 h12 来自 contiguous document region，因此 E−A 除 cache depth 外还改变 lower-band context set。论文承认该 residual factor，却又写“depth itself costs”并以 16k dense/re-forward 相对 j=0 的非显著 ≤6 pp 作为 bound。	这不是纯 depth intervention；lower-band 接触到不同未检索上下文可显著改变 h12。不同对照上的非拒绝不能给该 confound 的大小作上界，尤其 n=100 且没有等价性设计。C8-D 的机制归因因而未被识别。	把 C8-D 收缩为被部署计算路径的联合差异，不称 depth itself；或新增同 context set、position、selector、decoder 下仅改变 materialization depth 的 arm，并预先设定等价/归因分析。	新 arm 与 A 只在 j=0 raw replay versus j=12 cached residual 上不同；逐样本输入 hash、各层 attention context 与 positions 必须一致。对 E−A 之外同时报告新纯对比及不确定性。	confound-free forward arm、逐层输入/位置审计和配对结果。	high	high
C2	R2	C2-R2-02	major	technical_soundness,experimental_rigor	第 6 页表 2；第 27–28 页附录 J.1、表 16	论文对 c/(b+c) 做 Clopper–Pearson，再以 (2p−1)s/n 缩放，称为 risk difference 的 exact conditional interval。该构造条件于观测 discordance count s，并把 s/n 当作无误差尺度。	exact McNemar 条件检验可对 H0:p01=p10 成立，但总体 paired risk difference δ=p01−p10 同时依赖 discordance probability p01+p10。忽略这一部分的不确定性不能给 δ 提供所声称的精确覆盖。论文还把该区间作为 primary magnitude。	将该区间改称 conditional discordance-imbalance sensitivity，不能叫 exact risk-difference CI；主区间使用适当的 paired risk-difference 方法（例如文中已有的 Newcombe Method 11）并清楚说明覆盖对象。	通过多项分布模拟覆盖率，比较 CP-rescaled 与正确 paired-difference interval；更新所有主文区间和 selected magnitude 语言。	覆盖模拟、方法引用/推导及重算表。	high	high
C2	R2	C2-R2-03	major	experimental_rigor,clarity,limitations_responsible_claims	第 6 页 §5.1；第 19–22 页图 4、表 8、表 10；第 25–26 页 preregistration timeline	anchor 在看过部分数据后从 1k 移到 4k；4k 是有效 2k/4k/8k 中最大显著 gap，未做选择调整。reader 规则显著改变点值，作者甚至承认更宽 strip rule 可反转符号；answer-anchored mnt512 为 p=0.0649。	固定 pinned reader 下方向明确，但 +27 pp 不是预先指定、reader-invariant 的效应量。标题与摘要的“pre-registered”容易让人误解为当前主 magnitude 在观察前冻结。	把 +27 pp 降为 selected cell 描述，主结论仅保留预先可辩护的方向；对 2k/4k/8k 和 reader family 做选择/多重性敏感性，或在独立样本上冻结 cell 与 reader 重复。	新的独立 qa1 样本在运行前固定 length、cap、reader；报告一个主配对区间以及所有预声明 secondary，不再从同一网格挑最大值。	独立确认运行或完整选择敏感性分析。	high	high
C2	R2	C2-R2-04	major	significance,experimental_rigor,novelty	第 2–3 页 §1–3；第 8 页 §5.3；第 12–13 页表 4与方法细节；第 18 页表 7	fixed-k working-set 优势同样由 j=0 short read 获得；depth 在 6,657-token read 仅省 0.3 GB，run-level timing 不支持 depth speedup。decode 每 token 重建 upper pack，未测 end-to-end；BM25/index latency 和 persistent-store baseline 未测，也没有同床 prior implementation。	按 KV-cache 论文的最低证据要求，当前结果没有展示可部署的 end-to-end 速度/内存/质量 Pareto 改善，且无法判断相对既有层轴或恢复方法的实际位置。实证贡献因此主要是内部负结果。	实现 upper-layer KV reuse 并报告含 retrieval、prefill、decode、store/index 的 end-to-end latency、吞吐和峰值；在相同硬件/质量点至少加入一个真正相关 baseline，或将论文明确重定位为纯测量/负结果短文。	同一请求分布、相同输出长度和质量约束下测 G=1 及并发；分别报告权重、active KV、persistent store 与 index，并画真实 Pareto front。	端到端系统测量、基线实现与质量匹配结果。	high	high
C2	R2	C2-R2-05	minor	experimental_rigor,reproducibility	第 15、24–25 页 five-arm cross-trial audit 与 Appendix H	A/D/R/C 与 E 来自两个 trial 和不同 driver snapshot；原 572907d7 blob 无法从历史恢复，只保存 diff。作者用静态 CLI whitelist 论证无副作用，并以 same-arm cross-trial endpoint 3/500 flips 作噪声界。	静态 diff 证据较强但不可从原 blob 独立重建；两 trial 的非确定性和 raw output 大量变化仍使小效应对比脆弱。当前主差大，不太可能反转，但 provenance 不完整。	在单一冻结代码版本一次性重跑全部五臂，或把不可恢复 blob 与跨 trial 合并明确列为历史证据限制。	同一 manifest、driver hash、seed/hardware 下生成 A/D/R/C/E，并比较当前 b/c 与点值。	统一 trial 输出与完整可恢复代码 snapshot。	medium	medium
C2	R3	C2-R3-01	major	technical_soundness,experimental_rigor	第5.1节表2（PDF第6页）及附录J.1、表16（PDF第27–28页）	主要区间先对 c/(b+c) 做 Clopper–Pearson，再乘以观测 discordance 比例(b+c)/n，得到 mnt160 的[+17.7,+30.5]和 mnt512 的[+14.1,+28.7]个百分点；该构造把随机的(b+c)/n固定为观测值。	条件检验可用于 McNemar 零假设，但这种重缩放没有传播 discordance 总量的抽样不确定性，因此不是总体 paired risk difference 的无条件95%区间。它会让效应量区间显得过窄。	用对全部四个配对单元计数有效的 matched-pair risk-difference 区间或以题目为单位的配对 bootstrap 作为主区间，并将当前构造准确标为条件区间。	对两个注册 cap 重算至少一种有覆盖保证的配对风险差区间；报告覆盖模拟或标准方法引用，并检查方向结论与效应量表述是否变化。	四格配对计数、修正区间和重算脚本输出。	high	high
C2	R3	C2-R3-02	major	technical_soundness,experimental_rigor,limitations_responsible_claims	第4节五臂定义与第5.2节表3（PDF第4、7页）	E−A 在4k和16k分别约−28、−36个百分点，但A的底层在选中 pack 上重前向，E的 h12 则在连续全文上下文中写入；论文第5.2节也承认低层 attended context set 仍不同。另一些分开的 dense/re-forward control 与j=0相差不显著，被描述为残余因素最多约6个百分点。	E−A不只改变 cache depth，因而不能识别“depth itself”的因果效应。其他 cell 未显著不等于对该混杂量给出6个百分点上界，尤其这些 cell并非同一反事实对照。	把结论改为特定部署管线的联合差异，或新增低层注意范围完全相同、只在读取起始深度上变化的对照。删除由非显著性推导的残余上界。	在相同选中 pack、相同位置和相同写入上下文上比较 j=0 与 j=12；以预先声明的等价/非劣界限直接估计每个非深度因素。	真正单因素的逐题配对臂和预先声明的归因分析。	high	high
C2	R3	C2-R3-03	major	experimental_rigor,limitations_responsible_claims	摘要、第4节注册说明及第5.1节选择 caveat（PDF第1、4、6页）	原计划的1k锚点在查看决定性 cell 前移至4k，但论文同时说明4k的+27个百分点是2k/4k/8k有效长度和 reader 结果中选择出的量级；没有对该选择做推断校正或独立复现。	方向在多个 cell 上一致可以作为探索性稳健性，但把最大显著量级放入标题/摘要会产生选择后夸大。事前冻结分析规则不等于该效应量未被选择。	将4k数值明确降为选择后的描述，主张只保留跨注册 cap 的方向；或在未查看的固定任务/长度上做一次前瞻复现并以该 cell 为主。	在独立数据或模型上预先冻结单一长度、reader、cap与区间方法；一次性揭盲并报告结果，或对现有搜索空间做同时区间。	独立前瞻复现或选择感知的同时推断。	high	high
C2	R3	C2-R3-04	major	experimental_rigor,significance,limitations_responsible_claims	第4节实验设置、第5.1节表2及第6节局限（PDF第4、6、9页）	所有 load-bearing 结果来自Qwen3-8B、BABILong qa1、oracle selector、每 cell 100题和单一训练自由管线；没有多模型、多任务、多随机 seed 或部署 BM25 的同样 matched 复现。	单事实合成任务和 oracle selection 有利于隔离方向，却不能判断该损失是否出现在真实检索误差、多跳任务、不同架构或 cache-aware 模型中。标题的“cached-depth read-out”容易被读成更一般的系统边界。	缩窄标题和结论到当前 model/task/reader，或至少在另一个模型家族、一个非合成任务和实际 BM25 selector 上预先复制方向。	预先定义跨模型一致性准则，并报告每个新 setting 的配对 discordant counts、选择感知区间及 reader 审计。	多模型、多任务、实际 selector 的独立配对结果。	high	high
C2	R3	C2-R3-05	major	experimental_rigor,significance,reproducibility	第5.3节 serving account（PDF第7–8页）与附录B/H（PDF第13、21–23页）	相同约6657-token读长下j=12与j=0峰值仅差约0.3GB，来自median-of-three且打印粒度0.1GB；0.68秒在prefill/read结束，decode每token重建upper pack。BM25/index延迟、持久存储、端到端吞吐及可部署先验基线均未完整测量。	约26次查询的 break-even 只适用于截断的prefill账本，不能支持系统实用性；未测成本可能大于0.3GB/0.26秒量级，且没有端到端比较说明该方案值得部署。	实现可复用上层KV的端到端 decode，纳入选择、索引、存储和并发成本，并与至少一个公开的KV压缩/检索基线及 full-context 比较延迟、吞吐、峰值和质量。	在固定硬件、预热与并发下运行足够重复，报告分布而非三次中位数；用端到端总成本重算 break-even 并做敏感性分析。	端到端系统测量、基线实现、重复试验原始分布和完整成本账本。	high	high
C3	R1	C3-I1	critical	novelty,significance,limitations_responsible_claims	第 1 页摘要与第 1 节 Contributions；第 2 页 Related Work；第 9 页结论	论文主动说明 archived cost-quality conclusion 不恢复，并把贡献限定为 scope statements、作者枚举 ledger 上的 NOT_MEASURED register、per-row labels 和 pattern-scoped gate。第 2 页又承认 GSN 已经显式表示未建立的目标，register 只是该思想的窄 machine-checked instance。	当前稿件既没有新的 KV-serving 方法/结论，也没有被验证的新审计理论。撤回与诚实报告很重要，但本身不是足够的 ICLR 科学贡献；核心产物与既有 assurance/checklist 机制的差异主要是具体格式。	将稿件重定位为 artifact/reproducibility/negative-results note，或增加一个真正通用的审计方法贡献：形式化语义、可判定保证、第三方数据集和相对现有 assurance/checklist 工具的定量基线。标题与摘要应停止让读者期待 KV-selective serving 研究结果。	修改后应能用一句不依赖本次撤回内部 ID 的话说明新能力，并在独立项目上以预设指标证明该能力超过现有方法；否则该稿不满足主会贡献门槛。	跨组织/跨项目的独立验证、现有工具基线、语义级错误标签与效果指标；或完整恢复原 serving 研究的可验证结果。	high	high
C3	R1	C3-I2	major	technical_soundness,experimental_rigor,reproducibility	第 4–6 页第 4–5 节；第 9 页第 8 节；第 11–12 页附录 B/C	register 的完整性只相对于作者构造的 C/D/S ledger；generator 与 checker 共享同一源，因而只能检测行缺失/状态漂移。所谓跨案例转移是在另一稿上计数 91 个六类 signal hits，对本稿为 68 个；没有金标准、精确率、召回率或下游决策效用。盲读者恢复 14 个已存在 ID 也不能发现未被作者枚举的主张。	同源生成与检查容易证明内部一致性，却不能证明完整性或审计有效性。当前验证接近自我一致性测试，不能支持可推广的报告工具。	构建第三方定义、独立标注的多项目 claim/violation 数据集；冻结 ledger 生成规则和 scanner 后，报告遗漏、误报、跨域迁移和人工审计节省，并与 GSN/checklist/简单关键词基线比较。	测试集的主张全集与违规标签不得由 scanner 作者定义；在揭盲前冻结规则，按项目分层留出，并报告逐类混淆矩阵和失败案例。	独立标注者、自然项目样本、盲评协议、基线与置信区间。	high	high
C3	R1	C3-I3	major	experimental_rigor,significance,limitations_responsible_claims	第 5 页表 2 的 D1–D6/S1 行；第 8–9 页第 6 节与表 4；第 9 页结论	修复后的唯一并发结果是 full-context、无 adapter、无 selector 的 32k arm；G=4 只有 3 个有效独立 round。16k guarded rerun、KV-selector finite fetch、adapter recovery、单臂机制隔离与 LongEval 逐题配对均为 NOT_MEASURED，且论文不提供吞吐、可扩展性或延迟结论。	这只证明一个两行 guard 修复使一个操作点不再 OOM，不能回答题目中的 KV-selective serving 成本、质量或可行性。按指定 KV-cache 校准，实用 serving 主张应有真实 baselines、完整生命周期、内存核算和端到端性能；这些核心要素均缺失。	若保留 serving 主题，先恢复并冻结 selector 与 adapter 身份，运行 matched full-context/KV-selective arms 的多长度、多并发端到端实验，并报告质量、吞吐、p95 延迟、峰值和持久存储；否则删去 serving 研究框架，只作为方法学说明投稿到合适轨道。	所有标题性 serving 结论必须由可重跑的 matched arms 支持，至少有两个模型/工作负载或充分说明单点范围，并将 3-round 可行性记录与性能估计严格分开。	修复后的 selector/adapter、独立重复、完整 decode 与质量测量、真实最近系统基线。	high	high
C3	R1	C3-I4	major	technical_soundness,novelty,clarity	第 3 页第 3.1–3.2 节 G1–G4；第 4 页第 4 节；第 12 页 Coverage self-critique	scope gate 依赖明确枚举的 token/phrase patterns；论文披露旧版曾让吞吐式表述从 enumeration 外通过，代码块被豁免，语义替换或文本窗口外 clue 也不会被 exact-set checker 发现。六类 scanner 对本稿 27 个 honesty structures 中有 9 个完全无覆盖。	字符串存在/缺失不是语义保证；作者可以用同义改写绕过禁止项，也可以在合法短语附近提出越界推断。机器返回零并不等于论证安全，容易造成虚假的 assurance。	把 scanner 明确降为 lint，不称其为 scope predicate 的充分保证；若要声称可执行 assurance，需要定义机器可读 claim schema 与语义绑定，加入系统性的同义改写/对抗测试，并由独立标注评估覆盖。	在未参与开发的人工对抗集上，测试同义改写、否定、跨句引用、代码块和表格复用；报告错误率并确认论文不把通过 scanner 等同于语义正确。	语义级标注集、对抗改写、独立评估与简单关键词/规则基线。	high	high
C3	R1	C3-I5	minor	clarity	第 1–9 页主文及第 12–14 页附录 D–F	C4/C7/C9/C13、D1–D6、S1/S3/S6、R142 与七种状态构成高度项目特定的词汇，主文多次重复哪些推断被禁止；第 14 页仅放置一张小表并留有大量空白。	这使稿件更像内部事故档案而非可迁移方法论文，也掩盖了唯一实测修复结果。	以问题—方法—独立验证—限制重构主文，把内部 ledger glossary、撤回历史和复用纪律压缩为补充材料；增加一个项目无关的最小示例。	不接触原项目的读者应能在两页内理解工具输入、算法、输出、保证和失败模式，并能将其应用到一个新 archive。	不需要新实验来修复版式，但项目无关示例应来自独立数据。	medium	high
C3	R2	C3-R2-01	major	technical_soundness,experimental_rigor,limitations_responsible_claims	第 3 页 §3.1；第 4 页 §4；第 12 页 Appendix C	register 只要求每个作者枚举的 LEDGER ID 有一行；语义检查只看每个 ID 后有限窗口中的 canonical clues。scope gate 也只匹配明确列出的字面模式，并豁免 verbatim code。作者在第 4 页和第 12 页承认完全遗漏的 claim、未列同义表达及 27 个 honesty structures 中 9 个都可不被发现。	这套机制可以证明给定作者输入下的结构一致性，却不能证明论文中的重要主张均已登记或被正确限定。标题与贡献表述若让读者把它理解为语义完备审计，会把 author-supplied specification 当成独立 ground truth。	将贡献始终表述为 author-declared ledger 的一致性 lint；若要主张审计完备性，需由独立标注者在不知道 ledger 的情况下抽取完整主张集，并以预定义匹配规则测漏报、误报和语义错配。	在冻结 ledger 前由多名独立标注者建立 adjudicated claim truth set；对 scanner/register 报告 claim-level precision、recall、漏项类型与一致性，并用留出同义改写做盲测。	独立真值集、标注协议、混淆矩阵及留出改写结果。	high	high
C3	R2	C3-R2-02	major	technical_soundness,clarity,reproducibility	第 5 页表 2 caption 与 D4/D5 行；第 6 页表 3 caption 与 C13 @1M 行	表 2 caption 写道 CLOSED_WRITING 与 NOT_ADJUDICATED ‘no row here carries them’，但紧接着的 D4、D5 两行状态均为 CLOSED_WRITING。表 3 caption 把 canonical vocabulary 列为 MEASURED、DERIVED、ESTIMATE、NOT_ADJUDICATED，却在 C13 @1M 行使用未列出的 EXTRAPOLATED。	论文的主要卖点正是状态词和表格由单源生成并受到机器检查；可直接目视确认的内部矛盾说明检查没有覆盖最终 caption-to-row consistency，削弱最核心的可信度主张。	修正两个 caption，并让构建 gate 从最终生成表中抽取实际状态集合，验证 caption 声明、共享 vocabulary 与每行 token 完全一致；加入当前矛盾作为必须失败的 mutation fixture。	自动解析最终 PDF/LaTeX 表格；若 caption 声称某状态无行而行中出现，或 caption 枚举遗漏已用状态，构建必须非零退出。	修订后的表格、final-render scanner transcript 与对应 red-team fixture。	high	high
C3	R2	C3-R2-03	major	experimental_rigor,significance,limitations_responsible_claims	第 9 页 §8；第 11–12 页表 5与 Appendix C	所谓 transfer 只是在本稿与一篇作者选择的‘different group’ SparseForge 稿件上分别得到 68 与 91 个模式命中。没有独立的诚实/越界真值、precision/recall、未使用文稿或 reviewer outcome；命中数量不同只说明文本中目标词形频率不同。	没有标签的两案例 hit count 不能识别 scanner 是否捕获真正风险、是否大量漏报或误报，更不能支持‘generalizes’。这使方法有效性停留在可运行演示，而非可评价的跨案例工具。	把 generalization 改为 feasibility demonstration；或在预先冻结的多领域、作者外部语料上，由独立标注者给 load-bearing claims 与 scope violations 建立真值并评价检测性能。	留一项目外测，预注册 taxonomy/pattern，不按测试稿扩充；报告宏/微 precision、recall、每类错例及 reviewer 时间节约。	多案例独立标注 benchmark 与盲测结果。	high	high
C3	R2	C3-R2-04	major	significance,novelty,experimental_rigor	第 1 页摘要与 §1；第 7–9 页 §6–9；第 14 页表 8	唯一新运行是无 adapter、无 selector 的 full-context arm 在 L=32k、单 GPU、3 轮上的 guard 修复检查。KV selector 因参数名错误未复跑，adapter 不可恢复，16k 未复跑；无端到端吞吐/延迟结论，也没有 single-arm isolation。	修复 inference/no-grad 使用错误并确认一个 operating point 可行是有用的档案纠错，但不构成 KV-cache/serving 方法评价。论文自己承认 register 是既有 GSN/模板思想的窄实例，因此当前实证与方法新颖性都不足以支撑完整 ICLR 论文。	若作为 serving 论文，完成 selector、matched adapter、16k 与质量/成本端到端对照；若作为元科学论文，则去除 KV 系统贡献暗示并提供独立、多案例的工具效度研究和与现有 assurance/documentation 方法的实证比较。	serving 路线需在冻结协议下复跑所有关键 arm 并画质量—内存—延迟 Pareto；方法路线需在未参与构建的语料与评审者上比较漏报率和工作量。	完整 serving 实验或外部方法有效性实验。	high	high
C3	R2	C3-R2-05	minor	clarity,reproducibility	第 2 页表 1；第 6–7 页表 3、式 (1)；第 13–14 页表 6与表 8	符号 G 在不同位置既表示并发，也表示 archived decode model 的生成长度；Q* @128k 又给出 G=1 的 25.8 与 G=512 的 164.2，而后者表中 scope 写作 replicate crossover。作者依靠逐行标签避免直接合并，但同一符号承载不同物理量。	在一篇核心目标是防止跨 scope 误读的文章中，符号重载本身增加误读和错误复用风险，尤其当两个 Q* 数值并列出现时。	为 concurrency 与 generated length 使用不同符号，并在所有 Q* 行显式打印生成长度、并发、聚合单位和 numerator/denominator 来源。	全文符号 lint 应拒绝同一符号对应两个定义；逐行 schema 要求 concurrency 与 generation_length 为独立字段。	无歧义的重排表格与符号检查。	medium	high
C3	R3	C3-R3-01	major	significance,experimental_rigor,limitations_responsible_claims	摘要、第1节及第9节结论（PDF第1、9页）；表2（PDF第5页）	论文明确列出 KV-selector finite fetch、adapter-source recovery、adapter-matched arm、16k guarded rerun、LongEval逐题检验及单臂机制隔离均未测。唯一新增GPU结果是full-context 32k的guarded可行性复跑。	诚实撤回值得肯定，但它不产生原研究问题的答案。当前稿既没有 KV-selective serving 的有效成本—质量证据，也没有经广泛验证的独立报告方法，因此主贡献主要是个案记录。	选择一个可检验的主贡献：若为系统论文，修复selector并恢复/重建adapter，完成匹配质量和端到端并发测量；若为报告方法论文，则在独立、多项目语料上系统验证 register/gate。	系统路线需预先定义主 cell、对照、重复和端到端指标并一次性执行；方法路线需在隐藏标注集上报告遗漏率、误报率及与基线比较。	完整决定性实验，或多案例独立验证数据。	high	high
C3	R3	C3-R3-02	major	technical_soundness,experimental_rigor,reproducibility	第3.1节、第4节及附录C（PDF第3–5、12页）	register 的 exact-set 检查只保证作者 ledger 与生成表一致；scope gate 枚举有限短语，早期版本曾漏过 throughput 改写。附录C称六类 taxonomy 对27种结构漏掉9种。	同一来源生成与检查可检测转录漂移，却不能检测 ledger 和正文共同遗漏的主张，也不能对未枚举同义改写给出语义覆盖。称其为“complete”或机器检查工具容易被读成超过声明 universe 的保证。	将“complete”始终限定为 declared ledger，并以独立标注的主张语料评估 semantic recall/precision；加入未见过的释义、否定、跨句和数值组合攻击。	冻结多篇文稿和盲法 gold claim/scope 标签，在开发后一次性运行，报告每类遗漏、误报及置信区间；至少与关键词搜索和人工核查基线比较。	第三方 gold corpus、盲法标注协议、held-out adversarial fixtures 和误差分析。	high	high
C3	R3	C3-R3-03	major	technical_soundness,experimental_rigor,limitations_responsible_claims	第8节“Method validity: cross-case transfer”与附录C（PDF第9、12页）	scanner只额外运行在一篇SparseForge稿件上，得到91个signal hits，对本文得到68个；论文据此写“transfer shows the scan generalizes”。一个盲读者在当前PDF中回收14个register ID，但没有独立漏报/误报总体。	不同 hit 数只表明工具在第二篇文本上能匹配字符串，不表明其发现真实边界问题的准确性或跨领域泛化。单个读者、单个案例无法估计可靠性。	把该句改为可运行性演示，或扩展到多团队、多领域、含已知缺陷与无缺陷文稿的盲法评估，预先定义检出目标。	至少两名独立标注者建立 gold，报告一致性、precision、recall、每类性能与项目级留一验证；在冻结测试集上只评一次。	多案例独立标注及定量泛化结果。	high	high
C3	R3	C3-R3-04	major	experimental_rigor,technical_soundness,reproducibility	第6节表4（PDF第8页）	pre-guard 32k只有一次abort且没有峰值记录；post-guard在G=1与G=4各3轮，其中G=4是唯一并发数据。历史pre-guard 16k峰值139.2GB没有对应guarded 16k复跑。	post-guard可行性本身可信，但把早期边界归因于grad leak仍主要依赖静态代码检查与非对称历史记录。没有同配置 guard on/off 重复，无法量化缺陷的因果贡献或排除其他版本差异。	在隔离环境中只切换 inference-mode guard，按相同模型、版本、查询、L、G和监控多轮运行；至少补齐16k与32k。	保存每轮峰值、状态与请求级时延，对 guard on/off 做配对比较；证明除两行guard外环境和代码哈希一致。	受控ablation、完整原始记录和精确环境清单。	high	medium
C3	R3	C3-R3-05	minor	experimental_rigor,clarity,limitations_responsible_claims	第5节表3、图3及附录D–E（PDF第6–7、13页）	G=512、128k的citable per-query margin仅0.0404秒，15单位配对bootstrap为[0.026,0.088]秒，但表3只给 Q*=164.2 的点值；1M的 Q*=180.2 又明确超出≤128k测量范围。	当分母很小且不确定时，break-even 比值高度不稳定；只给点值可能让读者低估范围。虽然论文标注了派生/外推，传播不确定性会使scope更可操作。	对每个Q*传播写入成本和per-query margin的不确定性，给出区间或分布；把1M严格留在外推敏感性表而非可引用主值。	用配对重采样联合重算 numerator/denominator，报告正分母比例和Q*分位数；检查结论在合理成本定义下是否稳定。	逐单位成本数据和Q*不确定性传播。	medium	medium
P1	R1	P1-I1	major	novelty,significance,citation_integrity	第 1–2 页第 1 节 Contributions；第 7–8 页第 4 节 Related Work；第 22–23 页附录 F	五字段注册、置信区间可达性、must-fail control、hash/absence manifest、字符串到三态投影和冻结重放均是已有统计或软件治理构件的组合。相关工作承认 provenance、versioning、reproducible builds、reporting standards 与 production assertions，但只用阶段/对象的文字差异定位，没有实现基线或展示现有工具无法检测而 AUDIT-GATE 能可靠检测的自然案例。	当前容易被理解为项目特定 MLOps common sense 的重包装；论文自己甚至设定 MERGE 条款来承认这一风险。没有清楚的概念或实证增量，难以达到 ICLR 主会贡献门槛。	定义一个项目无关的 threat model 和形式化保证，逐轴比较现有 assurance/artifact/attestation 工具；在独立自然 archives 上运行这些基线和 AUDIT-GATE，展示新增检测类别或显著减少人工成本。	每个 primitive 都应有最接近先例、相同输入上的基线输出和本文不可替代的增量；若增量只剩组合接口，应诚实定位为工程/工具论文并提供实际采用证据。	系统文献对照、可运行基线、独立项目任务和预设效用指标。	high	high
P1	R1	P1-I2	critical	experimental_rigor,technical_soundness,significance	第 5–7 页第 3 节 Field Audit；第 8–9 页第 5–6 节；第 19–20 页表 11–12	14 个 field units 全来自同一 live run，冻结层只出现 PASS/FAIL 而没有 POSTPONE；八个缺陷 fixture 由 checker 作者构造。论文明确没有 independently labelled archive population，也不报告 detection 或 false-alarm performance；能够判定 5% false-kill 目标的 v2 设计要求至少 118 个独立 defect-free archives，目前 human_pending/blocked。	核心产物是一个审计 gate，但现有证据只能说明作者写的分支会在作者写的输入上执行，不能说明它对自然 archive 有效。没有独立校准，PASS/FAIL 的实际可靠性和工具价值未知，这是当前接收的决定性缺口。	完成独立、盲标的自然 archive 校准：由非作者定义 operability 金标准，按项目留出，冻结 checker 后报告逐类检测、误杀、POSTPONE、覆盖和置信区间；同时运行最接近简单规则/人工 checklist 基线。	标签制定者不得接触 checker 规则，开发/测试项目必须隔离；预注册的 false-kill≤5% 和 detection 下界必须在独立测试集上可判定，而非用 authored fixtures 充数。	至少达到论文 v2 功效设计的独立 defect-free 样本、多个缺陷家族、第三方标签与执行日志。	high	high
P1	R1	P1-I3	major	technical_soundness,reproducibility,limitations_responsible_claims	第 2 页引言末；第 4 页第 2.6–2.7 节；第 5–6 页第 3.2 节；第 20–21 页表 12–13	第一版 group implementation 与预注册 predicate 冲突，看到结果后才改且旧代码未固定、无法重放；PRIM3 从三臂扩为五状态、verdict map 扩展、G2 从常量赋值改为读取谓词。注册 predicate 与 shipped rule 在枚举域上双向不包含（75 与 21 个分歧 multiset）。冻结七单元 tally 6/1/0，而当前机械层为 3/2/2。	这些不是局部 bug，而是决定 verdict 的语义与证据提取发生了观察后变化。论文诚实披露值得肯定，但标题中的“pre-registered”只能描述部分对象，不能给当前框架确认性地位。	将当前版本明确称为 observation-informed v2，把冻结层降为构建史；重新预注册完整规则、parser、map、group semantics 和校准指标，然后只在未见的新 archives 上评测。删除任何把旧 decisive cell 当作当前规则确认性验证的表述。	从新预注册 hash 到测试结束，所有决定 verdict 的代码和语义必须字节冻结；测试集不可参与规则设计；当前与历史输出只保留一个主层级。	全新 held-out decisive cell、完整冻结链和第三方复跑。	high	high
P1	R1	P1-I4	major	technical_soundness,experimental_rigor,clarity	第 2–4 页第 2 节 Framework；第 17–20 页 Appendix C/D；第 23–24 页 Appendix G/H	AUDIT-GATE 依赖 filesystem/string facts、每 archive 一个定制 parser 和关键词映射。字段存在、hash 稳定或 computor 字符串可达，并不证明实现真的计算注册 estimand；解释过的 drift 只依赖 operator-supplied cause registry。当前 seat C/H 还因 G2/threshold 无法机械解析而 POSTPONE。	形式完整性可被语义错误或无关计算轻易满足，而 schema-specific parser 限制跨项目迁移。工具可能稳定重放一个错误 verdict，却无法识别最关键的科学或软件语义偏差。	明确可保证与不可保证的形式边界，并引入机器可读 typed schema、数据流/调用图绑定或可执行 assertion，把 endpoint 字段连接到实际计算；对 fabricated-but-well-formed archives 做独立对抗评测。	构造字段与 hash 均合法但计算错 estimand、阈值或数据集的自然istic defects；工具应按预设目标检出，且不依赖为每个样本手写专用 parser。	语义级缺陷集、通用 schema/validator、跨项目迁移和对抗结果。	high	high
P1	R1	P1-I5	major	clarity,reproducibility	第 1–9 页主文；第 10–25 页附录，尤其 Tables 6–18	稿件维护冻结/当前两层 verdict、多个 round 与 judge 版本、26 个 unit strings、内部 seat 名称、路径和数十个 sha16；部分主文主张需到 Appendix H 才能得到 canonical current reading。第 25 页仅顶部少量文字，其余大幅留白。	审计工具论文应降低认知和核验成本；当前呈现本身需要读者进行复杂谱系审计，并使方法与一次特定多代理运行难以分离。	把当前规范、算法伪代码、一个项目无关示例和唯一验证表放在主文；将所有 round archaeology、完整字符串映射与 hash 清单移入 artifact。压缩或删除不再承担当前论证的历史表。	不了解该 run 的读者应能在主文中唯一确定当前算法、输入 schema、输出语义、验证数据和限制，并在不查内部 seat/round 的情况下复现一个示例。	不需要新实验来改善结构；第三方可用性研究可进一步验证重构。	high	high
P1	R2	P1-R2-01	major	technical_soundness,experimental_rigor,limitations_responsible_claims	第 1–3 页标题、§1、§2.6；第 5–6 页 §3.2；第 19–20 页表 12	论文说明 verdict-state map、PRIM3 enumeration、G2 predicate 与 tier reading 均在观察后改变；第一版实现还与注册 diversity predicate 冲突，并在固定前被替换，无法重放。只有特定 decisive cell/部分规则在运行前冻结，而不是当前整套框架。	当前规则是在看到失败模式后扩充和修正的，branch coverage 与 field tally 因而同时承担开发和评价角色。透明披露值得肯定，但不能消除自适应设计造成的乐观偏差；标题会把局部预注册误读为完整方法的确认性验证。	把标题与摘要改为‘retrospectively developed, transparently versioned’并逐条标明冻结时点；或在全新 archive corpus 上先冻结当前完整规则、state map、tier 与分析，再做一次真正确认性评价。	公开不可变的 current-rule digest 与时间戳，在未被规则作者看过的新 corpus 上一次性运行；任何规则变化都进入下一版本而不改本次主结果。	规则冻结记录、独立确认 corpus 和原样运行 transcript。	high	high
P1	R2	P1-R2-02	major	technical_soundness,reproducibility,limitations_responsible_claims	第 3 页 §2.3 PRIM3；第 11–12 页 §A.3 与证书讨论；第 18–19 页表 11	PRIM3 把‘文件 hash 漂移但有 recorded cause’判 PASS、无 cause 判 FAIL。第 12 页明确写出：给 copied-anchor mutation 添加 fabricated cause 会从 FAIL_ANCHOR_DRIFT_UNEXPLAINED 变成 PASS_ANCHOR_DRIFT_EXPLAINED，故 explained drift 仅与 cause registry 一样可信。	最需要 provenance 审计的操作者同时能供应让自己过关的 cause，且规则不验证 cause 的时间、签名、内容或与 drift 的因果对应。这样 PASS 可被事后文字白洗，破坏 manifest gate 的安全意义；允许 reviewer 自行忽略 registry 也不恢复单值 verdict。	将未经验证的 explained drift 至少判 POSTPONE，而非 PASS；要求 cause 在变更时由不可改日志/外部签名绑定到旧新 digest，并由非作者 verifier 检查具体 diff 与所述原因一致。	用无关、事后、伪造和正确 cause 的盲测 mutation；只有时间锁定且证据匹配的 cause 才可通过，并报告 verifier 间一致性。	防篡改 cause provenance、独立验证协议和对抗测试结果。	high	high
P1	R2	P1-R2-03	major	experimental_rigor,significance,limitations_responsible_claims	第 1 页摘要；第 5–6 页 §3；第 8–9 页 §5–6与表 3	14 个 frozen field units 全来自同一 live run，只覆盖 PASS/FAIL；八个 POSTPONE/branch cases 是作者构造。七个 other-seat archive 没有独立 operability labels，R42/R52 仍使用相同 workspace、filesystem 与 seat credentials。作者明确说明无自然语料 detection/false-alarm rate、无第三方执行，v2 至少 118 个独立 defect-free archives 仍 human_pending。	当前数据只能证明代码能在选择过的内部案例上运行，不能估计对自然档案的漏报、误报、跨项目泛化或实际 reviewer utility。‘true detection’也缺少独立 adjudication，因此方法有效性尚未建立。	在作者未参与生成或选择的多项目 archive 样本上，由独立标注者建立 operability truth；冻结规则后报告每类性能、置信区间、项目级划分和第三方从 bundle 复跑成功率。	执行预先写明的 v2 校准：至少满足设计样本量，按 project/seat 去重与切分，报告 false-open、false-kill、POSTPONE、标注一致性及失败原因。	独立自然 archive population、标签、第三方运行与完整混淆矩阵。	high	high
P1	R2	P1-R2-04	major	technical_soundness,significance,clarity	第 1–3 页 §1、§2.1、§2.6；第 22 页 Appendix F	PRIM1 的 endpoint reachability 基于 filesystem/string-level facts，即在 consumer script 中找到计算符号；证书复算的是 audit verdict，而非执行被审计的科学 endpoint。Appendix F 又明确承认 static inspection 看不到 runtime crash。	存在文件或代码字符串并不保证 import 成功、分支可达、依赖可用或 endpoint 真能对注册输入运行。普通读者会把 mechanically operable/replayable 理解为可执行，而当前 PASS 只证明静态引用与审计自身可复算，构念明显更窄。	将术语改为 statically registered/referenced；若保留 operable，则加入最小沙箱执行：加载依赖、解析真实注册输入、到达 endpoint 并产生类型/shape 合法的输出，同时记录环境锁定。	构造包含 dead branch、broken import、版本不兼容、运行时异常但字符串存在的 archives；静态 PASS 不得成为最终 PASS，应由动态层 FAIL/POSTPONE。	动态 reachability 层、环境 manifest 和自然故障测试。	high	high
P1	R2	P1-R2-05	minor	clarity,reproducibility	第 5–6 页表 1；第 10–20 页 Appendix A–E；第 24–25 页 Appendix H–I	同一 decisive cell 同时出现 frozen auditor-transcription、R42 repaired judge、R52 mechanical extractor 和 current canonical pin；关键 unit 的 PASS/FAIL/POSTPONE 随 tier 改变。尽管作者最终在 Appendix H 单值化，主表仍以前一 tier 为主体且需跨多个密集附录追溯。	论文研究的正是可复算与单值 verdict；高密度版本考古增加读者误引 frozen 9/5/0 或 decisive 6/1/0 为当前结果的概率，也不利于独立核验。	主文只保留当前机械 verdict 作为主表，把 frozen tier 明确放历史列/附录；提供一张从 archive→checker hash→current verdict→historical divergence 的规范化索引。	让未参与作者仅凭主文回答每个 unit 当前 verdict 与可复跑命令；若出现 tier 分歧即修订。	简化的 canonical table 与读者核验记录。	medium	high
P1	R3	P1-R3-01	major	experimental_rigor,technical_soundness,significance	摘要、第3.3节与第4节表3（PDF第1、7–9页）	现场 archive 均来自同一live run；八个缺陷 fixture 由作者按 checker 逻辑构造。论文明确没有独立标注的自然 archive 总体、没有第三方运行，且false-kill校准至少需要118个独立无缺陷 archive。	当前数据只能证明代码在已知构造输入上能走到相应分支，不能估计对真实 archive 的误杀、漏检或外部可操作性。没有这些指标，就无法评价 gate 是否比人工审计或简单 schema 检查更有用。	在作者之外收集并冻结独立、多项目自然 archive，由盲法标注者建立 operability gold；同时包含真实缺陷与无缺陷样本并预先冻结判定阈值。	按表3注册设计至少完成false-kill样本量，另对每类真实缺陷做有功效的检测评估；报告项目级cluster置信区间、precision/recall及与基线比较。	独立自然 archive、第三方 gold 标签、第三方重放日志和误差矩阵。	high	high
P1	R3	P1-R3-02	major	experimental_rigor,reproducibility,limitations_responsible_claims	摘要、第2.6节“Freeze-discipline disclosure”及附录C表12（PDF第1、4、20页）	第一版实现与注册的diversity predicate矛盾，而且在固定哈希前被覆盖，故原 verdict 不可重算；随后 verdict map、PRIM3、G2和组规则均在观察结果后修复。	当前证据评估的是后验修订系统，不能凭原始注册获得前瞻误差控制。标题和摘要若不精确区分，会让读者误以为当前 gate 的设计与主结果在观察前已冻结。	把当前证据明确称为开发/修复集；对最终代码、谓词、verdict map与分析完全重新预注册，并在新 archive 上前瞻运行一次。	提供新协议时间戳与代码摘要，在无任何规则变更下完成独立验证；任何 amendment 必须使该验证轮失效并另开新轮。	干净的前瞻注册、冻结实现和独立验证结果。	high	high
P1	R3	P1-R3-03	major	experimental_rigor,limitations_responsible_claims,significance	第3节 field audit 与表1 Panel B（PDF第5–7页）	七个所谓 external fire archives 属于同一运行中的其他 seat，并共享workspace、流程和潜在凭据/模板；论文也说明 replay process 不是party-independent。	这些单位并非独立项目样本，相关缺陷和共同基础设施会使6/1或3/2/2计数无法外推。把它们称为external容易高估跨环境验证程度。	改称cross-seat internal archives并限制解释；真正的外部验证应来自不同实验室、不同工作流和独立操作者。	由至少两个作者团队仅凭clean-room bundle执行重放，记录环境、失败原因和与gold verdict的一致性。	跨项目第三方 archive 与独立执行记录。	high	high
P1	R3	P1-R3-04	major	technical_soundness,experimental_rigor,clarity	第2.7节 group verdict、表1及附录C表12（PDF第4–7、20页）	EXECUTION_VALID 的组规则要求投影后出现至少两种状态；旧版与修订版规则在枚举中存在双向 disagreement。论文没有从 archive operability 的目标语义推导“状态多样性”为必要条件。	任意多样性条件可能拒绝全部一致且正确的 archive，或接受包含多种状态但整体不可用的组。后验改规则进一步说明该条件不是稳定构造。	给出 group verdict 的外部目标定义与损失函数，从该目标推导聚合规则；将状态多样性降为诊断而非通过条件，除非有独立校准支持。	在所有状态多重集及独立标注案例上构造混淆矩阵，证明规则对预定义operability目标的单调性和错误界限。	目标语义、形式性质及独立标注案例验证。	high	medium
P1	R3	P1-R3-05	major	technical_soundness,reproducibility,limitations_responsible_claims	第2.4节PRIM3、附录A/表4与附录C状态映射（PDF第3、11–12、20–22页）	锚点哈希漂移只要在cause registry中有记录即可投影为PASS_ANCHOR_DRIFT_EXPLAINED；合成fixture也正是通过加入已登记原因触发PASS。文中未给出cause记录的独立授权、签名或事前不可变机制。	若同一作者可以在看到漂移后补写原因，任意篡改都可能从FAIL变成PASS，削弱哈希锚点的完整性保证。可解释性记录不等于可信授权。	要求cause在变更前由独立权限签名并进入append-only日志；事后原因只能产生POSTPONE/人工仲裁，不能自动PASS。	用未授权事后cause、签名错误、时间倒置和registry删除fixture做攻击测试，确认均不能PASS；第三方验证日志链。	不可变cause registry规范、签名/时间证明和攻击测试。	high	high
P1	R3	P1-R3-06	minor	clarity,reproducibility	附录H重放命令，PDF第24页表18附近	一处命令被排版为“python3analysis/audit_gate.py”，python3与脚本路径之间缺少空格；前文存在正确形式，但该处直接复制会失败。	论文把单命令重放作为核心接口，附录中的可复制错误会给独立执行制造不必要障碍。	修正空格并对PDF中所有16条命令从干净环境复制执行。	从最终PDF逐字提取命令，在clean-room bundle中逐条运行并保存exit code。	修正后的PDF与命令级重放记录。	low	high
P3	R1	P3-R1-01	major	novelty,significance,citation_integrity	PDF 第 1 页 §1（第 33-48 行）与第 6 页 §6 Related Work（第 303-312 行）	相关工作用 Datamodels/TRAK 代表 set-indexed attribution，用 Pythia 代表训练轨迹，并引用通用的方差与预注册文献；PDF 内没有讨论课程学习、数据/样本排序、重放或采样日程、序列化/在线数据价值、基于排列的价值定义等与“进入顺序影响边际价值”直接相邻的研究。	论文的算法增量并非一个新模型，而是问题设定与识别设计；因此最接近工作的缺失会直接决定这究竟是新的数据价值概念，还是已知训练顺序效应换用 LOO/Kendall 表达。当前 PDF 无法支撑清晰的新颖性边界。	扩展相关工作并给出 closest-work matrix，逐项比较对象（集合、排列、进入时间）、是否同一样本配对、是否匹配曝光预算、价值定义和推断单位；相应收窄任何 first/new 暗示。	修订稿应能为至少三个最接近研究类别各给出一条可证伪的差异陈述，且引言贡献句与相关工作中的差异完全一致。	经核验的邻近文献及其对局部差异陈述的支持；本审稿不联网，无法替作者确认具体优先权。	high	medium
P3	R1	P3-R1-02	major	technical_soundness,experimental_rigor,limitations_responsible_claims	PDF 第 2-3 页 §3 Entry constructions（第 99-148 行）与第 4 页 §4.2（第 190-204 行）	目标从 0.15T、0.50T 或 0.85T 开始进入，而所有拟合共享同一个终止预算 T=300。把同一目标从 0.85T 移至 0.15T 不仅改变顺序，也显著增加其参与优化的更新次数；文中没有等曝光/等出现次数的顺序交换对照。	观测到的 g 可以由“更多训练曝光”解释，而不要求更一般的非交换路径效应。若论文身份是 path-ordered value，这一区分会改变概念贡献和可迁移解释。	增加等曝光但顺序不同的配对对照，或把主张严格改为“entry-time/exposure-dependent marginal value”，并明确不识别纯顺序效应。	在每个目标的更新次数和总权重严格相等时复算 seed-level g；报告预先固定的区间与对照差异，或全文检索确认所有 path/order 表述均已收窄为进入时间与曝光的联合效应。	新的 matched-exposure 正式实验，或不依赖该实验的系统性主张收窄。	high	high
P3	R1	P3-R1-03	major	technical_soundness,experimental_rigor,reproducibility	PDF 第 4 页 §4.3（第 206-215 行）、第 6 页 Table 6（第 271-277 行）及第 6 页 §7（第 315-323 行）	已知 set-ordered ridge 的 identical paired estimator 在 canonical allocation 上给出 g=+0.102、CI [+0.028,+0.176]，并在四个 allocation 上均为正点估计。论文据此说该正偏差不能产生 sine 的负 g，但同时承认不能跨载体传输幅度，且只有一个 set-ordered substrate。	不同 substrate 上偏差的符号不必相同。ridge 上的正偏差不能逻辑排除 sine 数据、优化器或标准化分母诱发的负偏差，因此“PATH-SUPPORTED-neg”仍缺少同床校准。	构造与 sine carrier、目标集、readout、标准化和 allocation 尽可能相同、但由解析或交换性保证 order-invariant 的负对照；同时把现有 ridge 结果表述为发现潜在估计器偏差，而不是排除负向伪差的证书。	新的同床 set-ordered 对照在冻结规则下覆盖零，或其最坏负偏差界仍与 sine CI 分离；否则 Table 5 的 PATH-SUPPORTED 标签应降为 carrier-specific observed departure。	同床负对照的 seed-level 输出、预先固定的判定规则和最坏偏差界。	high	high
P3	R1	P3-R1-04	major	significance,experimental_rigor,limitations_responsible_claims	PDF 第 2 页 §3（第 101-105 行）、第 5 页 Table 5、以及第 6-7 页 §7-8	证据仅来自两个 24 维合成 logistic 载体；所谓 sine key 仍使用固定线性标签边界，论文也明确表示它不代表一般非线性模型或语言模型。线性载体未识别，唯一负向读数来自一个人工冲突构造。	在缺少自然数据、非凸模型或至少更多独立载体时，结果更像一个测量床案例，而非能改变 ICLR 读者如何选择数据价值范式的结论。主动披露限制提升可信度，但不自动提升贡献规模。	至少加入一个自然数据/非凸训练载体和一个预先指定的机制变化，或将稿件定位为短篇方法学测量说明，并减少对一般 data value 范式的标题承诺。	新载体使用同一样本配对和同床 set-ordered 校准，并在多个 seed 上复现可解释的效应；若不新增实验，标题、摘要和结论均须明确为 synthetic logistic case study。	跨载体复现、自然任务结果及其完整 seed-level 不确定性。	high	high
P3	R1	P3-R1-05	minor	clarity,technical_soundness	PDF 第 2 页 §2（第 83-90 行）与第 4-5 页 §4.2/Table 5	|τ|=0.10 被定义为 Kendall τ 的最小有意义幅度；之后标准化均值差 g 也以四态/路径支持语言呈现，但 PDF 未给出 g 的独立幅度门槛或说明为何可共享 0.10。	τ 与 g 是不同尺度的统计量。模糊的门槛语义会让读者误把 sine CI 低于 -0.10 当作已预注册的实际显著性结论。	为 g 单独给出预注册判定规则与科学依据，或只报告其区间和方向而不使用跨统计量的幅度标签。	所有表格标签可由文中明确、唯一、统计量特定的规则机械复算。	g 门槛的冻结记录；若不存在，则需删除幅度性标签。	medium	medium
P3	R2	P3-R2-001	major	technical_soundness,experimental_rigor,limitations_responsible_claims	第4页§4.3（行206-215）、第6页表6、第7页结论（行326-331），以及摘要第21-25行	ridge 对照的四个分配点估计为 +0.102、+0.192、+0.049、+0.145，其中一个区间跨零；论文同时承认不允许跨载体搬运偏差幅度，却据此断言正向集合有序偏差不能产生 sine 的负向偏离。	只在一个不同数据生成机制的 ridge 基底上观察到正向偏差，不能排除估计器偏差随载体几何或训练动态翻转符号。该推断被用来加强摘要和结论中的中心识别主张，因此不是单纯措辞问题。	把结论严格收窄为所测 ridge 对照的经验结果；若要保留“不能产生”这一排除性表述，需要给出适用于相关估计器/载体类的符号定理，或增加与 sine 数据几何和优化日程匹配、但真值集合有序的负对照族。	在预先规定的一组与两个载体匹配的集合有序生成机制上重复完全相同的 g 流程，并检验偏差符号的跨种子区间；或者形式证明在所声明条件下 g 的估计偏差恒非负。只要存在一个合理匹配对照出现稳定负偏差，就必须撤销排除性主张。	匹配负对照的逐种子结果、生成机制与冻结分析代码，或完整符号证明。	high	high
P3	R2	P3-R2-002	major	reproducibility,technical_soundness,clarity	第2-3页§3与表1、第4页§4.2、第5-6页§4.4-5及附录B	论文给出了维度、样本量、步数和正则系数，但没有完整给出两种合成分布的参数、学习率及 WSD 曲线数值、B2 参考值的计算细节、ridge 基底与四种分配的生成规则、已知路径正对照的构造和 detector 的具体统计规则。附录只列文件名与哈希前缀。	这些缺项决定同一样本效应、ridge 偏差和所谓“DISCRIMINATING”证书，审稿人无法仅凭论文重建中心实验或判断对照是否与主实验匹配。	在论文或匿名补充材料中给出可执行的完整数据生成伪代码、所有优化超参数、B2/reference/positive-control/negative-control 定义、随机数映射和统计流程，并把每个表格单元映射到可复现命令。	独立环境从公开说明重新生成 16 个主实验种子和全部对照，核对表2、表5-10的逐种子摘要及哈希；数值容差和软件版本需预先规定。	匿名代码、冻结配置、逐种子输出和端到端重现记录。	high	high
P3	R2	P3-R2-003	minor	technical_soundness,clarity,experimental_rigor	第4页公式(4)与§4.2、第5页表5	g_k 是目标级 Δ 的均值除以同一种子内标准差，只比较 0.15T 和 0.85T 两个端点；论文未报告未标准化均值或分母分布，也没有为 g 预设类似 τ_a 的实际意义阈值。	标准化会让不同种子按各自离散度隐式重权，g 的数值不能直接解释为效用斜率或实际效应量；区间排除零只支持方向，不说明影响大小。	将其重命名为标准化端点对比，同时报告逐种子原始均值、标准差、稳健标准化敏感性和未标准化总体效应；若主张实际重要性，应预先给出 g 的最小效应界。	比较原始差、当前 g、稳健尺度标准化以及按种子等权汇总的符号与区间，确认结论不由异常小分母驱动。	逐种子 Δ 分布和预先规定的效应量分析。	medium	high
P3	R2	P3-R2-004	minor	experimental_rigor,clarity	第5页表5及§4.4、第5-6页表7和表9	sine 的 routing placebo 仅给出 g=-0.176 点值；routing-only τ 和 set-valued agreement 也只给点值，论文明确说明后者缺少冻结区间。	这些结果被用于说明主效应对路由置换稳健、B2 可被集合有序世界重现及比较器“alive”，但没有种子级不确定性时无法判断其稳定程度。	补充预先规定的置换方案、所有种子结果和与主结果同口径的区间；若无法补充，应把这些证据降为单次诊断而非稳健性结论。	在固定置换种子集合上重跑并报告 g/τ/τ_AB 的种子级区间和 leave-one-seed-out 范围。	逐种子 placebo、routing-only 与 agreement 输出。	low	high
P3	R3	P3-R3-01	major	technical_soundness,experimental_rigor,limitations_responsible_claims	第4–6页，§4.2–4.3，表5–7；摘要第21–25行与结论第326–331行	sine 主配对读数为 g=-0.186、CI [-0.258,-0.115]；但在按构造应当次序不变的 ridge 上，规范分配为 g=+0.102、CI [+0.028,+0.176]，另两种分配也显著为正，只有 Xs[80:120] 覆盖零。论文承认规范分配按封存双侧规则属于 fire，却据跨载体的正偏差方向断言其不能产生 sine 的负偏差。	负控制证明估计流程在真零路径效应下并不居中。偏差符号可能依赖载体几何、目标选择、优化收敛和分配构造；在没有同载体集合有序控制或解析符号界时，ridge 上的正号不能排除 sine 上的负向伪影。这直接决定主路径识别是否成立。	在尽可能保持 sine 数据几何、目标分布、样本数、日程和优化器不变的前提下构造可证明集合有序的匹配负控制，或给出并验证 g 偏差的解析表达与跨载体可运输符号界。若不能做到，应把 PATH-SUPPORTED-neg 降为与估计偏差未分离的探索性负向读数。	预先冻结匹配负控制和主载体的 seed、分配及判定规则；确认负控制 g 的区间覆盖零，或由经数值验证的上/下界证明任何集合有序伪影都不可能达到负的 sine 区间；随后在独立 seeds 上复现 sine 的负向效应并报告偏差界后的结论。	匹配载体负控制的逐 seed 原始 Δ 与 g、优化收敛诊断、解析或仿真偏差分解，以及独立冻结复验。	high	high
P3	R3	P3-R3-02	major	experimental_rigor,clarity,reproducibility	第4页，§4.2式(4)及表5；第2页§2关于 τa 的定义	主量 gk 是40个目标早晚差的均值除以同一组差值的样本标准差，最终仅给出16个 seed 上的 g 均值、t 区间和 Wilcoxon p。论文未给出原始 Δ 的量纲、每个 seed 的分母或 g 分布，也未为 g 预设类似 τa=0.10 的实际意义门槛。	标准化比值会把原始影响幅度与分母稳定性混合；区间排除零只能说明该定义下的方向，而不能说明实际影响大小。若少数 seed 的分母小或目标内分布重尾，n=16 的均值区间可能不稳，且 PATH-SUPPORTED 标签可能把统计非零误当作决策相关效应。	报告16个 seed 的原始 mean Δ、std Δ、g、目标级差值分布与稳健敏感性；预先定义 g 或原始 Δ 的最小有意义幅度，并说明多重分析家族。	在冻结代码上重算未标准化、稳健尺度和删除单 seed 的区间；要求方向、实际幅度门槛和结论在预先指定的敏感性分析中一致，并公开逐 seed 表。	逐 seed/逐目标配对输出、分母诊断、稳健区间以及事前的实际意义阈值。	high	medium
P3	R3	P3-R3-03	major	reproducibility,experimental_rigor,citation_integrity	第7–8页，附录A–B	附录A称精确历史 LaTeX 与绘图源不可用，定量图由冻结 PDF 忠实抽取；附录B只列工件名及8位 SHA 前缀，并明确本次编辑未独立执行。PDF 本身没有逐 seed 数据、完整配置或可执行重放说明。	主结论依赖多个历史轮次工件、标签修订和负控制分配。短哈希与转录表不足以排除版本混用、数值抄录错误或分析脚本与表格不一致，也不允许独立审稿人重建核心结果。	在匿名补充材料中冻结原始逐 seed/逐目标输出、数据生成器、配置、分析脚本、环境、完整 SHA-256 和一条端到端重放命令；由干净环境重新生成表2–10和图2。	独立环境从公开的冻结工件重放后，所有表格单元与图中点/区间逐值一致，完整哈希匹配，并生成包含 seed 数、日程位置、优化终止状态和输出路径的审计日志。	匿名可下载的完整工件包及独立重放记录。	high	high
P3	R3	P3-R3-04	minor	clarity,experimental_rigor	第5–6页，表8、表9、表6、表7、表10的出现顺序	正文先展示表8和表9，下一页才出现表6、表7和表10；主配对结果只以汇总表出现，没有与图2同等级的逐 seed 可视化。	错序增加核查成本，并使最关键的配对异质性、离群 seed 和控制偏差不如次要跨截面结果透明。	按首次引用重排表格并增加16个 seed 的配对点图，明确连接同 seed 的 sine、linear 与匹配负控制读数。	逐页检查所有表格按编号和首次引用顺序出现，且图中点可由公开逐 seed 表一一对应。	逐 seed 汇总表和生成图脚本。	low	high
P5	R1	P5-R1-01	major	novelty,significance	PDF 第 1 页贡献列表（第 42-47 行）、第 3 页 §3.2（第 121-126 行）、第 4 页 Tables 2-3 与第 5 页 §5.5.1	gate(m,τ) 只能返回 last 或 best-validation；在全部 64 个 shocked hold-out run 上，gate、best-val 与 early-stop 都返回 epoch 8，outer loss 和 accuracy 逐记录完全相同。	当前方法没有发现既有 selector 找不到的 checkpoint，也没有提高其质量。相对一个有意选择的弱部署默认 last 的 0.3395 改善，不能单独构成新的 checkpoint policy；剩余新意只是一个事后报警位。	执行能使 gate 与 best-val/early-stop 分离的冻结 E2，或把论文重定位为检测协议/负结果短文，并量化报警本身在已有 best-val 管线中的独立决策价值。	预先固定的 E2 上至少存在足够多的可分 run，且 gate 相对所有已注册 selector 的配对结果和错误代价被完整报告；若仍完全同值，删除 checkpoint-policy 新颖性暗示。	新的可分离 shock 实验、逐 run selector identity 和配对 outer 指标。	high	high
P5	R1	P5-R1-02	major	experimental_rigor,significance,limitations_responsible_claims	PDF 第 5 页 §5.3-5.4、Figure 3/Table 5，以及第 6-7 页 §6-7	704/704 healthy 相邻转移均严格下降，64/64 healthy 的 argmin 在最后 epoch，因此 m 在 healthy population 中恒为 0；shock margins 与 frozen τ 完全分离。	0/64 FAR 不是对检测器抗正常训练波动的检验，而是载体结构的直接结果。没有非零 healthy margin 分布，就不能评估实际部署最关键的阈值权衡。	在具有自然随机非单调性的真实或至少更具挑战性的 healthy carrier 上重新冻结阈值，并报告事先规定的误报约束、召回界及阈值敏感性。	healthy hold-out 中存在预先可接受的非退化 m 分布，阈值仍在未用于拟合的 run 上满足误报上界，同时对多个 shock 条件保留召回。	E6 或等价的现实 healthy 轨迹、独立 FIT/settlement split、完整 margin 分布。	high	high
P5	R1	P5-R1-03	major	experimental_rigor,reproducibility,significance	PDF 第 3 页 §3.3/Table 1、第 6-7 页 §7 Limitations 1 与 4	τ=0.1354 由每臂仅 4 个 FIT seed 的 max-healthy 与 min-shocked 中点得到，且 FIT 与 settlement 使用同一个合成机制；只测试 25% examples 在最后三 epoch 被确定性循环翻标的一个强 shock。	完美分离可能高度依赖这一单一效应大小和时间位置。阈值对正常噪声、较弱/较早/不同类型 shock 的运输性完全未知，当前结果更接近机制自检而非 detector validation。	冻结一个覆盖 shock 强度、比例、开始时间和至少一种非标签翻转事件的测试网格，并增加 FIT seed 或采用不依赖极值中点的预定义校准准则。	所有网格条件在盲 hold-out 上报告置信界与失败条件；阈值不因删除任一 FIT seed 或轻微机制变化而跨越主要性能结论。	多条件外推实验、FIT leave-one-out 阈值稳定性和失败案例。	high	high
P5	R1	P5-R1-04	major	novelty,citation_integrity,significance	PDF 第 1-2 页 §2 Related Work（第 50-82 行）	相关工作主要覆盖 SWA、EMA、model soups 和一篇 robustness 引文；PDF 没有定位训练曲线异常/变化点检测、概念漂移、早停与 checkpoint selection、label-noise/poisoning detection 或训练监控文献。	论文的主要产出是一个标量报警而非新 checkpoint，因此其新颖性必须相对于检测与监控文献建立，仅与模型平均方法区分不足以证明贡献独特。	扩充 closest-work 定位，明确 last-margin 相对既有 loss-rise、change-point、patience/early-stop 和数据污染报警的输入、时机、监督信息和新增证据。	引言中的每条新颖性主张都能在相关工作中找到具体最近邻与逐项差异；若 last-margin 是已有启发式，应将贡献改为时间控制的审计协议而非新 detector。	经核验的最近邻文献及局部支持；本审稿未联网确认具体优先权。	high	medium
P5	R1	P5-R1-05	minor	clarity,limitations_responsible_claims	PDF 标题、摘要与第 6 页 Limitation 1	标题称“true temporal endpoint data-quality shock”，但干预实际发生在训练最后三个 epoch 内，不是训练结束后的外部 endpoint 事件；正文限制段对此作了说明。	尽管“temporal”相对于静态污染是准确的，“endpoint shock”容易让读者误解为部署后或训练完成后事件。	在标题或摘要首次出现处改为 late-training endpoint corruption/shock，并用一句话明确它发生在训练内。	不阅读方法细节的读者也不会把事件理解为训练后事故。	无需新实验，仅需术语修订。	low	medium
P5	R2	P5-R2-001	major	significance,experimental_rigor,limitations_responsible_claims	第1页摘要与§1、第4页表2-3及§5.1-5.2、第5页§5.5.1、第7页表6与结论	所有 64 个冲击运行的校准最小点都在 epoch 8，gate、best-val 和 early-stop 的外层损失与准确率逐记录完全相同；健康运行中 last 也是最优点。门控的动作集合本来就只有 {last,best-val}。	相对 last 的 0.3395 改善等价于在一个已知最佳验证点仍可用的构造中启用 best-val，不能证明新检查点选择能力或告警对已有选择器的增量部署价值。作为 ICLR 贡献，当前实验主要确认了一个预期的合成失败模式。	增加预注册的非共延构造：使冲击覆盖、提前或扰动验证 argmin，或者让告警在尚未观察完整轨迹时做真正前瞻决策；以 best-val、early-stop 和成本匹配的回滚策略为主要对照，而非只对 last。	在冻结阈值下，报告 gate 与 best-val/early-stop 选择不同检查点的比例，并在独立种子上用配对外层指标检验增量收益；若始终共延，应把贡献严格限定为冲击标签而非检查点政策。	不同冲击时刻/强度/类型的独立 hold-out 运行和逐运行选择器身份。	high	high
P5	R2	P5-R2-002	major	technical_soundness,experimental_rigor,limitations_responsible_claims	第3页§3.3与表1、第4-6页§5.3-5.4、图3和表4-5、第7页局限2与4	阈值取自同一标签翻转机制下仅 4 个健康和 4 个冲击 FIT 种子的 max/min 中点；所有健康 hold-out 轨迹 704/704 相邻转移严格下降，因此 m 恒为0，而所有冲击 margin 与其完全分离。	这种设计把最困难的误报来源排除掉，并用与测试冲击同分布的正例校准阈值。64/64 与 0/64 主要反映构造分离度，不能支持阈值稳定性、未知冲击检测或实际部署 FAR。	加入自然非单调健康轨迹、不同于 FIT 的冲击族及阈值敏感性分析；采用嵌套或更充分的校准，预先规定阈值选择和跨机制评估。	在完全未用于阈值选择的健康/冲击家族上报告 ROC/PR、固定 FAR 下召回、校准集 leave-one-out 阈值范围以及按冲击类型分层的置信区间。	现实或至少多机制、非单调的校准与独立测试轨迹。	high	high
P5	R2	P5-R2-003	major	reproducibility,experimental_rigor,clarity	第3页表1与§3.3-4.1、第4页表2、第6页讨论、第9页附录A	论文只列出 last、best-val、early-stop、SWA、EMA、soup、rollback、margin-gate 的名称，没有定义 early-stop 规则、SWA/EMA 窗口或衰减、soup 成员/权重、rollback 触发条件。表2 中 rollback 与 gate 的结果不同，但正文未解释算法差异。	这些基线被用于论证替代政策也能吸收末端冲击；缺乏定义使公平性和数值无法独立重建，也无法判断 gate 的比较对象是否成本匹配。	为每个选择器给出公式、可观察信息集、超参数、检查点存储成本及确定性实现，并解释 rollback 与 gate 的差异。	从逐 epoch 检查点和冻结配置独立重放所有选择器，逐记录复现表2，并核对 gate/best-val/early-stop 的 64/64 身份。	选择器配置、逐运行检查点索引和重放脚本。	medium	high
P5	R2	P5-R2-004	minor	experimental_rigor,reproducibility	第3页§4.2（行157-161）	预注册是在第一个 hold-out 种子已经完成时冻结，而论文只说明没有用 hold-out 轨迹调整阈值，没有说明该结果是否已被查看或是否影响通过条件和分析。	若首个 hold-out 结果已被观察，预注册对完全前瞻性的保护会弱于通常理解，尤其本研究的主要通过条件与单一机制高度相关。	提供带时间戳的预注册时间线，明确首个 hold-out 结果是否可见、此前已冻结哪些项目，并把任何事后决定标注为探索性。	核对预注册哈希/时间戳、seed 1 完成时间和访问日志；确认阈值、终点、CI 方向及通过条件均早于结果查看。	不可变预注册记录和运行时间线。	low	medium
P5	R2	P5-R2-005	minor	clarity	PDF第1、3-7、9-10页的内部引用与文献链接	渲染后的 PDF 中，多处表/图引用带红色矩形边框，文献引用带绿色矩形边框。	可见链接边框持续打断阅读，并使提交稿显得未完成最终排版检查。	按 ICLR 模板设置隐藏或统一的链接样式，并重新渲染全稿检查。	逐页视觉检查最终 PDF，确认所有链接仍可点击但不再显示彩色边框，也没有交叉引用错误。	修复后的最终 PDF。	low	high
P5	R3	P5-R3-01	major	experimental_rigor,reproducibility,limitations_responsible_claims	第3页，§4.2，第157–161行；表1与附录表7	论文明确写道 E1 预注册是在“only the first hold-out seed had completed”时冻结，但结算仍把 hold-out seeds 1–64 全部作为64个独立确认单位；PDF 没有说明 seed 1 的结果在冻结前是否不可见。	如果 seed 1 的任何结算信息可见，阈值以外的通过条件、指标选择、分析代码或叙事均可能受其影响，预注册和完全盲 hold-out 的表述就不成立。即使影响只占1/64，也涉及确认性设计的时间顺序与可审计性。	提供不可变时间戳、运行日志和访问记录证明冻结前未读取 seed 1 结果；否则把 seed 1 排除于确认结算并按原规则重算63个 seed，或用一批全新未查看的 seeds 进行独立结算，同时将当前结果标为部分前瞻。	审计预注册提交时间、seed 1 完成/访问时间和版本哈希；在排除 seed 1 或全新 seeds 后，四个预注册通过条件及所有表2–5结果仍按冻结脚本成立。	带时间戳的预注册、调度与访问日志，以及排除 seed 1/全新 seed 的冻结重算。	high	high
P5	R3	P5-R3-02	major	experimental_rigor,significance,limitations_responsible_claims	第3页§3.3与表1；第5–7页§5.3–5.5、表4–6及限制2、4	阈值由每模式仅4个 FIT seed 的 max healthy 与 min shocked 中点给出；全部64个健康 hold-out 轨迹严格单调，故 m=0，而全部64个冲击 margin 都超过阈值。FIT 与 hold-out 使用同一合成机制、同一时点和同一冲击比例，没有自然健康非单调性或机制变化。	当前64/64与0/64主要验证了一个人为完全分离的载体，而不是阈值在有重叠、随机训练波动或冲击异质性下的检测能力。四个 FIT seed 也不足以估计阈值运输不确定性，因此证据无法支持超出 E1 机制的报警价值。	在更多 FIT seeds 上只用训练侧信息冻结阈值，并在独立 settlement 中加入自然非单调健康 run、多个冲击强度/时点/比例/类型及至少一个更真实载体；报告 ROC/PR、校准与按条件分层的精确界。	阈值在完全未查看的新结算集上保持预设的 FAR 上界与召回下界，且结果不依赖健康 m 恒为0或单一冲击配置；阈值对 FIT seed 重抽样有稳定区间。	扩展 FIT/hold-out 原始轨迹、预先冻结的阈值选择规则、异质性分层结果与阈值稳定性分析。	high	high
P5	R3	P5-R3-03	major	significance,experimental_rigor,novelty	第2–5页，式(2)–(5)、表2–3、§5.5.1	gate 的动作空间定义为 {last,best-val}，且所有冲击 run 的校准最小值均在 epoch 8；因而 gate、best-val 与 early-stop 在64/64记录上相等，gate-minus-last 与 last-minus-best-val 只是符号相反的同一0.3395差值。	这个实验不能判断报警是否提供了任何超出现有验证选择器的信息或检查点价值；相对一个已知受损的 last 的收益几乎由构造和 gate 定义保证。论文诚实承认该边界，但它显著压低当前贡献和部署相关性。	实现作者提出的 E2 或等价的预注册构造：冲击应能覆盖、移动或暂时掩盖 clean argmin，使报警分数与 best-val/early-stop 不再结构性共线；同时设置不报警、best-val、early-stop、变化点检测与独立回滚策略。	在独立 seeds 上，gate 的选择至少在预定义比例的 runs 中与 best-val/early-stop 不同，并以配对 outer 指标和错误率控制显示增量价值；若仍完全同现，应明确否定检查点增量贡献。	E2 的冻结协议、逐 run 选择身份、配对 outer 结果和与标准变化检测/选择基线的公平比较。	high	high
P5	R3	P5-R3-04	minor	reproducibility,clarity	第3–4页§3.4、表3；第9–10页附录C	PDF 只称两个95%区间来自冻结 bootstrap 分布，未给出重采样次数、seed、区间类型或是否按 run 成对重采样；20,000次单侧 sign-flip 出现零个反向 draw 被写为 p≈0。	主效应很大，细节不太可能改变方向，但缺少算法细节妨碍精确重放；有限 Monte Carlo 下的零计数也应报告分辨率或加一估计，而非近似数学零。	在正文或附录列出 bootstrap/置换的完整算法、随机种子和 Monte Carlo 分辨率，并报告 p<1/20001 或加一估计。	独立实现按相同逐 run 成对重采样后复现表3端点至报告精度，且 p 值表达与有限抽样分辨率一致。	统计脚本、配置与独立重算日志。	low	high
P5	R3	P5-R3-05	minor	reproducibility,clarity,novelty	第1–4页§2、表1–2	论文列出 SWA、EMA、soup、rollback 和 early-stop，但未在 PDF 中给出各自窗口、衰减率、组成或停止耐心，也没有系统讨论变化点检测、概念漂移监测或序贯报警基线。	这些策略不是主结论的必要条件，但配置缺失使表2的公平性难核查，邻近检测文献的缺位也让贡献边界不够精确。	补充所有选择/平均策略参数及冻结时间，并将 last-margin 与至少一个标准变化点或漂移检测规则在同一 E1/E2 数据上比较；若不做实验，至少在相关工作中明确差异。	读者可从 PDF/匿名补充材料逐策略重建表2，且新增基线按同样 FIT/hold-out 分割标定。	完整策略配置、冻结记录和邻近基线结果或定位分析。	low	medium
P7	R1	P7-R1-01	major	novelty,significance,experimental_rigor	PDF 第 4 页 Table 1/§3.2、第 6 页 Figure 3、第 9 页 §5 Related Work	在 4B 上 turnover-depth 相关为 +0.909，turnover-damage raw 相关为 +0.559；masked partial ρ(turnover,damage|depth)=+0.266 且 bootstrap CI [-0.49,+0.66]。论文只与 depth 做数值比较，没有在实验中比较其他简单 activation-shift 指标或文中列出的 Hessian/weight-based per-layer sensitivity score。	在不能证明独立于 depth 的预测价值、也不能优于合理候选统计量时，activation-tail turnover 作为新信号的增量未建立；观察可能只是深层 block 与一个 dominant damage point 的共同排序。	在预先固定的完整或 depth-balanced layer set 上加入一组低成本 predictor baselines，并用 nested/held-out ranking 或跨 checkpoint 验证 turnover 的增量，而不只在同一 12 点样本上做 partial correlation。	turnover 在未用于选择统计量或阈值的 checkpoint/domain 上，相对 depth 与至少两类合理 activation/offline sensitivity baseline 改善预先指定的 rank/AUROC 指标，并给出 paired uncertainty。	新 baseline 计算、独立 checkpoint/domain 或严格 held-out layer evaluation。	high	high
P7	R1	P7-R1-02	major	technical_soundness,experimental_rigor,limitations_responsible_claims	PDF 第 3 页 §2.3-2.4、第 5-8 页 Limitations C4/C10/C12/E，以及第 12 页 Table 4	每个 carrier 仅有一个 checkpoint，分析单位是 11-12 个相互依赖且非交换的层；probe rule 刻意使最深四层过采样，4B 超过一半层的 |damage| 在一个 noise width 内。预注册 2 carriers×2 quantizers×2 shifts 共 8 cells，只执行 HQQ4 单一 shift 的 2 cells。	对非随机、依赖层做普通 layer bootstrap/Fisher inference 不能支持模型总体或部署总体的结论；选择性 probe 又使深度关系部分由设计制造。未完成的注册网格意味着候选信号最基本的稳健性尚未测试。	至少完成 depth-uniform/full-layer outcome，并增加独立 checkpoint、第二域移和另一量化设置；将当前 layer-resampling 区间降为描述性敏感性，主要推断改用 checkpoint/domain 级复现。	结论在完整层集与多个独立 checkpoint/domain 上方向一致，且预先规定的 gate 在足够标签分辨率下可判定；若不新增证据，删除任何 inferential/power 语言。	未探测层的 single-block PTQ 结果、剩余注册 cells 或新的独立复现。	high	high
P7	R1	P7-R1-03	major	technical_soundness,clarity,reproducibility	PDF 第 1 页 Abstract、第 3 页 §2.4、第 4 页 §3.1、第 7 页 Table 2/C8 与第 11 页 Appendix Table 3	masked Table 2 报 4B ρ=0.559、Fisher CI [-0.060,0.868]、bootstrap CI [-0.118,0.928]，两者都含零；但 §2.4/摘要称 interval conventions 对零排除结论不同。跨 carrier masked Fisher-z 差由 Table 1 可得约 0.513，§3.1 与 Table 2 也报 0.513；C8 却写 Δz=+0.79，Appendix Table 3 报 0.794 及另一组区间，且未清楚标注为 superseded unmasked。	这些不是舍入差，而是不同标签/分析版本混入同一稿件。读者无法确定 canonical effect、CI 或 cross-carrier 结论，审计性主张因此受损。	从一个 canonical masked JSON 自动生成所有主文、表格、图注和附录数值；把历史 unmasked 结果放入明确标为 superseded 的单独表，逐项标注版本，删除旧 Δz/CI 文句。	对 PDF 全文抽取 ρ、Δz、CI 和 p 后，每个 estimand 只有一个 canonical masked 值；由 Table 1 的 ρ 可机械复算 Table 2/正文 Δz，且摘要关于零排除的陈述与两类 CI 一致。	canonical masked analysis artifact、生成脚本和全文数值一致性检查。	high	high
P7	R1	P7-R1-04	major	significance,experimental_rigor,limitations_responsible_claims	PDF 第 2-3 页 §2.3、第 8 页 C11/Scope 与第 9 页结论	所谓 wikitext/gsm8k 实为每类 64 条单模板 narrative/arithmetic prompts，不是对应真实语料；只测试一个 prompt-family shift、一个 HQQ 4-bit weight-only quantizer、一个 perplexity outcome 和同一家族两个 checkpoint。	低多样模板 shift 可能产生特定的 activation-tail 结构，无法代表真实 traffic drift；这也使 runtime relevance 和跨任务普适性未建立。	改用真实、去重、多样的 calibration/deployment corpora，至少增加第二种 domain shift，并在一个独立模型家族或量化器上复现；配置键也应避免使用真实 benchmark 名称指代模板代理。	在冻结的真实语料 split 上重算 predictor 和 damage，报告跨 prompt bootstrap 与跨 checkpoint 结果，且模板与真实域结论明确区分。	真实 prompt-domain 实验与至少一个正交模型/quantizer 复现。	high	high
P7	R1	P7-R1-05	major	significance,experimental_rigor,reproducibility	PDF 第 6 页 Limitations C7/F 与第 12 页 Table 4	masked AUROC 为 0.800/0.567，4B 单个标签翻转可跨越 KILL/MERGE/PASS；注册 gate 还要求 ≥30% damage reduction，但没有运行 fallback-baseline forward，现有可行性界仅约 14%/13.5%。	论文动机是 runtime trigger，但既没有稳定的分类端点，也没有测量触发后的实际策略、损失改善或成本。因而 deployment value 仍完全假设化。	冻结并执行实际 fallback policy，包括阈值、可用精度层、额外计算/延迟和 damage endpoint；在标签分辨率足够的独立 cells 上结算完整 gate，而不是只报 AUROC 半边。	完整 gate 在未参与调参的 cells 上同时达到预先规定的 ranking 与 damage-gain 条件，并相对 depth/static fallback 给出配对改善和成本。	fallback forward、系统成本和独立 gate settlement。	high	high
P7	R1	P7-R1-06	minor	clarity	PDF 第 5-8 页 Limitations 与第 7、11 页 Tables 2-3	C4-C12、F、E 等大量编号限制与多层 provenance 字段挤入主文；页面渲染显示第 6-8 页文字和表格密度显著高于其余部分。	重要边界虽完整，却掩盖了核心因果链，且增加版本不一致不易被发现的风险。	主文只保留决定分数的三项限制（非独立层、深度混杂、仅 2 cells），其余审计字段移至结构化附录，并增加一张 canonical result table。	读者可仅凭摘要、Figure 1、一个主结果表和三段限制准确复述唯一主张与失败门槛。	无需新实验，仅需结构重写。	medium	high
P7	R2	P7-R2-001	major	technical_soundness,experimental_rigor,limitations_responsible_claims	第3页§2.4、第5页§4限制C4-C5、第7页表2、第8页限制C10-C12	主要推断只有一个检查点中按固定规则选出的 12 层，作者明确写明这些层既不独立也不可交换，却仍报告 Fisher-z CI、重采样层的 percentile CI、层置换 p 和 P(ρ>0)约0.998，并以此称 4B 方向对噪声和 prompt bootstrap 稳健。	这些推断程序的抽样单位假设与实际单位冲突。它们最多描述对特定有限层集合进行人为重加权/扰动后的数值稳定性，不能量化模型总体、层总体或检查点总体的不确定性，也不能把一个探索性点相关升级为统计支持。	把所有层重采样结果明确降格为有限集合敏感性分析，不赋予覆盖率或概率含义；要作统计推断，需要跨独立检查点/训练种子/域采样，或给出尊重层相关结构的层级模型与足够独立单元。	用预先规定的多个独立模型或检查点作为最高层抽样单位，模型内保留完整层向量，进行 cluster/model-level 推断；检查 4B 方向能否跨独立单元重现。	独立检查点/种子/域的完整逐层测量，或有可辩护相关结构的层级推断。	high	high
P7	R2	P7-R2-002	major	technical_soundness,experimental_rigor,significance	第3页§2.3、第4页表1与§3.2、第5-6页图2-3、第8页限制E	固定 probe 规则在最深十等分中放入4/12个层；4B turnover 与深度 ρ=0.909，turnover 与损伤的 raw ρ=0.559，而偏相关区间宽且跨零。将所测层重加权后相关降至0.401，未测层没有 outcome。	当前样本设计主动制造了深层过采样，并且 turnover 与深度近共线；因此无法判断候选信号是否提供超越层索引的独立信息，也无法外推到未探测层。这个不确定性直接限制论文的预测器贡献。	至少在一个模型上执行全层单块量化，或在测量前冻结深度均衡的探测设计；比较 turnover、depth、权重/曲率敏感性等基线的交叉验证排序性能。	在未参与拟合的层/检查点上比较 turnover 与 depth 的 rank loss、AUROC或 top-k damage recall，并用模型级重复检验增量性能；预先规定标签和噪声容忍区。	全层或深度均衡 outcome、独立检查点以及预注册基线比较。	high	high
P7	R2	P7-R2-003	major	technical_soundness,clarity,reproducibility	第4页§3.1、第7页表2 Panel B及其后正文、第11页附录表3与方法敏感性注释	主 masked 表2给 Δz=+0.513、八个 seed-envelope 下界范围[-0.88,-0.78]、上界范围[+2.06,+2.17]且0/8排除零；紧随其后的正文却写 Δz约+0.79、下界“grazes zero”。附录表3又给0.794，并把若干 Fisher/Bootstrap/LOO 数值列为未明确标识的旧口径，与主 masked 梯子不一致。	读者无法确定哪一组是当前主分析、何谓一个置信区间的“lower-edge range”，也无法把估计值与区间对应。该混杂影响跨载体异质性、稳健性和附录重建。	建立唯一的 canonical masked 结果表，逐行给 estimator、标签版本、随机种子、点估计和单一可解释区间；把所有历史未遮罩值移入明确标记的审计表，并删除正文旧数字。	自动从 canonical JSON 生成正文、表2和附录，执行一致性断言：同一标签口径的点估计/CI/LOO在全稿完全相同，估计值和区间含义可解析。	单一冻结 masked 结果工件及自动化数值一致性报告。	high	high
P7	R2	P7-R2-004	major	technical_soundness,experimental_rigor,reproducibility	第7页表2 Panel A/B重建说明、第8页限制C12、第5页§3.3	三次决定性运行在全部字段上位级相同，但 C12 又从“五臂重测”的近零层 spread 构造 outcome-noise envelope；论文未在自包含方法中说明五臂是什么、每层独立重复数、噪声是否同分布/相关，或为何可将该 spread 独立施加到每个 δ。超过一半4B层的|δ|不超过一个该噪声宽度。	P(ρ>0)约0.998 是支持4B“稳健方向”的主要依据，但其概率完全依赖所选人为噪声模型。若层间噪声相关、异方差或近零偏差来自系统误差，该模拟会严重高估稳定性。	完整定义噪声来源和生成模型，报告逐层独立重复；优先用真实重复测量而非合成包络，并保留层间协方差。prompt bootstrap 也应解释64个单模板句子的抽样总体。	在新的独立 prompt 集和独立量化前向上重复每层 outcome，多层联合重算 ρ；将真实重复分布与当前包络的分位数和符号稳定性比较。	逐层重复 outcome、prompt 级 predictor 值、协方差估计和噪声模型代码。	high	medium
P7	R2	P7-R2-005	minor	clarity,limitations_responsible_claims	第2页图1图注与第1、3、8-9页正文	图1图注把 Qwen3-1.7B 称为“a null relation”，而摘要、表1和限制C12更准确地称其为弱且区间无信息、P(ρ>0)约0.59。	未能拒绝或区间宽并不等于确认零关系；图示的简化措辞与论文其他部分的负责任表述不一致。	统一改为“weak and unresolved/uninformative”，避免使用 null 作为已建立结果。	全文搜索 null/kill/absent，确保都与预注册 band 或统计证据的实际含义一致。	修订后的统一术语。	low	high
P7	R3	P7-R3-01	major	experimental_rigor,technical_soundness,limitations_responsible_claims	第2–8页，§2.3–3.3，表1–2，限制C4、C9、C10、C12、E	每个模型只有一个 checkpoint，单位是同一网络中的11或12个相互依赖 block；规则只探测28/36个 block 中的一部分，并故意在最深 decile 过采样。三次主机重放 max |Δ|=0，因此跨运行有效样本仍为1。	block 不是独立、可交换的总体样本，常规 Fisher SE、block bootstrap、置换和 LOO 不能支持关于 checkpoint 或模型总体的推断。选样偏差还使已测层上的相关不能外推到未测层；对已测点重加权无法恢复未观测结果。	至少测量每个 checkpoint 的全部 block 或使用事前定义的均匀/随机层样本，并在多个独立 checkpoint、模型 family 和 prompt domain 上复制；把 checkpoint/domain 作为高层单位做分层或置换推断，block 只作为嵌套观测。	在预注册的多 checkpoint 分层分析中，turnover 的增量关联方向在 checkpoint 级重复，且层抽样方案不偏向深层；checkpoint 级置信区间或置换检验支持非零/有用效应，而非仅 block-resampling 区间。	全层结果、多个独立 checkpoint/domain 的原始逐层数据、事前层采样规则与分层统计分析。	high	high
P7	R3	P7-R3-02	major	technical_soundness,experimental_rigor,significance	第3–8页，表1–2、§3.1–3.2、图2–3、限制C5/C12/E	4B masked ρ=0.559，但 turnover-depth ρ=0.909；Fisher CI [-0.060,0.868] 和 percentile bootstrap [-0.118,0.928] 都跨零。masked partial 为0.266与0.006，附录区间分别[-0.49,0.66]与[-0.15,0.88]。深度重加权把主相关降到0.401。	当前数据既不能证明主相关超出抽样不确定性，也不能区分 turnover 与几乎共线的深度。P(ρ>0)≈0.998 的噪声扰动只检验在固定已测点周围加入指定噪声后符号是否稳定，不处理层选择、深度混杂或 checkpoint 总体不确定性，不能升级为确认性证据。	在深度覆盖均匀的全层/预注册样本和多个 checkpoint 上，把 turnover 与 depth、权重/激活幅度、Hessian/量化误差等竞争预测量纳入预先规定的增量模型；用 held-out layers/checkpoints 或嵌套交叉验证比较 rank 预测。	在 checkpoint 级 hold-out 上，加入 turnover 后相对仅深度基线的预注册 AUROC、rank correlation 或损失显著且稳定改善，并在删除 dominant block、不同 domain/quantizer 后保持方向。	独立 checkpoint 的全层竞争基线矩阵、预注册增量模型与外样本预测结果。	high	high
P7	R3	P7-R3-03	major	reproducibility,clarity,experimental_rigor	第7页表2与第10–12页附录表3–4；§3.1及限制C5/C8/C11	主表2明确把 masked 4B Fisher CI、bootstrap、LOO 和 Δz 报为[-0.060,0.868]、[-0.118,0.928]、[0.427,0.718]、0.513；附录表3却给出[0.031,0.871]、[-0.085,0.921]、[0.473,0.709]、0.794，未将这些行标成 unmasked/superseded。正文限制C8又把 Δz=0.79 指向表2，和表2的0.513冲突。	这些不是舍入差，而是不同 label/分析版本。版本混杂改变是否排除零、LOO范围和跨载体差值，直接阻碍读者识别主分析，也使“所有 headline 数字均为 masked”无法从 PDF 内部核验。	建立单一数值来源，逐行标注 masked primary 与 unmasked historical；删除或更正所有 stale 数值和错误交叉引用，并增加一张从原始 payload SHA 到最终表格行的版本映射。	自动一致性检查断言摘要、表1、表2、附录表3–4、图注与结论中的每个主数值都由同一 masked JSON 生成；旧数值只能出现在明确的 superseded 栏并可追踪到不同 SHA。	单源生成脚本、完整 SHA、字段级 provenance map 和修订后 PDF 的数值一致性报告。	high	high
P7	R3	P7-R3-04	major	experimental_rigor,significance,reproducibility	第1、6、8、12页，摘要、限制C7/F/C12、附录表4	预注册规则覆盖2 carriers×2 quantizers×2 shifts 共8 cells，但只运行一个量化器和一个 shift 的2 cells。AUROC 的4B值0.800可因一次标签翻转跨越0.639–0.889，1.7B为0.567；要求≥30% damage gain 的 fallback forward 完全未运行，仅给出约14%的可行性上界。	注册的触发器证书既未完成 cell family，也未测其部署动作，因而无法回答候选是否通过或失败。选择性完成2/8 cells 还使相关阈值分类只能是探索性读数，不能作为预注册验证。	在不查看新增结果的前提下冻结修订版协议，完成全部 cells 或给出事前、与结果无关的停止规则；提高 layer/label 分辨率，并实际运行定义清楚的 fallback baseline 与 gain 测量。	所有预注册 cells 和两个门条件均有可审计输出，family-level 判定可在标签扰动和噪声界下稳定复现；未执行 cell 不再被投影值替代。	完整8-cell payload、fallback forward、预注册时间戳和稳定性/错误率分析。	high	high
P7	R3	P7-R3-05	minor	limitations_responsible_claims,clarity,reproducibility	第2–3页§2.3及第8页限制C11	配置名 wikitext/gsm8k 实际各指64条单模板生成的叙事/算术句子，并非 WikiText-2/GSM8K；每族只有一种低多样性模板，真实流量复现未测。	虽然正文已披露，但名称容易造成数据集级覆盖的错觉；模板特征可能同时驱动激活尾部和 PPL 损伤，限制对真实 calibration-to-deployment shift 的解释。	在所有图表、配置说明和摘要中使用 templated-narrative/templated-arithmetic 名称，并加入多模板、真实语料与交叉 domain 的复验。	读者无需查限制即可准确识别数据来源；候选信号在预注册的多个真实/模板 domain 配对上报告独立结果。	完整提示生成器、去重统计、多 domain 原始结果。	medium	high
S1	R1	S1-R1-01	major	technical_soundness,experimental_rigor,significance	PDF 第 1-2 页摘要/贡献、第 5-7 页 §5.2-5.3，以及第 10-11 页 Appendix A.1-A.2/Table 5	核心结果只有三个 native aggregate 与三个单次 recovered aggregate；per-item predictions 未保留，无法得到 checkpoint 间协方差、paired tests 或 max-min joint interval。0.52 pp 只是单 checkpoint marginal binomial SE，且没有 recovery training-run variance。	从 2.675 到 0.118 的点估计变化不等于 underlying support differences 被 recovery 压缩。range 是选择统计量，可能受评估噪声、协方差和单次训练随机性强烈影响；没有不确定性就无法判断观察是否超出噪声。	重新评估并保存每 item 预测，使用配对 bootstrap/多任务 joint procedure 为 pre/post range 和所有 support contrasts 给出区间；每个 support 还需多个独立 recovery seed。	预注册的 joint interval 显示 post-recovery range 相对 pre-recovery 有实质收缩，且该结论在独立 recovery seeds 上复现；同时报告失败或 rank flip。	逐 item predictions、多个 recovery seed、joint range/contrast analysis。	high	high
S1	R1	S1-R1-02	major	technical_soundness,significance,limitations_responsible_claims,reproducibility	PDF 第 1-2 页、 第 4-5 页 §4.3-5.1/Table 1，以及第 14-15 页 Appendix C.4-C.5	所有 SparseForge/625M recovered 评估均保持 rank-16 SLoRB branch live；frozen finalizer 没有把 BP fold 入权重，也没有 fold 后再做 exact 2:4 projection，甚至 groupwise sum=2 assertion 尚未接入 validator。	有效推理模型包含一个稠密低秩支路，因而不是论文标题容易让人理解的原生、可部署 exact-2:4 模型。support compression 可能由额外稠密容量吸收差异，而不是 2:4 support 本身变得不重要。	完成 branch fold、exact-2:4 reprojection、逐组验证和 pre/post-export 质量/支持变化测量；同时报告额外分支的参数、FLOPs、内存和延迟。	导出模型在每个 group 上严格保留 2/4，推理不再调用 SLoRB branch，且三个 support 的 post-export range 与绝对质量在预先规定容差内保留。	可下载 export、自动 group assertion、pre/post metrics 与系统成本。	high	high
S1	R1	S1-R1-03	major	novelty,significance,experimental_rigor	PDF 第 1-4 页 §1-4 与第 7 页 §6 Budget and mechanism scope	论文用大量篇幅描述 curvature score、continuous mask、annealing、quenching 和 SLoRB，但明确说三者从未在 matched budget 下隔离，fixed-support recovery launcher 甚至设置 change_mask=False；没有有效的 625M SparseForge matched-budget endpoint。	因此不能把任何增益或 range compression 归因于 SparseForge 算法组件，也无法判断其相对 AST/CAST 或简单 fixed-mask healing 的新颖贡献。方法章节成为未验证背景，而非论文证据。	要么执行 matched-budget component ablations 与强基线，要么删除/大幅压缩 SparseForge 方法主线，把投稿明确改为固定 support recovery 的测量说明。	每个核心机制至少有一个同 token、同数据、同 branch 容量的消融，且主张只覆盖显著/稳定的差异；若不运行，标题、摘要和结论不得暗示算法贡献。	matched-budget SparseForge endpoint、component ablations 与重复 seed。	high	high
S1	R1	S1-R1-04	major	reproducibility,citation_integrity,limitations_responsible_claims,significance	PDF 第 4-7 页 §5.1-5.4/Table 1-2/Figure 2 与第 15-16 页 Appendix C.6-C.7	5B headline checkpoint、args.json 和 recovery-corpus tokenization 位于不可访问 archive host；此前 corpus 归因互相冲突而被撤回。RTE 注册值 49.82% 低于 majority baseline，原因未通过 prompt/label ablation 解析；不存在该 checkpoint 的 exact-2:4 export。	该比较不可独立复现，数据治理和许可无法审计，且一个极端任务退化会显著影响 aggregate。即使作为 supporting context，它也降低论文可信度并模糊中央 625M 观察。	在可访问、来源清楚的 corpus 上重新训练/评估可导出的 checkpoint，或从科学证据与 headline tables 中删除不可验证的 5B 结果，仅保留为非证据历史记录。	匿名审稿人可下载 checkpoint、manifest 与 corpus provenance，复算九任务和 export；RTE 异常有预注册诊断。若做不到，主文不再使用该行作任何比较。	可访问 checkpoint/manifest、数据许可证与来源、RTE 重跑、exact export。	high	high
S1	R1	S1-R1-05	major	novelty,significance	PDF 第 2 页 §2 Related Work 与第 1-2 页贡献陈述	论文声称现有比较没有固定并标注多个 native supports、施加同一 recovery recipe 再测 cross-support spread，但只提供单模型、三 support、单次 archived endpoints，且没有统计解析。	即便该表格组合在 PDF 引用中未出现，单个未解析观察也难以形成新的普遍知识。新颖性不能仅以“此前没有完全相同表格”成立，还需说明它改变了何种方法选择或理论理解。	把 closest-work 比较扩展为支持选择×恢复策略矩阵，并通过多模型/多预算实验说明何时 support identity 会或不会被 recovery 吸收；明确可证伪的决策含义。	至少两个模型/预算上复现预先定义的 compression pattern，或发现并解释反例；相关工作逐项说明与 AST/CAST/MaskLLM/固定 mask healing 的差异。	经核验的 closest-work matrix 和跨设置实证。	high	medium
S1	R1	S1-R1-06	minor	technical_soundness,clarity	PDF 第 11-12 页 Appendix A.2，Conjecture (C1)	稿件引入未拟合的 attractor ϕ_s、transient g_s(T) 和 recovery-invariant subspace，并仅能证明 range 的极限是 intercept range；没有多时间点、多 seed 或 intercept 估计支持“iff” conjecture。	这一段不能解释当前单一 T 的三个点，反而给描述性结果附加未经验证的机制语言，并显著增加篇幅与认知负担。	删除该 conjecture，或把它转为有独立数据和可证伪预测的正式模型。	若保留，至少三个恢复预算上的 trajectory 能估计 ϕ_s/g_s(T)，并预先检验 shared-attractor 与 distinct-intercept 假设；否则全文不使用 recovery-invariant-subspace 术语。	多预算恢复轨迹和模型检验；当前证据不足。	medium	high
S1	R1	S1-R1-07	minor	clarity	PDF 第 2 页 Figure 1 与第 13-15 页 Appendix C	Figure 1 caption 自己承认 in-figure annotations 低于正文尺度；页面渲染中这些标签确实难以在单栏打印尺寸阅读。附录算法细节又占据大量版面，而核心统计证据很少。	视觉层级强化了一个未验证 pipeline，而弱化真正的 archived measurement，影响论文身份与可读性。	简化 Figure 1、提高所有标签字号，并把未用于解释结果的实现细节移至工件文档。	在 100% 单栏打印尺寸下所有关键标签可读，且主文篇幅主要服务于核心 estimand、证据和不确定性。	无需新实验，仅需版式与结构修订。	low	high
S1	R2	S1-R2-001	critical	technical_soundness,experimental_rigor,reproducibility	第5页表1及§5.2、第10-11页附录A.2表5	表1明确说 ALPS 和 ELSA 原生行是三种子均值，ProxSparse 是 official 单点；恢复后每个支持只有一个625M端点。表5直接把这些异质聚合的 native 数值与单个 recovered 数值并列，却没有给出每条恢复运行的精确起点 checkpoint、mask 哈希或逐运行 before 值。	若恢复行并非从表5所列的精确原生端点开始，2.675→0.118不是同三个实验单位的配对range变化，可能由种子平均、起点选择或支持实例差异造成。该缺口直接决定论文唯一的 load-bearing 结论是否成立。	为每个支持提供同一 mask/weight 实例的0-token和625M配对评测、不可变哈希与运行映射；更理想的是对多个独立支持/训练种子执行匹配恢复，并把支持和训练随机性分层。	逐支持从已哈希的0-token起点启动冻结625M流程，保存 pre/post 逐项预测；核对三条恢复的起点值确实形成报告的 native range，并在独立种子上重复 range 收缩。	逐运行起点/终点哈希、支持映射、0-token同实例评测和多种子恢复记录。	high	high
S1	R2	S1-R2-002	major	technical_soundness,experimental_rigor,limitations_responsible_claims	第1-2页摘要与贡献、第5页§5.2、第7页局限、第10-11页附录A.1-A.2	0.118范围只有三个归档端点；没有训练重复、逐项预测或支持间联合协方差。0.52是单个固定检查点的边际二项标准误，不是两个检查点差异或max-min选择后的不确定性。论文虽反复披露这一点，标题、摘要和中心段落仍突出“低于0.52噪声尺度”。	在联合不确定性未知时，小于边际SE既不能说明残余差异不可分，也不能证明恢复真正压缩了潜在支持效应；它只是对三组有抽样误差点估计的描述。没有训练方差时，收缩也可能不稳定。	获取逐项预测并对预先定义的range或支持对比做配对联合推断；增加多个独立恢复种子，把评价抽样和训练方差分开。若无法取得，应删除噪声尺度比较，只保留三点算术事实。	对每个种子用相同评价项目计算支持间配对差，进行层级/多重比较校正的联合 bootstrap 或预注册等价检验；报告range收缩在种子间的区间。	逐项预测、独立训练种子和预定义联合推断协议。	high	high
S1	R2	S1-R2-003	major	significance,technical_soundness,reproducibility,limitations_responsible_claims	第1页§1、第4-5页§4.3-5.1与表1标题、第7页局限、第13-15页附录C.1-C.5	所有 SparseForge/恢复评测都保留 rank-16 SLoRB 分支参与推理；冻结 finalizer 不把 BP 折叠进权重，也未执行fold后的2:4重投影、组和断言或pre/post-export质量检查。论文没有对应检查点的吞吐/内存测量。	训练状态的稀疏基权重加稠密低秩分支不等同于已部署的原生 exact-2:4模型。支持差异可能正被共同分支补偿，且折叠/重投影可能改变支持、质量和系统收益，因此当前证据不能回答部署层面的半结构化稀疏化问题。	实现并冻结 SLoRB fold→exact-2:4 reprojection，加入逐组2/4断言，报告分支活跃、折叠前、折叠后三种状态的 AVG-9/PPL、支持变化、吞吐和内存。	对每个恢复支持执行 EXT-M3，逐层验证每组恰有两个非零，比较导出前后逐项预测与质量，并在目标GPU上测量系统指标。	可用权重/分支参数、导出器、支持验证日志、pre/post-export评测和系统基准。	high	high
S1	R2	S1-R2-004	major	technical_soundness,experimental_rigor	第10页附录A.1行524-534、第11页表4	SparseForge与AST在同一任务的同一评价项目上预测，天然是配对数据；因逐项日志丢失，论文改用两个独立二项比例的未合并 z 检验，并据此报告四个未校正显著、两个Holm显著。	同项目预测的协方差未知，独立比例方差假设没有依据。仅凭两个边际正确数无法唯一确定McNemar方差，因此表4的p值不是当前设计下有效的配对推断，可能过保守也可能反保守。	删除这些显著性结论，或明确标为假设独立的描述性近似并给出在所有可行discordance计数下的敏感性界；最终应重新保存逐项预测并使用McNemar/配对bootstrap。	枚举与两个边际计数一致的可行(b,c)，展示p值范围；在新评测中用真实discordant pair重算并比较表4结论。	逐项预测或基于可行配对表的严格界。	medium	high
S1	R2	S1-R2-005	major	reproducibility,citation_integrity,limitations_responsible_claims	第4-7页§5.1-6、第15-16页附录C.6-C.7与D-E	5B headline checkpoint、args.json、恢复语料tokenization和分支参数都在不可访问主机上，本地无副本；早期语料归因互相冲突后被撤销。lm-eval只给下限版本，历史跨家族和系统结果缺失完整套件/检查点映射。	5B对AST的比较、语料归因和任何导出复现都无法独立审计。虽然被降为背景，它仍占据表1、图2和大量论述，并可能误导读者把不可重现归档点当作方法证据。未知语料还带来许可和数据治理不确定性。	移除无法核验的5B/历史结果出中心叙事，或恢复完整匿名权重、manifest、精确软件环境、语料来源和运行映射；重新执行可访问的匹配实验。	第三方从匿名包定位所有输入，重建5B评测与导出；核对语料许可/来源、checkpoint哈希和表1/图2数值。无法通过则只保留为非证据历史注记。	可访问检查点、语料manifest、许可信息、精确环境锁和端到端重现。	high	high
S1	R2	S1-R2-006	minor	clarity,technical_soundness	第11-12页附录A.2的Conjecture (C1)	所谓猜想先假设每个支持收敛到φ_s且瞬态g_s(T)趋零，再得到range趋向φ_s的range；随后关于“recovery-invariant subspace”的iff陈述没有定义可检验变换、没有证明，也没有由三端点数据识别任何φ_s。	目前可证明部分近乎由假设直接得到，其余部分不可证伪，不能解释已观察的有限预算压缩，反而模糊了论文仅有的描述性结论。	删除该猜想，或给出形式化定义、非平凡命题与证明，并设计多预算轨迹来估计/反驳不同支持的渐近截距。	在至少三个预注册恢复预算和多个种子上拟合预先规定的收敛模型，检验共享/不同截距预测；同时对命题进行形式证明或给出反例边界。	多预算配对轨迹、可识别模型和完整证明。	low	high
S1	R3	S1-R3-01	critical	technical_soundness,experimental_rigor,reproducibility	第5页表1与§5.2；第11页表5；第13页表6	表1明确称 ALPS 与 ELSA native 行为三 seed 均值，ProxSparse 为 official 单点；表5却把这三个 native 聚合值与三个 recovered 端点并列为“fixed supports”的0-token/625M前后结果。表6只给625M arm 的 base seed 0，PDF 没有逐 recovered 行到某个确切 native mask/checkpoint/seed 的映射。	如果 before 是跨 seed 方法均值，而 after 是单个固定 mask 的恢复结果，那么2.675→0.118不是同一三个实验单位的配对前后变化，中心的“identical recovery compresses fixed-support spread”解释就不成立。即使数字抄录无误，也可能混合方法均值、support 选择和恢复随机性。	为每个 recovered 行提供同一初始模型、确切 mask/support SHA 和 seed 的 native before 值，再从该 checkpoint 用完全相同恢复协议得到 after；至少跨多个独立恢复 seeds 重复。若无法恢复映射，应删除配对压缩措辞，只报告两组不可配对的历史横截面范围。	匿名工件中每个 support 都有唯一 before checkpoint/mask digest、after digest、恢复配置和日志；脚本逐 pair 重算范围，且在预注册的多 seed 分层分析中恢复后的范围收缩稳定出现。	逐 support/seed 的 checkpoint 与 mask SHA、before/after per-task predictions、恢复日志和多 seed 重复。	high	high
S1	R3	S1-R3-02	major	experimental_rigor,technical_soundness,limitations_responsible_claims	第1、5–7、10–11页，摘要、§5.2–5.3、附录A.1–A.2、表3–5	中心结果只有三个 recovered 聚合点，无 per-item predictions、无训练重复、无 joint max-minus-min 区间。0.118 pp 被与单 checkpoint AVG-9 的0.52 pp边际二项 SE 比较；作者承认该 SE 不是 pairwise/joint 界，也拒绝给 compression ratio 或等价结论。	range 是经最大/最小选择后的联合统计量，受评测协方差、任务加权和训练方差共同影响；边际 SE 不能说明0.118是否可分辨或2.675→0.118是否超出随机变化。当前证据只支持算术记录，无法支持恢复使 supports 收敛的经验规律。	重新评测并保留逐 item 预测，对每个 support/seed 使用相同任务样本；以 seed 为高层单位，用 paired item bootstrap 或层次 bootstrap 估计每个差值和 max-minus-min 范围的联合区间，并预先定义等价/实质收缩标准。	预注册的多 seed paired 分析表明 after-range 相对 before-range 的收缩区间排除零或达到事前实质门槛，且结论对任务加权、leave-one-task-out 和 multiple comparisons 稳定。	逐 item correctness、逐 seed checkpoint、paired/joint bootstrap 和预设 equivalence/compression estimand。	high	high
S1	R3	S1-R3-03	major	significance,experimental_rigor,reproducibility	第1、4–7、13–16页，图1、§4.3、§5.1、限制、附录C.4–C.7	所有 SparseForge 与625M recovery 数字都在 rank-16 SLoRB 分支活跃时评测；finalizer 不把 BP fold 入 W，也未做 fold 后2:4 reprojection、每组sum=2验证、pre/post quality 或对应 checkpoint 的吞吐。现有 validator 只检查全局稀疏度/重叠。	活跃低秩分支改变推理结构、容量、内存与速度，也可能吸收不同 support 的误差并人为压缩 cross-support spread。因而当前结果不是可部署 exact-2:4 模型的质量或系统结果，方法标题和大量 pipeline 讨论缺少执行终点。	对每个已研究 support 实现并冻结 BP fold→exact-2:4 reprojection→groupwise assertion 的导出；在同一导出上重跑 PPL、AVG-9、support-change、内存与吞吐，并加入禁用/等容量 SLoRB 控制。	每个导出逐组恰有2个非零，SLoRB 分支被移除；pre/post-export 的质量变化有配对区间，实际目标硬件吞吐来自同一 checkpoint digest；范围压缩在无活跃分支的导出上仍存在。	导出代码、groupwise 验证日志、同一 digest 的质量/系统结果及 SLoRB 消融。	high	high
S1	R3	S1-R3-04	major	reproducibility,citation_integrity,limitations_responsible_claims	第4–7页表1–2、图2、§5.1–5.4；第15–16页附录C.6–C.7、D–E	5B headline checkpoint、args.json 和恢复语料均位于不可访问主机；早期材料对语料归属相互冲突并已撤回。RTE 曾有69.82与注册49.82两个日志值，当前选择49.82主要依据整数分母可表示与同一行 WinoGrande=69.85 的近似。旧吞吐和 cross-family suite 的 checkpoint/套件身份也不可核验。	这些历史点无法独立确认来自所述 checkpoint、代码或语料，RTE 冲突又显著改变任务行为和聚合。即使被称为背景，它们占据主要表图并影响对方法质量的印象，超出可审计证据。未知语料还带来数据治理与污染风险。	若不能恢复 checkpoint、manifest、原始 predictions、完整日志与 digest，应从证据性表图中删除5B/旧吞吐/cross-family 数字，只在历史局限中简述；若恢复，则按同一冻结 harness 重评并公开可审计 provenance。	独立审计可从 checkpoint digest、args、语料 manifest 和 evaluator outputs 重建每个单元；RTE 原始逐 item 输出唯一支持一个值，且所有系统数字绑定同一导出 digest。	可访问的 checkpoint、完整训练/语料 manifest、逐 item predictions、harness 日志和硬件 benchmark provenance。	high	high
S1	R3	S1-R3-05	major	novelty,significance,experimental_rigor	第1–4页§1、§3–4；第7页限制；第11页猜想C1	曲率分数、软硬退火、mask track 与 SLoRB 从未在匹配 token/数据/seed 预算下分别消融；没有有效的625M SparseForge endpoint。附录C1的 asymptotic-intercept 仅为未验证猜想，论文自己称唯一可证明步骤只是范围极限的恒等式。	无法把任何质量、范围压缩或系统性质归因于 SparseForge 的新机制；大量方法描述因此没有对应实验证据，当前工作也不能与 AST/CAST/固定支持恢复做公平方法比较。	在同一恢复数据、token、优化器、SLoRB 容量、初始 checkpoint 与多 seeds 下运行曲率/随机/幅度分数、无退火、固定 mask、无 SLoRB、AST/CAST 等消融；把猜想移至清晰标注的展望，除非有可证条件与实证轨迹支持。	预注册的 factorial/最小消融能对每个主组件给出配对增量与不确定性，并在 deployable export 上复现；未被支持的机制语言被删除。	匹配预算多 seed 消融、训练轨迹、组件交互分析和导出后结果。	high	high
S1	R3	S1-R3-06	minor	clarity	第2页图1及全文结构	图1图内标注明确小于正文且在单栏尺寸下难读；16页中核心结果只占表5附近少量内容，其余混合方法背景、历史不可验证结果、统计附录、代码规范与开放猜想。	过量背景降低了主张层级的可见性，并可能让读者误把未执行的 pipeline/export 与已验证贡献混为一谈。	把正文压缩为可审计的三 support 测量、统计边界与必要实现说明；将不可验证历史记录和代码级规范移至补充材料，重绘图1以正常印刷字号标注 executed versus planned。	正文每个主图表都直接支持一个已执行主张，图内最小字号与正文可读，planned/archived/unverified 状态一眼可区分。	重构后的稿件与印刷尺寸视觉检查。	low	high
